C:\Users\dcurran\Local\Pierre Fabre OAB\Dashboards\Baseline\Accuracy check 08092026\,v01.01.01.04 - 04/09/26,Emis Web,,,,,,,,,,,,,,,,,,,,,,,,,,,,,,,,,,,,,,,,,,,,,,,,,,,,,,,,,,,,,,,,,,,,,,,,,,,,,,,,,,,,,,,,,,,,,,,,,,,,,,,,,,,,,,,,,,,,,,,,,,,,,,,,,,,,,,,,,,,,,,,,,,,,,,,,,,,,,,,,,,,,,,,,,,,,,,,,,,,,,,,,,,,,,,,,,,,,,,,,,,,,,,,,,,,,,,,,,,,,,,,,,,,,,,,,,,,,,,,,,,,,,,,,,,,,,,,,,,,,,,,,,,,,,,,,,,,,,,,,,,,,,,,,,,,,,,,,,,,,,,,,,,,,,,,,,,,,,,,,,,,,,,,,,,,,,,,,,,,,,,,,,,,,,,,,,,,,,,,,,,,,,,,,,,,,,,,,,,,,,,,,,,,,,,,,,,,,,,,,,,,,,,,,,,,,,,,,,,,,,,,,,,,,,,,,,,,,,,,,,,,,,,,,,,,,,,,,,,,,,,,,,,,,,,,,,,
,,166,ID,Age in years,Gender,Ethnic Origin,Latest Dementia - code term,Latest Dementia - date,Latest Housebound  - code term,Latest Housebound - date,Latest Care Home - code term,Latest Care Home - date,Latest Palliative - code term,Latest Palliative - date,Haematuria - Code Term,Haematuria - Date,Active Cancer - Code Term,Active Cancer - Date,Spinal Cord Injury - Code Term,Spinal Cord Injury - Date,Neurogenic Bladder - Code Term,Neurogenic Bladder - Date,Bladder Obstruction - Code Term,Bladder Obstruction - Date,Urinary Retention - Code Term,Urinary Retention - Date,Glaucoma - Code Term,Glaucoma - Date,Constipation - Code Term,Constipation - Date,Dry Mouth - Code Term,Dry Mouth - Date,Cognitive Impairment - Code Term,Cognitive Impairment - Date,Tachycardia / Palpitations - Code Term,Tachycardia / Palpitations - Date,Dizziness - Code Term,Dizziness - Date,Drowsiness - Code Term,Drowsiness - Date,Incontinence - Code Term,Incontinence - Date,Overactive Bladder - Earliest - Code Term,Overactive Bladder - Earliest - Date,Overactive Bladder - Latest - Code Term,Overactive Bladder - Latest - Date,Faecal Incontinence - Code Term,Faecal Incontinence - Date,Pelvic Floor Dysfunction - Code Term,Pelvic Floor Dysfunction - Date,Pelvic Floor Advice - Code Term,Pelvic Floor Advice - Date,Bladder Diary - Code Term,Bladder Diary - Date,Pregnancy - Code Term,Pregnancy - Date,Recurrent UTI - Code Term,Recurrent UTI - Date,Multiple Sclerosis - Code Term,Multiple Sclerosis - Date,Parkinson's Disease - Code Term,Parkinson's Disease - Date,Disorder of prostate inc BPH - Code Term,Disorder of prostate inc BPH - Date,Bladder/Kidney/Pelvic Cancer - Code Term,Bladder/Kidney/Pelvic Cancer - Date,Urology clinic - Code Term,Urology clinic - Date,Urological Surgery - Code Term,Urological Surgery - Date,Gynaecology Clinic/Referrals - Code Term,Gynaecology Clinic/Referrals - Date,Diabetes - Code Term,Diabetes - Date,AS-CVD - Code Term,AS-CVD - Date,Hypertension - Code Term,Hypertension - Date,Stroke / TIA - Code Term,Stroke / TIA - Date,Atrial Fibrillation - Code Term,Atrial Fibrillation - Date,CHD - Code Term,CHD - Date,Heart Failure - Code Term,Heart Failure - Date,Depression - Code Term,Depression - Date,Crohn's - Code Term,Crohn's - Date,Ulcerative Colitis - Code Term,Ulcerative Colitis - Date,Anxiety - Code Term,Anxiety - Date,Falls - Code Term,Falls - Date,Frailty - Code Term,Frailty - Date,Urgency - Code Term,Urgency - Date,Frequency - Code Term,Frequency - Date,Menopausal Symptoms - Code Term,Menopausal Symptoms - Date,Allergy / Adverse reaction to AM - Code Term,Allergy / Adverse reaction to AM - Date,Allergy / Adverse reaction to Beta-3 Adrenoceptor Agonist - Code Term,Allergy / Adverse reaction to Beta-3 Adrenoceptor Agonist - Date,Cystitis - Code Term,Cystitis - Date,ECG (Latest) - Code Term,ECG (Latest) - Date,ECG (Abnormal) - Code Term,ECG (Abnormal) - Date,Kidney/Bladder Stones - Code Term,Kidney/Bladder Stones - Date,Bladder Transplant - Code Term,Bladder Transplant - Date,Uterine Prolapse - Code Term,Uterine Prolapse - Date,"Current Antimuscarinic - Name, Dosage and Quantity",Current Antimuscarinic - Most Recent Issue Date in Course,Current Antimuscarinic - Linked Problems' Code Term,"Current Beta3 Receptor Agonist - Name, Dosage and Quantity",Current Beta3 Receptor Agonist - Most Recent Issue Date in Course,Current Beta3 Receptor Agonist - Linked Problems' Code Term,"Current 5a-Reductase inhibitors - Name, Dosage and Quantity",Current 5a-Reductase inhibitors - Most Recent Issue Date in Course,Current 5a-Reductase inhibitors - Linked Problems' Code Term,"Current Alphablockers - Name, Dosage and Quantity",Current Alphablockers - Most Recent Issue Date in Course,Current Alphablockers - Linked Problems' Code Term,"Current Other Urologicals - Name, Dosage and Quantity",Current Other Urologicals - Most Recent Issue Date in Course,Current Other Urologicals - Linked Problems' Code Term,"Current SGLT2 - Name, Dosage and Quantity",Current SGLT2 - Most Recent Issue Date in Course,Current SGLT2 - Linked Problems' Code Term,"Current Diuretic - Name, Dosage and Quantity",Current Diuretic - Most Recent Issue Date in Course,Current Diuretic - Linked Problems' Code Term,"Current Urinary Catheters - Name, Dosage and Quantity",Current Urinary Catheters - Most Recent Issue Date in Course,Current Urinary Catheters - Linked Problems' Code Term,"Past Antimuscarinic - Name, Dosage and Quantity",Past Antimuscarinic - Most Recent Issue Date in Course,Past Antimuscarinic - Linked Problems' Code Term,"Past Beta3-receptor agonist - Name, Dosage and Quantity",Past Beta3-receptor agonist - Most Recent Issue Date in Course,Past Beta3-receptor agonist - Linked Problems' Code Term,"Past Alphablockers - Name, Dosage and Quantity",Past Alphablockers - Most Recent Issue Date in Course,Past Alphablockers - Linked Problems' Code Term,"Past 5a-Reductase inhibitors - Name, Dosage and Quantity",Past 5a-Reductase inhibitors - Most Recent Issue Date in Course,Past 5a-Reductase inhibitors - Linked Problems' Code Term,"Past Other Urologicals - Name, Dosage and Quantity",Past Other Urologicals - Most Recent Issue Date in Course,Past Other Urologicals - Linked Problems' Code Term,"ACB1 - Name, Dosage and Quantity",ACB1 - Most Recent Issue Date in Course,"ACB2 - Name, Dosage and Quantity",ACB2 - Most Recent Issue Date in Course,"ACB3 - Name, Dosage and Quantity",ACB3 - Most Recent Issue Date in Course,"ACB3 OAB Med - Name, Dosage and Quantity",ACB3 OAB Med - Most Recent Issue Date in Course,Weight (Latest) - Value,Weight (Latest) - Date,Height (Latest) - Value,Height (Latest) - Date,BMI (Latest) - Value,BMI (Latest) - Date,BP (Latest) - Value,BP (Latest) - Secondary Value,BP (Latest) - Date,GFR (Latest) - Value,GFR (Latest) - Date,Hba1c (Latest) - Value,Hba1c (Latest) - Date,Liver-ALT (Latest) - Code Term,Liver-ALT (Latest) - Value,Liver-ALT (Latest) - Date,Liver-ALP (Latest) - Code Term,Liver-ALP (Latest) - Value,Liver-ALP (Latest) - Date,Liver-AST (Latest) - Code Term,Liver-AST (Latest) - Value,Liver-AST (Latest) - Date,Bilirubin (Latest) - Value,Bilirubin (Latest) - Date,Creatinine (Latest) - Value,Creatinine (Latest) - Date,Potassium (Latest) - Value,Potassium (Latest) - Date,Sodium (Latest) - Value,Sodium (Latest) - Date,Urea (Latest) - Value,Urea (Latest) - Date,Albumin (Latest) - Value,Albumin (Latest) - Date,PSA (Latest) - Value,PSA (Latest) - Date,Alcohol consumption - Code Term,Alcohol consumption - Value,Alcohol consumption - Date,Constipation (For UF),Glaucoma (For UF),Dry mouth (For UF),Dizziness / Drowsiness (For UF),Tachycardia / Palpitations (For UF),Coded Cognitive Impairment / Dementia (For UF),ACB1 - Number of Drugs,ACB1 - details,ACB2 - Number of Drugs,ACB2 - details,ACB3 - Number of Drugs,ACB3 - details,Faecal/double Incontinence (For UF),Bladder and Urinary Tract Pathology (For UF),Pelvic floor dysfunction (For UF),Pelvic floor advice coded (For UF),Bladder diary coded (For UF),Haematuria (For UF),Recurrent UTI codes (For UF),UTI coded count T-12m (For UF),UTI Abx issues T-12m (For UF),Urology related codes (For UF),Urological surgery codes (For UF),Gynaecology related codes (For UF),H/O Pregnancy & Childbirth (For UF),Admission T-12m (For UF),Out of hours activity T-12m (For UF),Emergency Admissions and Out of hours activity T-12m (For UF),Dementia (For UF),Multiple sclerosis (For UF),Parkinson's (For UF),Coded prostate issues (For UF),Menopausal symptoms (For UF),GI Dirorder (For UF),Cystitis (For UF),Diabetes (For UF),Any Cancer (T-5Y) (For UF),Renal / Bladder / Pelvic Cancer (For UF),AS-CVD Diagnosis (For UF),Stroke (For UF),AF (For UF),HF (For UF),CHD (For UF),Hypertension (For UF),Abnormal ECG (For UF),SGLT2i Tx (T-6M) (For UF),Diuretic Tx (T-6M) (For UF),Anxiety (For UF),Depression (For UF),Frailty (For UF),History of Falls (For UF),Urgency (For UF),Incontinence (For UF),Frequency (For UF),Alpha-blocker (T-6M) (For UF),5-a Reductase Inhibitors (T-6M) (for UF),Antimuscarinic therapy (For UF),Beta-3 Adrenoceptor Agonist therapy (For UF),Potential Treatment cautions (Details),Alcohol Consumption (For UF),Current Antimuscarinic treatment (1/0),Current Beta-3 Adrenoceptor Agonist (1/0),Evidence of past OAB treatment (1/0),Cohort (0/1/2/3/4),Date of notes review,Earliest diagnosis code & date (from EMR),Latest diagnosis code & date (from EMR),Diagnosis confirmed on screening,Diagnosis,Current Antimuscarinics OAB Treatment,Current Antimuscarinic OAB Treatment Details,Past Antimuscarinics OAB Treatment,Past Antimuscarinic OAB Treatment Details,Current Beta-3 Adrenoceptor Agonist OAB Treatment,Current Beta-3 Adrenoceptor Agonist OAB Treatment Details,Past Beta-3 Adrenoceptor Agonist OAB Treatment,Past Beta-3 Adrenoceptor Agonist OAB Treatment Details,Any Current ACB 1 Therapy,Any Current ACB 2 Therapy,Any Current ACB 3 Therapy,Preliminary ACB Score,Preliminary ACB score medication details,Potential Treatment Cautions (Y/N),"Potential Treatment Cautions
Details",Antimuscarinic Treatment Contra-indications (Y/N),Antimuscarinic Treatment Contra-indications,Beta-3 Adrenoceptor Agonist Contra-indications (Y/N),Beta-3 Adrenoceptor Agonist Contra-indications,Audit cohort as per clinical protocol,Interface pharmacist comments,Recommendation for further assessment,Action method for further assessment,Authorised for review,Clinic Invite Method,Date of clinic invited to,Time of appointment,Patient contact outcome,Reminder clinic invite method,Date of reminder clinic invite,Encounter Method,Encounter Date,Session (AM/PM),Appointment time,Clinic Comments,Weight - kg,Height - cm,BMI,Weight status,Clinic Smoking Status,Faecal/double Incontinence,Bladder and Urinary Tract Pathology,Pelvic floor dysfunction,Pelvic floor advice coded,Bladder diary coded,Haematuria,Recurrent UTI codes,UTI coded count T-12m,UTI Abx issues T-12m,Urology related codes,Urological surgery codes,Gynaecology related codes,H/O Pregnancy & Childbirth,Emergency Admissions and Out of hours activity T-12m,Dementia,Multiple sclerosis,Parkinson's,Coded prostate issues,Menopausal symptoms,GI Disorder,Cystitis,Diabetes,Any Cancer (T-5Y),Renal / Bladder / Pelvic Cancer,AS-CVD Diagnosis,Stroke,AF,HF,CHD,Hypertension,Latest ECG code,Latest ECG code date,Abnormal ECG,SGLT2i Tx (T-6M),Diuretic Tx (T-6M),Constipation,Glaucoma,Dry mouth,Dizziness / Drowsiness,Tachycardia / Palpitations,Coded Cognitive Impairment / Dementia,Anxiety,Depression,Frailty,History of Falls,PSA,PSA Date,Urgency,Incontinence,Frequency,Urgency Severity Scale score,Alpha-blocker (T-6M),5-a Reductase Inhibitors (T-6M),Antimuscarinic therapy,Beta-3 Adrenoceptor Agonist therapy,Compliance to OAB therapy,Symptoms Status,Latest BP,BP Date,Latest GFR,GFR Date,Latest Sodium,Sodium Date,Latest Potassium,Potassium Date,Latest Urea,Urea Date,Latest Creatinine,Creatinine Date,Liver - ALT,Liver - ALT date,Liver-AST,Liver-AST date,Liver-ALP,Liver-ALP date,Liver-Bilirubin,Liver-Bilirubin date,Liver-Albumin,Liver-Albumin date,HbA1c,HbA1c Date,Polypharmacy?,Number of bladder voids per day,Other causes of OAB symptoms 1,Other causes of OAB symptoms 2,Other causes of OAB symptoms 3,Any side effects from current OAB treatment?,Is your current OAB therapy managing your symptoms?,Final baseline ACB score,Final ACB score medication details,Caution or contraindication present for antimuscarinic OAB treatment?,Caution or contraindication present for non-antimuscarinic OAB treatment?,"Is the patient drinking high volumes
(>2L per day)",Does the patient consume caffinated or fizzy drinks?,Does the patient drink alcohol?,"If the patient drinks alcohol, is this within recommended limits?","Do they consume high amounts of fruit, tomatoes, spicy food or chocolate",POC SBP,POC DBP,POC Pulse,Overall Clinic Intervention,Intervention 1 DRUG CLASS,Intervention 1 TYPE,Intervention 1 CURRENT DRUG,Intervention 1 NEW DRUG,Intervention 1 NEW DOSE,Intervention 1 RATIONALE,Intervention 1 - AUTHORISED,Intervention 1 - Prescription,Intervention 2 DRUG CLASS,Intervention 2 TYPE,Intervention 2 CURRENT DRUG,Intervention 2 NEW DRUG,Intervention 2 NEW DOSE,Intervention 2 RATIONALE,Intervention 2 - AUTHORISED,Intervention 2 - Prescription,Intervention 3 DRUG CLASS,Intervention 3 TYPE,Intervention 3 CURRENT DRUG,Intervention 3 NEW DRUG,Intervention 3 NEW DOSE,Intervention 3 RATIONALE,Intervention 3 - AUTHORISED,Intervention 3 - Prescription,Intervention 4 DRUG CLASS,Intervention 4 TYPE,Intervention 4 CURRENT DRUG,Intervention 4 NEW DRUG,Intervention 4 NEW DOSE,Intervention 4 RATIONALE,Intervention 4 - AUTHORISED,Intervention 4 - Prescription,Intervention 5 DRUG CLASS,Intervention 5 TYPE,Intervention 5 CURRENT DRUG,Intervention 5 NEW DRUG,Intervention 5 NEW DOSE,Intervention 5 RATIONALE,Intervention 5 - AUTHORISED,Intervention 5 - Prescription,Non Medicinal 1,Non Medicinal 2,Non Medicinal 3,Non Medicinal 4,Non Medicinal 5,Non Medicinal 6,Next Action,HCO Follow-up Timeframe (days),Letter to patient,Letter 4 count,Criteria met (1/0),In cohort (0/1),Invitedc (any method) (1/0),Invited with letter (1/0),Patient Screened (1/0),Contact - Seen in Clinic(1/0),Clinic 1 -Total pharm interventions,Clinic 1 - Total Non Med interventions,Any intervention - pharma or non-med (1/0),Current Other (1/0)
Age,Male,Female,47,72,Female,Other ethnic group: Arab - England and Wales ethnic category 2011 census,,,,,,,,,Haematuria,43286,,,,,,,,,,,,,,,,,,,Palpitations,41068,Dizziness,44827,,,,,,,,,,,,,,,,,,,,,,,,,,,Malignant neoplasm of kidney or urinary organs NOS,43370,Seen in urology clinic,46210,,,,,Type 2 diabetes mellitus,44960,,,Essential hypertension,45243,,,,,,,,,,,,,,,Anxiousness - symptom,37391,,,,,,,,,,,,,,,Acute cystitis,42712,ECG,41082,,,,,,,,,Solifenacin 10mg tablets,46255,Medication requested,,,,,,,,,,,,,Dapagliflozin 10mg tablets,46251,,,,,,,,Tolterodine 1mg tablets,45519,,,,,,,,,,,,,,Co-codamol 30mg/500mg capsules,46255,,,,,Solifenacin 10mg tablets,46255,58,46219,156,45945,23.83,46219,128,80,46219,73,46232,45,46232,Serum ALT level,20,46232,Serum alkaline phosphatase,67,46232,,,,9,46232,69,46232,4,46232,139,46232,7.6,46232,44,46232,,,Alcohol units consumed per week,0,45945,,,,Dizziness (23/09/2022),Palpitations (08/06/2012),,1,Co-codamol 30mg/500mg capsules,0,,1,Solifenacin 10mg tablets,,Malignant neoplasm of kidney or urinary organs NOS (27/09/2018),,,,Haematuria (05/07/2018),,0,0,Seen in urology clinic (07/07/2026),,,,0,0,0,,,,,,,Acute cystitis (08/12/2016),Type 2 diabetes mellitus (03/02/2023),,Malignant neoplasm of kidney or urinary organs NOS (27/09/2018),,,,,,Essential hypertension (13/11/2023),,Dapagliflozin 10mg tablets (17/08/2026),,Anxiousness - symptom (15/05/2002),,,,,,,,,"Solifenacin 10mg tablets (21/08/2026)
(Tolterodine 1mg tablets (15/08/2024))",,"Dizziness (23/09/2022)
Palpitations (08/06/2012)
Essential hypertension (13/11/2023)",Alcohol units consumed per week - 0 (15/10/2025),1,0,1,1,46269,,,Y,Overactive Bladder,Y,Solifenacin 10mg tablets (21/08/2026),Y,Tolterodine 1mg tablets (15/08/2024),,,,,Y,,Y,4,"Co-codamol 30mg/500mg capsules
Solifenacin 10mg tablets",Y,"Dizziness (23/09/2022)
Palpitations (08/06/2012)
Essential hypertension (13/11/2023)",,,,,1 - Patients with OAB currently receiving antimuscarinic therapy only,,No action: not meeting review criteria,No Action,N,,,,,,,,,,,,58,156,23.83,Healthy weight (18.5-24.9),,,Y,,,,Y,,0,0,Y,,,,Y,,,,,,,Y,Y,,Y,,,,,,Y,ECG,41082,,Y,,,,,Y,Y,,Y,,,,,,,,,,,,Current,,,,128/80,46219,73,46232,139,46232,4,46232,7.6,46232,69,46232,20,46232,,,67,46232,9,46232,44,46232,45,46232,,,,,,,,4,"Co-codamol 30mg/500mg capsules
Solifenacin 10mg tablets",,,,,,,,,,,,,,,,,,,,,,,,,,,,,,,,,,,,,,,,,,,,,,,,,,,,,,,,,,,,,0,1,1,0,0,0,0,0,0,0,0
0,0,0,51,47,Female,White British - ethnic category 2001 census,,,,,,,,,,,,,,,Neurogenic dysfunction of urinary bladder,45461,,,,,,,,,,,,,,,Dizziness symptom,37763,,,,,,,,,,,,,,,,,Patient pregnant,37999,,,,,,,,,,,,,,,Seen in gynaecology clinic,37851,,,,,Essential hypertension,45677,,,,,,,,,Anxiety with depression,37600,,,,,,,,,,,,,FREQUENCY MICTURITION,35678,,,,,,,,,ECG done,45600,,,,,,,,,Solifenacin 5mg tablets,46259,,,,,,,,,,,,,,,,,,,,,,,Solifenacin 5mg tablets,45461,,,,,,,,,,,,,,,,,,,,Solifenacin 5mg tablets,46259,72,46188,167,45624,25.82,46188,125,91,46190,86,46198,36,45832,Serum ALT level,19,46149,Serum alkaline phosphatase,61,46198,,,,5,46149,64,46198,4,46198,140,46198,3.3,46198,44,46198,,,Alcohol units consumed per week,0,45814,,,,Dizziness symptom (22/05/2003),,,0,,0,,1,Solifenacin 5mg tablets,,,,,,,,0,0,,,Seen in gynaecology clinic (18/08/2003),Patient pregnant (13/01/2004),0,0,0,,,,,,,,,,,,,,,,Essential hypertension (20/01/2025),,,,,Anxiety with depression (10/12/2002),,,,,FREQUENCY MICTURITION (05/09/1997),,,"Solifenacin 5mg tablets (25/08/2026)
(Solifenacin 5mg tablets (18/06/2024))",,"Dizziness symptom (22/05/2003)
Essential hypertension (20/01/2025)",Alcohol units consumed per week - 0 (06/06/2025),1,0,1,1,46269,,,Y,Overactive Bladder,Y,Solifenacin 5mg tablets (25/08/2026),Y,Solifenacin 5mg tablets (18/06/2024),,,,,,,Y,3,Solifenacin 5mg tablets,Y,"Dizziness symptom (22/05/2003)
Essential hypertension (20/01/2025)",,,,,1 - Patients with OAB currently receiving antimuscarinic therapy only,,No action: not meeting review criteria,No Action,N,,,,,,,,,,,,72,167,25.82,Overweight (25-29.9),,,,,,,,,0,0,,,Y,Y,Y,,,,,,,,,,,,,,,,Y,ECG done,45600,,,,,,,Y,,,,Y,,,,,,,Y,,,,Current,,,,125/91,46190,86,46198,140,46198,4,46198,3.3,46198,64,46198,19,46149,,,61,46198,5,46149,44,46198,36,45832,,,,,,,,3,Solifenacin 5mg tablets,,,,,,,,,,,,,,,,,,,,,,,,,,,,,,,,,,,,,,,,,,,,,,,,,,,,,,,,,,,,,0,1,1,0,0,0,0,0,0,0,0
1,0,0,226,65,Female,White: English or Welsh or Scottish or Northern Irish or British - England and Wales ethnic category 2011 census,,,,,,,,,,,,,,,,,,,,,,,Constipated,45749,,,,,Palpitations,39437,Dizziness symptom,39017,,,Urinary incontinence,44592,,,,,,,,,,,,,PREGNANT,35278,,,,,,,,,,,,,,,Seen in gynaecology clinic,44342,,,,,Essential hypertension,45359,,,,,,,,,Anxiety with depression,38009,,,,,Anxiousness,36943,,,,,Urge incontinence of urine,46052,,,Sweating symptom,39729,,,,,,,ECG done,44697,Electrocardiogram abnormal,44697,,,,,,,,,,,,,,,,,,,,,,,,,Indapamide 2.5mg tablets,46262,[D]Peripheral oedema,,,,Solifenacin 5mg tablets,44592,,,,,,,,,,,,,,,,,,,,,,60,46087,154,46087,25.3,46087,128,80,46220,66,46097,38,46010,Serum ALT level,21,46010,Serum alkaline phosphatase,86,46013,,,,5,46010,76,46097,3.6,46097,137,46097,4.8,46097,45,46013,,,Alcohol units consumed per week,16,46087,Constipated (02/04/2025),,,Dizziness symptom (27/10/2006),Palpitations (21/12/2007),,0,,0,,0,,,,,,,,,1,1,,,Seen in gynaecology clinic (26/05/2021),PREGNANT (01/08/1996),0,1,1,,,,,Sweating symptom (08/10/2008),,,,,,,,,,,Essential hypertension (08/03/2024),Electrocardiogram abnormal (16/05/2022),,Indapamide 2.5mg tablets (28/08/2026),Anxiousness (21/02/2001),Anxiety with depression (23/01/2004),,,Urge incontinence of urine (30/01/2026),Urinary incontinence (31/01/2022),,,,(Solifenacin 5mg tablets (31/01/2022)),,"Constipated (02/04/2025)
Dizziness symptom (27/10/2006)
Palpitations (21/12/2007)
Essential hypertension (08/03/2024)
Electrocardiogram abnormal (16/05/2022)",Alcohol units consumed per week - 16 (06/03/2026),0,0,1,0,46269,,,N,,,,Y,Solifenacin 5mg tablets (31/01/2022),,,,,,,,0,,Y,"Constipated (02/04/2025)
Dizziness symptom (27/10/2006)
Palpitations (21/12/2007)
Essential hypertension (08/03/2024)
Electrocardiogram abnormal (16/05/2022)",,,,,X - Not meeting cohort criteria,,No action: not meeting review criteria,No Action,N,,,,,,,,,,,,60,154,25.3,Overweight (25-29.9),,,,,,,,,1,1,,,Y,Y,Y,,,,,Y,,,,,,,,,,,Y,ECG done,44697,Y,,Y,Y,,,Y,Y,,Y,Y,,,,,Y,Y,,,,,Past,,,,128/80,46220,66,46097,137,46097,3.6,46097,4.8,46097,76,46097,21,46010,,,86,46013,5,46010,45,46013,38,46010,,,,,,,,0,,,,,,,,,,,,,,,,,,,,,,,,,,,,,,,,,,,,,,,,,,,,,,,,,,,,,,,,,,,,,,0,0,0,0,0,0,0,0,0,0,0
2,0,0,351,95,Female,White British - ethnic category 2001 census,,,Housebound,46219,,,,,,,,,,,,,,,,,,,,,,,,,,,Dizziness symptom,37960,,,,,,,,,Incontinent of faeces symptom,39521,,,,,,,,,,,,,,,,,,,,,,,,,,,Acute non-ST segment elevation myocardial infarction,45859,Essential hypertension,44797,,,,,Acute non-ST segment elevation myocardial infarction,45859,,,Chronic depression,37917,,,,,Anxiousness - symptom,39246,,,Rockwood Clinical Frailty Scale level 6 - moderately frail,46122,Urge incontinence of urine,42255,,,,,,,,,Cystitis,37284,Exercise ECG,40010,,,,,,,,,,,,Mirabegron 25mg modified-release tablets,46239,,,,,,,,,,,,,,,,,,,,Tolterodine 2mg tablets,42219,,Mirabegron 50mg modified-release tablets,45847,,,,,,,,,,,Co-codamol 30mg/500mg effervescent tablets,46253,,,,,,,51.71,46122,154.9,46122,21.55,46122,130,79,46184,37,46192,33,45835,Serum ALT level,17,45930,Serum alkaline phosphatase,45,45930,,,,5,45930,117,46192,4.4,46192,137,46192,8.4,46192,40,45930,,,,,,,,,Dizziness symptom (05/12/2003),,,1,Co-codamol 30mg/500mg effervescent tablets,0,,0,,Incontinent of faeces symptom (14/03/2008),,,,,,,0,0,,,,,0,0,0,,,,,,,Cystitis (28/01/2002),,,,Acute non-ST segment elevation myocardial infarction (21/07/2025),,,,Acute non-ST segment elevation myocardial infarction (21/07/2025),Essential hypertension (24/08/2022),,,,Anxiousness - symptom (13/06/2007),Chronic depression (23/10/2003),Rockwood Clinical Frailty Scale level 6 - moderately frail (10/04/2026),,Urge incontinence of urine (08/09/2015),,,,,(Tolterodine 2mg tablets (03/08/2015)),"Mirabegron 25mg modified-release tablets (05/08/2026)
(Mirabegron 50mg modified-release tablets (09/07/2025))","Dizziness symptom (05/12/2003)
Essential hypertension (24/08/2022)",,0,1,1,2,46269,,,Y,Overactive Bladder,,,Y,Tolterodine 2mg tablets (03/08/2015),Y,Mirabegron 25mg modified-release tablets (05/08/2026),Y,Mirabegron 50mg modified-release tablets (09/07/2025),Y,,,1,Co-codamol 30mg/500mg effervescent tablets,Y,"Dizziness symptom (05/12/2003)
Essential hypertension (24/08/2022)",,,,,2 - Patients with OAB currently receiving beta-3 agonist therapy only,,No action: not meeting review criteria,No Action,N,,,,,,,,,,,,51.71,154.9,21.55,Healthy weight (18.5-24.9),,Y,,,,,,,0,0,,,,,Y,,,,,,,Y,,,,Y,,,,Y,Y,Exercise ECG,40010,,,,,,,Y,,,Y,Y,Y,,,,Y,,,,,,Past,Current,,,130/79,46184,37,46192,137,46192,4.4,46192,8.4,46192,117,46192,17,45930,,,45,45930,5,45930,40,45930,33,45835,,,,,,,,1,Co-codamol 30mg/500mg effervescent tablets,,,,,,,,,,,,,,,,,,,,,,,,,,,,,,,,,,,,,,,,,,,,,,,,,,,,,,,,,,,,,0,1,1,0,0,0,0,0,0,0,0
3,0,0,426,62,Female,White: English or Welsh or Scottish or Northern Irish or British - England and Wales ethnic category 2011 census,,,,,,,,,Blood in urine,45446,,,,,,,,,,,,,,,,,,,,,,,,,,,Bladder muscle dysfunction - overactive,43998,Bladder muscle dysfunction - overactive,43998,,,,,,,,,,,,,,,,,,,,,Seen in urology clinic,45481,,,Seen in gynaecology clinic,42222,Type 2 diabetes mellitus,46048,,,,,,,,,,,,,Depression,45862,,,,,,,,,,,,,,,,,,,,,,,ECG,44893,,,,,,,,,Solifenacin 5mg tablets,46258,Bladder muscle dysfunction - overactive,,,,,,,,,,,,,Empagliflozin 10mg tablets,46258,Type 2 diabetes mellitus,,,,,,,Oxybutynin 5mg tablets,42556,Irritable bladder,,,,,,,,,,,,,,,,,,,Solifenacin 5mg tablets,46258,73,45862,170,45862,25.26,45862,114,68,45862,73,45859,49,45859,Serum ALT level,34,46093,Serum alkaline phosphatase,96,46093,,,,29,46093,71,45859,4.5,45859,141,45859,7.1,45859,47,46093,,,Alcohol consumption,4,45862,,,,,,,0,,0,,1,Solifenacin 5mg tablets,,,,,,Blood in urine (03/06/2024),,1,1,Seen in urology clinic (08/07/2024),,Seen in gynaecology clinic (06/08/2015),,0,0,0,,,,,,,,Type 2 diabetes mellitus (26/01/2026),,,,,,,,,,Empagliflozin 10mg tablets (24/08/2026),,,Depression (24/07/2025),,,,,,,,"Solifenacin 5mg tablets (24/08/2026)
(Oxybutynin 5mg tablets (05/07/2016))",,,Alcohol consumption - 4 (24/07/2025),1,0,1,1,46269,Bladder muscle dysfunction - overactive (16/06/2020),Bladder muscle dysfunction - overactive (16/06/2020),Y,Overactive Bladder,Y,Solifenacin 5mg tablets (24/08/2026),Y,Oxybutynin 5mg tablets (05/07/2016),,,,,,,Y,3,Solifenacin 5mg tablets,,,,,,,1 - Patients with OAB currently receiving antimuscarinic therapy only,,Action: facilitate overactive bladder management review,Action - invite to pharmacist led clinic,Y,Letter,46274,0.604166667,Booked for clinic,,,Face to face,46273,,,Patient well and no issues.,73,170,25.26,Overweight (25-29.9),,,,,,,Y,,1,1,Y,,Y,,Y,,,,,,,,Y,,,,,,,,,ECG,44893,,Y,,,,,,,,,Y,,,,,,,Y,,,,Current,,,,114/68,45862,73,45859,141,45859,4.5,45859,7.1,45859,71,45859,34,46093,,,96,46093,29,46093,47,46093,49,45859,,,,,,,,3,Solifenacin 5mg tablets,,,,,,,,,,,Maintain current management (no pharmacological interventions),,,,,,,,,,,,,,,,,,,,,,,,,,,,,,,,,,,,,,,,,Weight loss advice,,,,,,Follow agreed recommendations,,,0,1,1,1,1,0,1,0,1,1,0
4,0,0,519,64,Female,White British - ethnic category 2001 census,,,,,,,,,,,,,,,,,,,,,,,,,,,,,,,,,,,,,,,,,,,,,,,,,,,,,,,,,,,,,,,,,,,Type 2 diabetes mellitus,45700,,,Hypertensive disease,43804,,,Atrial fibrillation,45714,,,,,,,,,,,,,,,,,,,,,,,,,,,,,ECG,45257,Right axis deviation,43157,,,,,,,Solifenacin 5mg tablets,46259,Nocturia,,,,,,,,,,,,,Dapagliflozin 10mg tablets,46259,,Indapamide 2.5mg tablets,46259,Hypertensive disease,,,,,,,,,,,,,,,,,,,,,,,,,Solifenacin 5mg tablets,46259,110,45786,158,45786,44.06,45786,130,80,46139,81,46248,41,46248,Serum ALT level,15,46248,Serum alkaline phosphatase,81,46248,,,,9,46248,64,46248,3.9,46248,140,46248,5.6,46248,42,46248,,,Alcohol consumption,0,45700,,,,,,,0,,0,,1,Solifenacin 5mg tablets,,,,,,,,0,0,,,,,0,0,0,,,,,,,,Type 2 diabetes mellitus (12/02/2025),,,,,Atrial fibrillation (26/02/2025),,,Hypertensive disease (05/12/2019),Right axis deviation (26/02/2018),Dapagliflozin 10mg tablets (25/08/2026),Indapamide 2.5mg tablets (25/08/2026),,,,,,,,,,Solifenacin 5mg tablets (25/08/2026),,"Hypertensive disease (05/12/2019)
Right axis deviation (26/02/2018)",Alcohol consumption - 0 (12/02/2025),1,0,0,1,46269,,,Y,Overactive Bladder,Y,Solifenacin 5mg tablets (25/08/2026),,,,,,,,,Y,3,Solifenacin 5mg tablets,Y,"Hypertensive disease (05/12/2019)
Right axis deviation (26/02/2018)",,,,,1 - Patients with OAB currently receiving antimuscarinic therapy only,,Action: facilitate overactive bladder management review,Action - invite to pharmacist led clinic,Y,Letter,46274,0.4375,Declined,,,Telephone consultation,46273,,,Incraese in management due to increased symptoms,110,158,44.06,Obesity III (40 or more),,,,,,,,,,,,,,,Y,,,,,,,,Y,,,,,Y,,,Y,ECG,45257,Y,Y,Y,,,,,,,,,,,,,,,,,,,Current,,,,130/80,46139,81,46248,140,46248,3.9,46248,5.6,46248,64,46248,15,46248,,,81,46248,9,46248,42,46248,41,46248,,,,,,,,3,Solifenacin 5mg tablets,,,,,,,,,,,Escalation of pharmacological management,Antimuscarinic,Initiate,,Fesoterodine 4mg modified-release tablets,ONE to be taken AFTER meals,Dose titration,Y,Medication added to repeat,,,,,,,,,,,,,,,,,,,,,,,,,,,,,,,,,,,,,,,Follow agreed recommendations,,,0,1,1,1,1,0,1,1,0,1,0
5,0,0,550,58,Female,White British - ethnic category 2001 census,,,,,,,,,,,,,,,,,,,,,,,CONSTIPATION,33352,,,,,,,,,,,Incontinence of urine,37817,Overactive bladder,44937,Overactive bladder,44994,,,,,,,,,Patient pregnant,37435,,,,,,,,,,,,,,,Seen in gynaecology clinic,44937,,,,,,,,,,,,,,,Anxiety with depression,37739,,,,,,,,,,,,,,,,,Adverse reaction to Trospium Chloride,44994,,,,,,,,,,,,,Cystocele with first degree uterine prolapse,44257,,,,,,,,,,,,,,,,,,,,,,,,,,,,Mirabegron 50mg modified-release tablets,44994,,,,,,,,,,,,,,,,,,,59,45069,154.94,45069,24.58,45069,118,76,45069,67,45043,36,45043,Serum ALT level,19,45043,Serum alkaline phosphatase,70,45043,,,,7,45043,78,45043,4.5,45043,141,45043,8.2,45043,43,45043,,,Alcohol consumption,4,45069,CONSTIPATION (24/04/1991),,,,,,0,,0,,0,,,Cystocele with first degree uterine prolapse (02/03/2021),,,,,,0,0,,,Seen in gynaecology clinic (11/01/2023),Patient pregnant (28/06/2002),0,0,0,,,,,,,,,,,,,,,,,,,,,Anxiety with depression (28/04/2003),,,,Incontinence of urine (15/07/2003),,,,,(Mirabegron 50mg modified-release tablets (09/03/2023)),CONSTIPATION (24/04/1991),Alcohol consumption - 4 (23/05/2023),0,0,1,4,46269,Overactive bladder (11/01/2023),Overactive bladder (09/03/2023),Y,Overactive Bladder,,,,,,,Y,Mirabegron 50mg modified-release tablets (09/03/2023),,,,,,Y,CONSTIPATION (24/04/1991),Y,Adverse reaction to Trospium Chloride (09/03/2023),,,"4 - Patients with OAB symptoms who are not currently receiving active treatment, have evidence of previous treatment failure, and who may benefit from management optimisation and/or initiation of pharmacological therapy",,Action: facilitate overactive bladder management review,Action - invite to pharmacist led clinic,Y,Letter,46274,0.697916667,Booked for clinic,,,Face to face,46273,,,Starting on numerous medications,59,154.94,24.58,Healthy weight (18.5-24.9),,,Y,,,,,,,,,,Y,Y,Y,,,,,,,,,,,,,,,,,,,,,,Y,,,,,,,Y,,,,,,Y,,,,,,Past,,,118/76,45069,67,45043,141,45043,4.5,45043,8.2,45043,78,45043,19,45043,,,70,45043,7,45043,43,45043,36,45043,,,,,,,,,,Adverse reaction to Trospium Chloride (09/03/2023),,,,,,,,,,Escalation of pharmacological management,5-a Reductase Inhibitor,Initiate,,Finasteride 1mg tablets,ONE to be taken at BEDTIME,Treatment escalation,Y,Prescription issued & sent to reception,SNRI,Initiate,,Duloxetine 30mg/5ml oral suspension,5 ml to be taken AFTER meals,Dose titration,Y,Prescription issued & sent to reception,,,,,,,,,,,,,,,,,,,,,,,,,Pelvic floor exercise advice,,,,,,HCO follow-up,5,,0,1,1,1,1,0,1,2,1,1,0
6,0,0,577,66,Male,White British - ethnic category 2001 census,,,,,,,,,,,,,,,,,,,,,,,Constipation symptom,39962,,,,,,,,,,,Incontinence of urine,40410,,,,,,,,,,,,,,,,,,,,,,,,,Seen in urology clinic,45965,,,,,,,,,,,,,,,,,,,,,,,,,,,,,,,MSG:Urge incontinence of urine,40449,,,,,,,,,,,,,,,,,,,,,Solifenacin 5mg tablets,45979,,,,,,,,Tamsulosin 400microgram modified-release capsules,45979,,,,,,,,,,,,,,Fesoterodine 4mg modified-release tablets,40525,,,,,,,,,,,,,,,,,,,,,,72,46155,172.72,46155,24.13,46155,132,75,46155,80,45929,36,45929,Serum ALT level,27,45929,Serum alkaline phosphatase,78,45929,,,,11,45929,84,45929,4.1,45929,143,45929,4.9,45929,46,45929,5.4,45929,Alcohol units consumed per week,4,46155,Constipation symptom (29/05/2009),,,,,,0,,0,,0,,,,,,,,,0,0,Seen in urology clinic (04/11/2025),,,,0,0,0,,,,,,,,,,,,,,,,,,,,,,,,MSG:Urge incontinence of urine (28/09/2010),Incontinence of urine (20/08/2010),,,,"Solifenacin 5mg tablets (18/11/2025)
(Fesoterodine 4mg modified-release tablets (13/12/2010))",,Constipation symptom (29/05/2009),Alcohol units consumed per week - 4 (13/05/2026),1,0,1,1,46269,,,Y,Overactive Bladder,Y,Solifenacin 5mg tablets (18/11/2025),Y,Fesoterodine 4mg modified-release tablets (13/12/2010),,,,,,,,,,Y,Constipation symptom (29/05/2009),,,,,1 - Patients with OAB currently receiving antimuscarinic therapy only,,Action: facilitate overactive bladder management review,Action - invite to pharmacist led clinic,Y,Letter,46274,0.489583333,Booked for clinic,,,Face to face,46274,,,Changes,72,172.72,24.13,Healthy weight (18.5-24.9),,,,,,,,,,,Y,,,,Y,,,,,,,,,,,,,,,,,,,,,,Y,,,,,,,,,,5.4,45929,Y,Y,,,,,Current,,,,132/75,46155,80,45929,143,45929,4.1,45929,4.9,45929,84,45929,27,45929,,,78,45929,11,45929,46,45929,36,45929,,,,,,,,,,,,,,,,,,,,Maintain current management (1 or more pharmacological interventions),Antimuscarinic,Change within class,Fesoterodine 8mg modified-release tablets,Flavoxate 100mg/5ml oral suspension,2.5ml to be taken TWICE daily,Clinical issue: Intolerance/Allergy,Y,Prescription issued & sent to pharmacy,Beta3-adrenergic agonist,Increase dose,Mirabegron 25mg modified-release tablets,,ONE to be taken AFTER meals,In line with theraputic pathway,Y,Medication added to repeat,,,,,,,,,,,,,,,,,,,,,,,,,Facilitate medication review,,,,,,Follow agreed recommendations,,,0,1,1,1,1,0,1,2,1,1,1
7,0,0,685,81,Male,White: English or Welsh or Scottish or Northern Irish or British - England and Wales ethnic category 2011 census,,,,,,,,,Haematuria,42690,,,,,,,,,Retention - symptom,42593,,,,,,,,,,,DIZZINESS,33757,,,,,Overactive bladder,42612,Overactive bladder,42612,,,,,,,,,,,,,,,,,Prostatism,42255,,,Seen in urology clinic,42893,,,,,,,,,Essential hypertension,46022,,,,,,,,,Anxiety with depression,37110,,,,,,,,,,,Urgency of micturition,41283,,,,,,,,,,,,,,,,,,,,,Tolterodine 2mg tablets,46259,Overactive bladder,,,,,,,,,,,,,,,,,,,,,,Tolterodine 1mg tablets,46048,,,,,Tamsulosin 400microgram modified-release capsules,41319,,Dutasteride 500microgram capsules,41570,Prostatism,,,,,,,,,,Tolterodine 2mg tablets,46259,76.4,44996,170,44996,26.44,44996,133,78,46042,90,46006,40,46006,Serum ALT level,27,46006,Serum alkaline phosphatase,89,46006,,,,10,46006,69,46006,4.5,46006,136,46006,5.9,46006,43,46006,1.8,42228,Alcohol units consumed per week,0,44996,,,,DIZZINESS (02/06/1992),,,0,,0,,1,Tolterodine 2mg tablets,,Retention - symptom (11/08/2016),,,,Haematuria (16/11/2016),,0,0,Seen in urology clinic (07/06/2017),,,,0,0,0,,,,Prostatism (08/09/2015),,,,,,,,,,,,Essential hypertension (31/12/2025),,,,,Anxiety with depression (07/08/2001),,,Urgency of micturition (09/01/2013),,,,,"Tolterodine 2mg tablets (25/08/2026)
(Tolterodine 1mg tablets (26/01/2026))",,"DIZZINESS (02/06/1992)
Essential hypertension (31/12/2025)",Alcohol units consumed per week - 0 (11/03/2023),1,0,1,1,46269,Overactive bladder (30/08/2016),Overactive bladder (30/08/2016),Y,Overactive Bladder,Y,Tolterodine 2mg tablets (25/08/2026),Y,Tolterodine 1mg tablets (26/01/2026),,,,,,,Y,3,Tolterodine 2mg tablets,Y,"DIZZINESS (02/06/1992)
Essential hypertension (31/12/2025)",,,,,1 - Patients with OAB currently receiving antimuscarinic therapy only,,Action: facilitate overactive bladder management review,Action - invite to pharmacist led clinic,Y,Letter,46274,,Booked for clinic,,,Video consultation,46274,,,Generally well,76.4,170,26.44,Overweight (25-29.9),,,Y,,,,Y,,,,Y,,,,Y,,,,Y,,,,,,,,,,,,Y,,,,,,,,,Y,,,,Y,,,1.8,42228,Y,,,,,,Current,,,,133/78,46042,90,46006,136,46006,4.5,46006,5.9,46006,69,46006,27,46006,,,89,46006,10,46006,43,46006,40,46006,,,,,,,,3,Tolterodine 2mg tablets,,,,,,,,,,,De-escalation of pharmacological management,5-a Reductase Inhibitor,Stop,Finasteride 1mg tablets,,,Clinical issue: Drug-drug Interaction,Y,,Antimuscarinic,Change of formulation,Oxybutynin 3.9mg/24hours transdermal patches,Oxybutynin 5mg modified-release tablets,HALF to be taken TWICE daily,Clinical issue: Renal,Y,Prescription issued & sent to pharmacy,,,,,,,,,,,,,,,,,,,,,,,,,,,,,,,Follow agreed recommendations,,,0,1,1,1,1,0,1,2,0,1,0
8,0,0,697,71,Female,White: English or Welsh or Scottish or Northern Irish or British - England and Wales ethnic category 2011 census,,,,,,,,,HAEMATURIA,34796,,,,,,,,,,,,,CONSTIPATION,35268,,,,,,,,,,,,,Overactive bladder,46171,Overactive bladder,46171,,,,,,,,,,,,,,,,,,,,,Seen in urology clinic,46160,,,Referral to community gynaecology service,46108,,,,,Hypertensive disease,42314,,,,,,,,,Mixed anxiety and depressive disorder,44084,,,,,Anxious,40619,,,,,,,Urinary frequency,39275,,,,,,,,,ECG,40302,,,,,,,,,,,,,,,,,,,,,,,,,,,,,,,,,Oxybutynin 2.5mg tablets,46181,,,,,,,,,,,Duloxetine 20mg gastro-resistant capsules,38964,,Co-codamol 8mg/500mg tablets,46192,,,,,,,59,45896,162,45896,22.48,45896,124,72,46160,87,45985,38,45985,Serum ALT level,25,45985,Serum alkaline phosphatase,47,45985,,,,4,45985,59,45985,4.1,45985,145,45985,4.5,45985,46,45985,,,Alcohol units consumed per week,2,45583,CONSTIPATION (22/07/1996),,,,,,1,Co-codamol 8mg/500mg tablets,0,,0,,,,,,,HAEMATURIA (07/04/1995),,1,1,Seen in urology clinic (18/05/2026),,Referral to community gynaecology service (27/03/2026),,0,0,0,,,,,,,,,,,,,,,,Hypertensive disease (06/11/2015),,,,Anxious (17/03/2011),Mixed anxiety and depressive disorder (10/09/2020),,,,,Urinary frequency (12/07/2007),,,(Oxybutynin 2.5mg tablets (08/06/2026)),,"CONSTIPATION (22/07/1996)
Hypertensive disease (06/11/2015)",Alcohol units consumed per week - 2 (18/10/2024),0,0,1,4,46269,Overactive bladder (29/05/2026),Overactive bladder (29/05/2026),Y,Overactive Bladder,,,Y,Oxybutynin 2.5mg tablets (08/06/2026),,,,,Y,,,1,Co-codamol 8mg/500mg tablets,Y,"CONSTIPATION (22/07/1996)
Hypertensive disease (06/11/2015)",,,,,"4 - Patients with OAB symptoms who are not currently receiving active treatment, have evidence of previous treatment failure, and who may benefit from management optimisation and/or initiation of pharmacological therapy",,Action: facilitate overactive bladder management review,Action - invite to pharmacist led clinic,Y,Letter,46274,,Booked for clinic,,,Telephone consultation,46274,AM,0.583333333,Test TEST,59,162,22.48,Healthy weight (18.5-24.9),Smoker,,,,,,Y,,1,1,Y,,Y,,Y,,,,,,,,,,,,,,,,Y,ECG,40302,,,,Y,,,,,,Y,Y,,,,,Y,N,Y,3,,,Past,,,,124/72,46160,87,45985,145,45985,4.1,45985,4.5,45985,59,45985,25,45985,,,47,45985,4,45985,46,45985,38,45985,Y,,,,,Y,N,1,Co-codamol 8mg/500mg tablets,,,,,,,,,,,Escalation of pharmacological management,Beta3-adrenergic agonist,Initiate,,Vibegron 75mg tablets,ONE to be taken in the MORNING,Treatment escalation,Y,Prescription issued & sent to pharmacy,,,,,,,,,,,,,,,,,,,,,,,,,,,,,,,,,Bladder retraining education,Pelvic floor exercise advice,Diet / fluid intake advice,,,,HCO follow-up,28,Letter-E,0,1,1,1,1,0,1,1,3,1,0
9,0,0,819,81,Female,White British - ethnic category 2001 census,,,,,,,,,Haematuria,41582,,,,,,,,,,,,,,,,,Mild cognitive impairment,46168,,,[D]Dizziness,42528,,,,,,,,,,,,,,,,,,,,,,,,,,,,,Seen in urology clinic,41681,,,,,,,Cerebellar infarction,41011,Hypertensive disease,42360,Cerebellar infarction,41011,,,,,,,,,,,,,,,,,,,Urge incontinence of urine,41789,,,,,,,,,,,ECG,46114,Abnormal ECG,46111,,,,,,,Solifenacin 5mg tablets,46268,,,,,,,,,,,,,,,,,,,,,,,Fesoterodine 4mg modified-release tablets,41247,,Mirabegron 50mg modified-release tablets,42334,,,,,,,,,,,,,,,,,Solifenacin 5mg tablets,46268,73.3,45687,158,45687,29.36,45687,80,47,46099,47,46048,37,45926,Serum ALT level,17,45926,Serum alkaline phosphatase,70,45926,,,,9,45926,98,46048,4.5,46048,142,46048,7,46048,43,45926,,,Alcohol units consumed per week,4,45888,,,,[D]Dizziness (07/06/2016),,Mild cognitive impairment (26/05/2026),0,,0,,1,Solifenacin 5mg tablets,,,,,,Haematuria (04/11/2013),,0,0,Seen in urology clinic (11/02/2014),,,,0,0,0,,,,,,,,,,,Cerebellar infarction (12/04/2012),Cerebellar infarction (12/04/2012),,,,Hypertensive disease (22/12/2015),Abnormal ECG (30/03/2026),,,,,,,Urge incontinence of urine (30/05/2014),,,,,"Solifenacin 5mg tablets (03/09/2026)
(Fesoterodine 4mg modified-release tablets (04/12/2012))",(Mirabegron 50mg modified-release tablets (26/11/2015)),"[D]Dizziness (07/06/2016)
Mild cognitive impairment (26/05/2026)
Hypertensive disease (22/12/2015)
Abnormal ECG (30/03/2026)",Alcohol units consumed per week - 4 (19/08/2025),1,0,1,1,46269,,,Y,Overactive Bladder,Y,Solifenacin 5mg tablets (03/09/2026),Y,Fesoterodine 4mg modified-release tablets (04/12/2012),,,Y,Mirabegron 50mg modified-release tablets (26/11/2015),,,Y,3,Solifenacin 5mg tablets,Y,"[D]Dizziness (07/06/2016)
Mild cognitive impairment (26/05/2026)
Hypertensive disease (22/12/2015)
Abnormal ECG (30/03/2026)",,,,,1 - Patients with OAB currently receiving antimuscarinic therapy only,,Action: facilitate overactive bladder management review,Action - invite to pharmacist led clinic,Y,Letter,46274,,Booked for clinic,,,Telephone consultation,46274,,,TEST TEST,73.3,158,29.36,Overweight (25-29.9),,,,,,,Y,,,,Y,,,,Y,,,,,,,,,,,Y,Y,,,,Y,ECG,46114,Y,,,,,,Y,,Y,,,,,,,Y,Y,Y,2,,,Current,Past,Good,Present,80/47,46099,47,46048,142,46048,4.5,46048,7,46048,98,46048,17,45926,,,70,45926,9,45926,43,45926,37,45926,N,8,,,,Y,N,3,Solifenacin 5mg tablets,,,,Y,Y,N,Y,,,,Maintain current management (1 or more pharmacological interventions),Antimuscarinic,Stop,Solifenacin 5mg tablets,,,Clinical issue: Intolerance/Allergy,Y,,Beta3-adrenergic agonist,Initiate,,Vibegron 75mg tablets,ONE to be taken ONCE daily,Clinical issue: Intolerance/Allergy,Y,Prescription issued & sent to reception,,,,,,,,,,,,,,,,,,,,,,,,,Weight loss advice,Pelvic floor exercise advice,Bladder retraining education,,,,HCO follow-up,56,,0,1,1,1,1,0,1,2,3,1,0
10,0,0,885,66,Female,White British - ethnic category 2001 census,,,,,,,,,,,,,,,,,,,,,,,Constipation,43671,,,,,Palpitations,43432,,,,,Urinary incontinence,43892,,,,,,,,,,,,,,,Recurrent urinary tract infections,37929,,,,,,,,,,,,,Seen in gynaecology clinic,44179,Type 2 diabetes mellitus,45754,,,Essential hypertension,45495,,,Paroxysmal atrial fibrillation,43630,,,,,[X]Depression NOS,41239,,,,,,,,,,,,,,,[D]Flushing,39160,,,,,Cystitis,39826,Electrocardiographic procedure,45467,ECG: atrial fibrillation,43407,,,,,,,Solifenacin 10mg tablets,46251,,,,,,,,,,,,,,,,,,,,,,,Darifenacin 7.5mg modified-release tablets,44334,[RFC] Urinary incontinence,,,,,,,,,,,,,,,,,,,Solifenacin 10mg tablets,46251,70.4,46224,160,46224,27.5,46224,125,80,46048,76,46219,42,45982,Serum ALT level,24,46219,Serum alkaline phosphatase,67,46219,,,,8,46219,67,46224,4.7,46219,135,46219,4,46219,51,46219,,,Alcohol consumption,2,46003,Constipation (25/07/2019),,,,Palpitations (28/11/2018),,0,,0,,1,Solifenacin 10mg tablets,,,,,,,Recurrent urinary tract infections (04/11/2003),0,0,,,Seen in gynaecology clinic (14/12/2020),,0,3,3,,,,,[D]Flushing (19/03/2007),,Cystitis (13/01/2009),Type 2 diabetes mellitus (07/04/2025),,,,,Paroxysmal atrial fibrillation (14/06/2019),,,Essential hypertension (22/07/2024),ECG: atrial fibrillation (03/11/2018),,,,[X]Depression NOS (26/11/2012),,,,Urinary incontinence (02/03/2020),,,,"Solifenacin 10mg tablets (17/08/2026)
(Darifenacin 7.5mg modified-release tablets (18/05/2021))",,"Constipation (25/07/2019)
Palpitations (28/11/2018)
Essential hypertension (22/07/2024)
ECG: atrial fibrillation (03/11/2018)",Alcohol consumption - 2 (12/12/2025),1,0,1,1,46269,,,Y,Overactive Bladder,Y,Solifenacin 10mg tablets (17/08/2026),Y,Darifenacin 7.5mg modified-release tablets (18/05/2021),,,,,,,Y,3,Solifenacin 10mg tablets,Y,"Constipation (25/07/2019)
Palpitations (28/11/2018)
Essential hypertension (22/07/2024)
ECG: atrial fibrillation (03/11/2018)",,,,,1 - Patients with OAB currently receiving antimuscarinic therapy only,,Action: facilitate overactive bladder management review,Action - invite to pharmacist led clinic,Y,Letter,46274,,No response,Text,46274,Face to face,46274,AM,0.5,TEST TEST,70.4,160,27.5,Overweight (25-29.9),Ex-smoker,N,N,N,N,N,N,Y,,,,,Y,,Y,,,,,Y,,Y,Y,,,,,Y,,,Y,Electrocardiographic procedure,45467,Y,,,Y,,,,Y,,,Y,,,,,N,Y,Y,1,,,Current,,,,125/80,46048,76,46219,135,46219,4.7,46219,4,46219,67,46224,24,46219,,,67,46219,8,46219,51,46219,42,45982,Y,9,Current menopause,Cough or sneezing,,N,N,3,Solifenacin 10mg tablets,,,N,N,N,,N,140,85,75,Escalation of pharmacological management,Beta3-adrenergic agonist,Initiate,,Vibegron 75mg tablets,ONE to be taken ONCE daily,In line with theraputic pathway,Y,Prescription issued & sent to pharmacy,,,,,,,,,,,,,,,,,,,,,,,,,,,,,,,,,Referral for specialist OAB care,Blood pressure updated,Bladder retraining education,Pelvic floor exercise advice,,,HCO follow-up,28,,0,1,1,1,1,0,1,1,4,1,0
11,0,0,973,81,Male,White British - ethnic category 2001 census,,,,,,,,,,,,,,,,,,,,,,,,,,,,,,,,,,,,,Detrusor overactivity,45512,Detrusor overactivity,45512,,,,,,,,,,,,,,,,,Benign prostatic hyperplasia,45076,,,Seen in urology clinic,45512,,,,,,,Peripheral vascular disease,46178,Hypertension,46178,,,,,,,,,,,,,,,,,,,,,,,,,,,,,,,,,ECG,46178,,,,,,,,,,,,,,,,,,,,,,,,,,,,,,SpeediCath Compact catheter male one size (12-18Ch) 28692 (Coloplast Ltd),46233,,Solifenacin 5mg tablets,45208,,,,,Tamsulosin 400microgram modified-release capsules,44848,,Finasteride 5mg tablets,45875,,,,,,,,,,,,,82,46232,170,46232,28.37,46232,130,73,46232,83,46181,43,46181,Serum ALT level,13,46181,Serum alkaline phosphatase,123,46181,,,,13,46181,78,46181,4.2,46181,138,46181,4.8,46181,44,46181,3,45055,Alcohol units consumed per week,2,46211,,,,,,,0,,0,,0,,,,,,,,,0,0,Seen in urology clinic (08/08/2024),,,,0,0,0,,,,Benign prostatic hyperplasia (30/05/2023),,,,,,,Peripheral vascular disease (05/06/2026),,,,,Hypertension (05/06/2026),,,,,,,,,,,,,(Solifenacin 5mg tablets (09/10/2023)),,Hypertension (05/06/2026),Alcohol units consumed per week - 2 (08/07/2026),0,0,1,0,46269,Detrusor overactivity (08/08/2024),Detrusor overactivity (08/08/2024),Y,Overactive Bladder,,,Y,Solifenacin 5mg tablets (09/10/2023),,,,,,,,0,,Y,Hypertension (05/06/2026),,,,,X - Not meeting cohort criteria,,No action: not meeting review criteria,No Action,N,,,,,,,,,,,,82,170,28.37,Overweight (25-29.9),,,,,,,,,0,0,Y,,,,Y,,,,Y,,,,,,,Y,,,,,Y,ECG,46178,,,,,,,,,,,,,,3,45055,,,,,,,Past,,,,130/73,46232,83,46181,138,46181,4.2,46181,4.8,46181,78,46181,13,46181,,,123,46181,13,46181,44,46181,43,46181,,,,,,,,0,,,,,,,,,,,,,,,,,,,,,,,,,,,,,,,,,,,,,,,,,,,,,,,,,,,,,,,,,,,,,,0,0,0,0,0,0,0,0,0,0,0
12,0,0,1164,65,Male,White British - ethnic category 2001 census,,,,,,,,,Blood in urine,45471,,,,,,,,,,,,,,,,,,,,,,,,,,,,,,,,,,,,,,,,,,,,,,,BPH - Benign prostatic hypertrophy,42982,,,Seen in urology clinic,46006,,,,,,,,,Essential hypertension,44476,,,,,,,,,[X] Reactive depression NOS,37784,,,,,,,,,,,,,,,,,,,,,,,Electrocardiographic procedure,44474,,,,,,,,,Fesoterodine 4mg modified-release tablets,46170,,,,,,,,,,,,,,,,,,,,,,,Tolterodine 1mg tablets,46029,Patient reviewed,,,,Tamsulosin 400microgram modified-release capsules,46170,BPH - Benign prostatic hypertrophy,Finasteride 5mg tablets,46170,,,,,Co-codamol 30mg/500mg capsules,46197,,,,,Fesoterodine 4mg modified-release tablets,46170,106.142,46085,167.64,46085,37.77,46085,139,80,46085,82,45791,41,45791,Serum ALT level,31,45791,Serum alkaline phosphatase,84,45791,,,,8,45791,82,45791,4.5,45791,142,45791,5.3,45791,46,45791,1.8,45393,Alcohol units consumed per week,0,46085,,,,,,,1,Co-codamol 30mg/500mg capsules,0,,1,Fesoterodine 4mg modified-release tablets,,,,,,Blood in urine (28/06/2024),,0,0,Seen in urology clinic (15/12/2025),,,,0,0,0,,,,BPH - Benign prostatic hypertrophy (04/09/2017),,,,,,,,,,,,Essential hypertension (07/10/2021),,,,,[X] Reactive depression NOS (12/06/2003),,,,,,,,"Fesoterodine 4mg modified-release tablets (28/05/2026)
(Tolterodine 1mg tablets (07/01/2026))",,Essential hypertension (07/10/2021),Alcohol units consumed per week - 0 (04/03/2026),1,0,1,1,46269,,,Y,Overactive Bladder,Y,Fesoterodine 4mg modified-release tablets (28/05/2026),Y,Tolterodine 1mg tablets (07/01/2026),,,,,Y,,Y,4,"Co-codamol 30mg/500mg capsules
Fesoterodine 4mg modified-release tablets",Y,Essential hypertension (07/10/2021),,,,,1 - Patients with OAB currently receiving antimuscarinic therapy only,,Action: facilitate overactive bladder management review,Action - invite to pharmacist led clinic,Y,Letter,46274,,Booked for clinic,,,,,,,,106.142,167.64,37.77,Obesity II (35-39.9),,,,,,,Y,,0,0,Y,,,,Y,,,,Y,,,,,,,,,,,,Y,Electrocardiographic procedure,44474,,,,,,,,,,,Y,,,1.8,45393,,,,,,,Current,,,,139/80,46085,82,45791,142,45791,4.5,45791,5.3,45791,82,45791,31,45791,,,84,45791,8,45791,46,45791,41,45791,,,,,,,,4,"Co-codamol 30mg/500mg capsules
Fesoterodine 4mg modified-release tablets",,,,,,,,,,,,,,,,,,,,,,,,,,,,,,,,,,,,,,,,,,,,,,,,,,,,,,,,,,,,,0,1,1,1,1,0,0,0,0,0,0
13,0,0,1206,77,Female,White: English or Welsh or Scottish or Northern Irish or British - England and Wales ethnic category 2011 census,,,,,,,,,,,,,,,,,,,,,Primary open-angle glaucoma,46182,,,,,,,"[D]Tachycardia, unspecified",36801,Dizziness symptom,38400,,,,,,,,,,,,,,,,,,,Recurrent urinary tract infection,45964,,,,,,,,,Seen in urology clinic,46050,,,Seen in gynaecology clinic,42167,Type 2 diabetes mellitus,46084,Cerebral infarction,46084,Hypertension,46084,Cerebral infarction,46084,Atrial fibrillation,46084,,,,,Anxiety with depression,42278,,,,,ANXIETY,36329,,,,,,,,,,,,,,,Cystitis,42107,Ambulatory ECG,44447,ECG: atrial fibrillation,44427,,,,,,,Trospium chloride 60mg modified-release capsules,45884,,,,,,,,,,,,,,,,,,,,VaPro Plus F-Style No Touch catheter male 12Ch 7700124 40cm (Hollister Ltd),46240,,Propiverine 15mg tablets,36922,,Mirabegron 25mg modified-release tablets,45826,Medication review,,,,,,,,,,Co-codamol 30mg/500mg capsules,46258,,,,,,,72,46168,153,46168,30.8,46178,132,65,46168,72,46177,39,46058,Serum ALT level,16,46177,Serum alkaline phosphatase,137,46177,,,,5,46177,69,46177,4,46177,140,46177,5.6,46177,41,46177,,,Alcohol consumption,0,45644,,Primary open-angle glaucoma (09/06/2026),,Dizziness symptom (17/02/2005),"[D]Tachycardia, unspecified (02/10/2000)",,1,Co-codamol 30mg/500mg capsules,0,,0,,,,,,,,Recurrent urinary tract infection (03/11/2025),11,16,Seen in urology clinic (28/01/2026),,Seen in gynaecology clinic (12/06/2015),,0,0,0,,,,,,,Cystitis (13/04/2015),Type 2 diabetes mellitus (03/03/2026),,,Cerebral infarction (03/03/2026),Cerebral infarction (03/03/2026),Atrial fibrillation (03/03/2026),,,Hypertension (03/03/2026),ECG: atrial fibrillation (19/08/2021),,,ANXIETY (18/06/1999),Anxiety with depression (01/10/2015),,,,,,,,"Trospium chloride 60mg modified-release capsules (15/08/2025)
(Propiverine 15mg tablets (31/01/2001))",(Mirabegron 25mg modified-release tablets (18/06/2025)),"Primary open-angle glaucoma (09/06/2026)
Dizziness symptom (17/02/2005)
[D]Tachycardia, unspecified (02/10/2000)
Hypertension (03/03/2026)
ECG: atrial fibrillation (19/08/2021)",Alcohol consumption - 0 (18/12/2024),1,0,1,1,46269,,,Y,Overactive Bladder,Y,Trospium chloride 60mg modified-release capsules (15/08/2025),Y,Propiverine 15mg tablets (31/01/2001),,,Y,Mirabegron 25mg modified-release tablets (18/06/2025),Y,,,1,Co-codamol 30mg/500mg capsules,Y,"Primary open-angle glaucoma (09/06/2026)
Dizziness symptom (17/02/2005)
[D]Tachycardia, unspecified (02/10/2000)
Hypertension (03/03/2026)
ECG: atrial fibrillation (19/08/2021)",,,,,1 - Patients with OAB currently receiving antimuscarinic therapy only,,Action: facilitate overactive bladder management review,Action - invite to pharmacist led clinic,Y,Letter,46274,0.6875,Booked for clinic,,,,,,,,72,153,30.8,Obesity I (30-34.9),,,,,,,,Y,11,16,Y,,Y,,Y,,,,,,,Y,Y,,,Y,Y,Y,,,Y,Ambulatory ECG,44447,Y,,,,Y,,Y,Y,,Y,Y,,,,,,,,,,,Current,Past,,,132/65,46168,72,46177,140,46177,4,46177,5.6,46177,69,46177,16,46177,,,137,46177,5,46177,41,46177,39,46058,,,,,,,,1,Co-codamol 30mg/500mg capsules,,,,,,,,,,,,,,,,,,,,,,,,,,,,,,,,,,,,,,,,,,,,,,,,,,,,,,,,,,,,,0,1,1,1,1,0,0,0,0,0,0
14,0,0,1231,62,Female,White British - ethnic category 2001 census,,,,,,,,,Haematuria,36462,,,,,Neurogenic bladder,45831,,,,,,,,,,,,,,,,,,,,,Overactive bladder,46183,Overactive bladder,46183,,,,,,,,,,,Recurrent urinary tract infection,46252,,,,,,,,,Seen in urology clinic,45838,,,Seen in gynaecology clinic,42333,,,,,,,,,,,,,,,,,,,,,,,,,,,Urge incontinence of urine,45813,FREQUENCY MICTURITION,35962,,,,,,,Cystitis,39729,,,,,,,,,,,Solifenacin 10mg tablets,46259,,,,,,,,,,,,,,,,,,,,,,,Oxybutynin 5mg modified-release tablets,46183,,,,,,,,,,,,,,,,,,,,Solifenacin 10mg tablets,46259,76,46171,162,46171,28.96,46171,120,75,46171,70,45835,42,45835,Serum ALT level,13,45973,Serum alkaline phosphatase,71,45973,,,,5,45973,73,45835,4.5,45835,142,45835,5.1,45835,43,45973,,,Alcohol consumption,9,45169,,,,,,,0,,0,,1,Solifenacin 10mg tablets,,,,,,Haematuria (29/10/1999),Recurrent urinary tract infection (18/08/2026),3,17,Seen in urology clinic (30/06/2025),,Seen in gynaecology clinic (25/11/2015),,0,0,0,,,,,,,Cystitis (08/10/2008),,,,,,,,,,,,,,,,,Urge incontinence of urine (05/06/2025),,FREQUENCY MICTURITION (16/06/1998),,,"Solifenacin 10mg tablets (25/08/2026)
(Oxybutynin 5mg modified-release tablets (10/06/2026))",,,Alcohol consumption - 9 (31/08/2023),1,0,1,1,46269,Overactive bladder (10/06/2026),Overactive bladder (10/06/2026),Y,Overactive Bladder,Y,Solifenacin 10mg tablets (25/08/2026),Y,Oxybutynin 5mg modified-release tablets (10/06/2026),,,,,,,Y,3,Solifenacin 10mg tablets,,,,,,,1 - Patients with OAB currently receiving antimuscarinic therapy only,,Action: facilitate overactive bladder management review,Action - invite to pharmacist led clinic,Y,Letter,46274,0.375,Booked for clinic,,,,,,,,76,162,28.96,Overweight (25-29.9),,,,,,,Y,Y,3,17,Y,,Y,,Y,,,,,,,Y,,,,,,,,,,,,,,,,,,,,,,,,,,,Y,,Y,,,,Current,,,,120/75,46171,70,45835,142,45835,4.5,45835,5.1,45835,73,45835,13,45973,,,71,45973,5,45973,43,45973,42,45835,,,,,,,,3,Solifenacin 10mg tablets,,,,,,,,,,,,,,,,,,,,,,,,,,,,,,,,,,,,,,,,,,,,,,,,,,,,,,,,,,,,,0,1,1,1,1,0,0,0,0,0,0
15,0,0,1322,69,Male,White: English or Welsh or Scottish or Northern Irish or British - England and Wales ethnic category 2011 census,,,,,,,,,,,,,,,,,,,,,,,,,,,,,,,,,,,,,,,,,,,,,,,,,,,,,,,,,Prostatism,44735,,,,,,,,,,,,,,,,,,,,,,,,,,,,,,,,,,,,,,,,,,,,,,,,,,,,,,,,,,,,Mirabegron 25mg modified-release tablets,46252,[RFC] Chest infection,,,,Tamsulosin 400microgram modified-release capsules,46252,Prostatism,,,,,,,,,,,,,Darifenacin 15mg modified-release tablets,45138,,Mirabegron 50mg modified-release tablets,46163,,,,,,,,,,,Co-codamol 30mg/500mg capsules,46252,,,,,,,92.1,46098,185.42,46098,26.79,46098,134,89,45741,90,45967,40,45506,Serum ALT level,30,45967,Serum alkaline phosphatase,131,45967,,,,10,45967,62,45967,4.4,45967,141,45967,2.5,45967,39,45967,0.68,44568,Moderate drinker,,45561,,,,,,,1,Co-codamol 30mg/500mg capsules,0,,0,,,,,,,,,0,0,,,,,0,0,0,,,,Prostatism (23/06/2022),,,,,,,,,,,,,,,,,,,,,,,Tamsulosin 400microgram modified-release capsules (18/08/2026),,(Darifenacin 15mg modified-release tablets (31/07/2023)),"Mirabegron 25mg modified-release tablets (18/08/2026)
(Mirabegron 50mg modified-release tablets (21/05/2026))",,Moderate drinker -  (26/09/2024),0,1,1,2,46269,,,Y,Overactive Bladder,,,Y,Darifenacin 15mg modified-release tablets (31/07/2023),Y,Mirabegron 25mg modified-release tablets (18/08/2026),Y,Mirabegron 50mg modified-release tablets (21/05/2026),Y,,,1,Co-codamol 30mg/500mg capsules,,,,,,,2 - Patients with OAB currently receiving beta-3 agonist therapy only,,Action: facilitate overactive bladder management review,Action - invite to pharmacist led clinic,Y,Letter,46274,,Booked for clinic,,,,,,,,92.1,185.42,26.79,Overweight (25-29.9),,,,,,,,,0,0,,,,,Y,,,,Y,,,,,,,,,,,,,,,,,,,,,,,,,,,,0.68,44568,,,,,Y,,Past,Current,,,134/89,45741,90,45967,141,45967,4.4,45967,2.5,45967,62,45967,30,45967,,,131,45967,10,45967,39,45967,40,45506,,,,,,,,1,Co-codamol 30mg/500mg capsules,,,,,,,,,,,,,,,,,,,,,,,,,,,,,,,,,,,,,,,,,,,,,,,,,,,,,,,,,,,,,0,1,1,1,1,0,0,0,0,0,1
16,0,0,1418,73,Female,White British - ethnic category 2001 census,,,,,,,,,,,,,,,,,,,,,,,Constipation,42632,,,,,,,,,,,Incontinence of urine,40249,,,,,,,,,,,,,,,,,,,,,,,,,,,,,Seen in gynaecology clinic,46218,,,,,,,,,,,,,,,,,,,,,,,,,,,,,,,,,,,,,,,,,,,,,,,,,Tolterodine 4mg modified-release capsules,46217,Detrusor instability,,,,,,,,,,,,,,,,,,,,,,Solifenacin 5mg tablets,45939,,,,,,,,,,,,,,,,,,,,Tolterodine 4mg modified-release capsules,46217,91,45443,157,45443,36.92,45443,107,60,46145,90,45510,38,45981,Serum ALT level,33,45510,Serum alkaline phosphatase,104,45510,,,,12,45510,56,45510,4.5,42786,142,45510,4.6,45510,43,45510,,,Alcohol consumption,3,45351,Constipation (19/09/2016),,,,,,0,,0,,1,Tolterodine 4mg modified-release capsules,,,,,,,,0,0,,,Seen in gynaecology clinic (15/07/2026),,0,1,1,,,,,,,,,,,,,,,,,,,,,,,,,Incontinence of urine (12/03/2010),,,,"Tolterodine 4mg modified-release capsules (14/07/2026)
(Solifenacin 5mg tablets (09/10/2025))",,Constipation (19/09/2016),Alcohol consumption - 3 (29/02/2024),1,0,1,1,46269,,,Y,Overactive Bladder,Y,Tolterodine 4mg modified-release capsules (14/07/2026),Y,Solifenacin 5mg tablets (09/10/2025),,,,,,,Y,3,Tolterodine 4mg modified-release capsules,Y,Constipation (19/09/2016),,,,,1 - Patients with OAB currently receiving antimuscarinic therapy only,,Action: facilitate overactive bladder management review,Action - invite to pharmacist led clinic,Y,Letter,46274,,Booked for clinic,,,,,,,,91,157,36.92,Obesity II (35-39.9),,,,,,,,,0,0,,,Y,,Y,,,,,,,,,,,,,,,,,,,,,,Y,,,,,,,,,,,,,Y,,,,,Current,,,,107/60,46145,90,45510,142,45510,4.5,42786,4.6,45510,56,45510,33,45510,,,104,45510,12,45510,43,45510,38,45981,,,,,,,,3,Tolterodine 4mg modified-release capsules,,,,,,,,,,,,,,,,,,,,,,,,,,,,,,,,,,,,,,,,,,,,,,,,,,,,,,,,,,,,,0,1,1,1,1,0,0,0,0,0,0
17,0,0,1465,82,Male,White British - ethnic category 2001 census,,,,,,,,,,,,,,,,,,,,,,,,,,,,,,,Dizziness symptom,40042,,,,,,,,,,,,,,,,,,,,,,,,,Malig neop prostate,36489,Malig neop prostate,36489,Seen in urology clinic,39575,,,,,,,,,Essential hypertension,45400,,,,,,,,,,,,,,,,,,,,,Urge incontinence of urine,42143,FREQUENCY MICTURITION,35962,,,,,,,,,,,,,,,,,,,Solifenacin 10mg tablets,46149,,,,,,,,,,,,,,,,,,,,,,,Oxybutynin 5mg tablets,36318,,,,,,,,,,,,,,Co-codamol 30mg/500mg capsules,46247,,,,,Solifenacin 10mg tablets,46149,78,44903,170,44903,26.99,44903,146,72,45890,68,45848,40,44883,Serum ALT level,22,44883,Serum alkaline phosphatase,77,45378,,,,10,44883,93,45848,4.5,45848,144,45848,9,45848,46,45378,0.04,45378,Alcohol units consumed per week,2,45454,,,,Dizziness symptom (17/08/2009),,,1,Co-codamol 30mg/500mg capsules,0,,1,Solifenacin 10mg tablets,,Malig neop prostate (25/11/1999),,,,,,0,0,Seen in urology clinic (07/05/2008),,,,0,0,0,,,,Malig neop prostate (25/11/1999),,,,,,Malig neop prostate (25/11/1999),,,,,,Essential hypertension (18/04/2024),,,,,,,,Urge incontinence of urine (19/05/2015),,FREQUENCY MICTURITION (16/06/1998),,,"Solifenacin 10mg tablets (07/05/2026)
(Oxybutynin 5mg tablets (07/06/1999))",,"Dizziness symptom (17/08/2009)
Essential hypertension (18/04/2024)",Alcohol units consumed per week - 2 (11/06/2024),1,0,1,1,46269,,,Y,Overactive Bladder,Y,Solifenacin 10mg tablets (07/05/2026),Y,Oxybutynin 5mg tablets (07/06/1999),,,,,Y,,Y,4,"Co-codamol 30mg/500mg capsules
Solifenacin 10mg tablets",Y,"Dizziness symptom (17/08/2009)
Essential hypertension (18/04/2024)",,,,,1 - Patients with OAB currently receiving antimuscarinic therapy only,,Action: facilitate overactive bladder management review,Action - invite to pharmacist led clinic,Y,Letter,46274,,Booked for clinic,,,,,,,,78,170,26.99,Overweight (25-29.9),,,Y,,,,,,0,0,Y,,,,Y,,,,Y,,,,,,Y,,,,,,Y,,,,,,,,,Y,,,,,,,0.04,45378,Y,,Y,,,,Current,,,,146/72,45890,68,45848,144,45848,4.5,45848,9,45848,93,45848,22,44883,,,77,45378,10,44883,46,45378,40,44883,,,,,,,,4,"Co-codamol 30mg/500mg capsules
Solifenacin 10mg tablets",,,,,,,,,,,,,,,,,,,,,,,,,,,,,,,,,,,,,,,,,,,,,,,,,,,,,,,,,,,,,0,1,1,1,1,0,0,0,0,0,0
18,0,0,1507,72,Female,White British - ethnic category 2001 census,,,,,,,,,Haematuria,42620,,,,,,,,,,,,,,,,,,,,,Dizziness symptom,42290,,,,,,,,,Incontinent of faeces symptom,38989,,,,,,,,,,,,,,,,,,,Seen in urology clinic,42710,,,,,,,,,,,,,,,,,,,Anxiety with depression,43005,,,,,,,,,,,,,,,,,,,,,,,,,,,,,,,,,,,,Mirabegron 50mg modified-release tablets,46244,,,,,,,,,,,,,,,,,,,,Tolterodine 2mg tablets,42725,Detrusor instability,Mirabegron 50mg modified-release tablets,45756,,,,,,,,,,,,,,,,,,,80,46155,170,46155,27.68,46155,120,84,46204,90,45280,32,46155,Serum ALT level,17,46155,Serum alkaline phosphatase,36,46155,,,,7,46155,48,46155,4.2,46155,136,46155,4.2,46155,40,46155,,,,,,,,,Dizziness symptom (13/10/2015),,,0,,0,,0,,Incontinent of faeces symptom (29/09/2006),,,,,Haematuria (07/09/2016),,0,0,Seen in urology clinic (06/12/2016),,,,0,0,0,,,,,,,,,,,,,,,,,,,,,Anxiety with depression (27/09/2017),,,,,,,,(Tolterodine 2mg tablets (21/12/2016)),"Mirabegron 50mg modified-release tablets (10/08/2026)
(Mirabegron 50mg modified-release tablets (09/04/2025))",Dizziness symptom (13/10/2015),,0,1,1,2,46269,,,Y,Overactive Bladder,,,Y,Tolterodine 2mg tablets (21/12/2016),Y,Mirabegron 50mg modified-release tablets (10/08/2026),Y,Mirabegron 50mg modified-release tablets (09/04/2025),,,,0,,Y,Dizziness symptom (13/10/2015),,,,,2 - Patients with OAB currently receiving beta-3 agonist therapy only,,Action: facilitate overactive bladder management review,Action - invite to pharmacist led clinic,Y,Letter,46274,,Booked for clinic,,,,,,,,80,170,27.68,Overweight (25-29.9),,Y,,,,,Y,,0,0,Y,,,,Y,,,,,,,,,,,,,,,,,,,,,,,,,Y,,,,Y,,,,,,,,,,,Past,Current,,,120/84,46204,90,45280,136,46155,4.2,46155,4.2,46155,48,46155,17,46155,,,36,46155,7,46155,40,46155,32,46155,,,,,,,,0,,,,,,,,,,,,,,,,,,,,,,,,,,,,,,,,,,,,,,,,,,,,,,,,,,,,,,,,,,,,,,0,1,1,1,1,0,0,0,0,0,0
19,0,0,1598,78,Female,White British - ethnic category 2001 census,,,,,,,,,,,,,,,,,,,,,Glaucoma,46147,,,Dry mouth,42964,,,,,Dizziness,44228,,,,,Overactive bladder,45244,Overactive bladder,45320,,,,,,,,,,,,,,,,,,,,,Seen in urology clinic,45929,,,,,,,,,,,,,,,,,,,Anxiety with depression,43161,,,,,ANXIOUS,33869,,,,,Urge incontinence of urine,45859,FREQUENCY MICTURITION,33123,,,,,,,CYSTITIS,33007,,,,,,,,,,,Solifenacin 5mg tablets,46213,,Mirabegron 50mg modified-release tablets,46248,Detrusor instability,,,,,,,,,,,,,,,,,,,Darifenacin 7.5mg modified-release tablets,,,Mirabegron 50mg modified-release tablets,42359,,,,,,,,,,,,,,,,,Solifenacin 5mg tablets,46213,66,45099,159,45099,26.1,45099,121,77,46245,68,45840,35,45954,Serum ALT level,20,45840,Serum alkaline phosphatase,97,45840,,,,20,45840,72,45840,4.5,45840,141,45840,5.1,45840,45,45840,,,Alcohol intake within recommended sensible limits,,45323,,Glaucoma (05/05/2026),Dry mouth (17/08/2017),Dizziness (01/02/2021),,,0,,0,,1,Solifenacin 5mg tablets,,,,,,,,0,1,Seen in urology clinic (29/09/2025),,,,0,0,0,,,,,,,CYSTITIS (14/05/1990),,,,,,,,,,,,,ANXIOUS (22/09/1992),Anxiety with depression (02/03/2018),,,Urge incontinence of urine (21/07/2025),,FREQUENCY MICTURITION (07/09/1990),,,Solifenacin 5mg tablets (10/07/2026),"Mirabegron 50mg modified-release tablets (14/08/2026)
(Mirabegron 50mg modified-release tablets (21/12/2015))","Glaucoma (05/05/2026)
Dry mouth (17/08/2017)
Dizziness (01/02/2021)",Alcohol intake within recommended sensible limits -  (01/02/2024),1,1,1,3,46269,Overactive bladder (14/11/2023),Overactive bladder (29/01/2024),Y,Overactive Bladder,Y,Solifenacin 5mg tablets (10/07/2026),,,Y,Mirabegron 50mg modified-release tablets (14/08/2026),Y,Mirabegron 50mg modified-release tablets (21/12/2015),,,Y,3,Solifenacin 5mg tablets,Y,"Glaucoma (05/05/2026)
Dry mouth (17/08/2017)
Dizziness (01/02/2021)",,,,,3 - Patients with OAB currently receiving antimuscarinic therapy and beta-3 agonist therapy,,Action: facilitate overactive bladder management review,Action - invite to pharmacist led clinic,Y,Letter,46274,,Booked for clinic,,,,,,,,66,159,26.1,Overweight (25-29.9),,,,,,,,,0,1,Y,,,,Y,,,,,,,Y,,,,,,,,,,,,,,,,Y,Y,Y,,,Y,Y,,,,,Y,,Y,,,,Current,Current,,,121/77,46245,68,45840,141,45840,4.5,45840,5.1,45840,72,45840,20,45840,,,97,45840,20,45840,45,45840,35,45954,,,,,,,,3,Solifenacin 5mg tablets,,,,,,,,,,,,,,,,,,,,,,,,,,,,,,,,,,,,,,,,,,,,,,,,,,,,,,,,,,,,,0,1,1,1,1,0,0,0,0,0,0
20,0,0,1625,83,Female,White British - ethnic category 2001 census,,,,,,,,,,,,,,,,,,,,,,,,,,,,,,,Dizziness symptom,39464,,,,,,,,,,,,,,,,,,,Recurrent urinary tract infecn,36696,,,,,,,,,,,,,Seen in gynaecology clinic,36627,,,,,Hypertensive disease,42275,,,,,,,,,,,,,,,,,,,,,,,,,,,Adverse reaction to Solifenacin,45798,,,,,ECG,45602,,,,,,,,,,,,Mirabegron 50mg modified-release tablets,46248,,,,,,,,,,,,,,,,,,,,Solifenacin 10mg tablets,45741,,Mirabegron 25mg modified-release tablets,,,,,,,,,,,,,,,,,,,,68,45938,157,45938,27.6,45938,144,60,46132,66,46240,43,45873,Serum ALT level,18,46240,Serum alkaline phosphatase,85,46240,,,,4,46240,73,46240,4.4,46240,138,46240,5.2,46240,40,46240,,,Alcohol units consumed per week,1,45938,,,,Dizziness symptom (17/01/2008),,,0,,0,,0,,,,,,,,Recurrent urinary tract infecn (19/06/2000),0,0,,,Seen in gynaecology clinic (11/04/2000),,1,0,1,,,,,,,,,,,,,,,,Hypertensive disease (28/09/2015),,,,,,,,,,,,,(Solifenacin 10mg tablets (25/03/2025)),"Mirabegron 50mg modified-release tablets (14/08/2026)
()","Dizziness symptom (17/01/2008)
Hypertensive disease (28/09/2015)",Alcohol units consumed per week - 1 (08/10/2025),0,1,1,2,46269,,,Y,Overactive Bladder,,,Y,Solifenacin 10mg tablets (25/03/2025),Y,Mirabegron 50mg modified-release tablets (14/08/2026),,,,,,0,,Y,"Dizziness symptom (17/01/2008)
Hypertensive disease (28/09/2015)",Y,Adverse reaction to Solifenacin (21/05/2025),,,2 - Patients with OAB currently receiving beta-3 agonist therapy only,,Action: facilitate overactive bladder management review,Action - invite to pharmacist led clinic,Y,Letter,46274,,,,,,,,,,68,157,27.6,Overweight (25-29.9),,,,,,,,Y,0,0,,,Y,,Y,,,,,,,,,,,,,,,,Y,ECG,45602,,,,,,,Y,,,,,,,,,,,,,,,Past,Current,,,144/60,46132,66,46240,138,46240,4.4,46240,5.2,46240,73,46240,18,46240,,,85,46240,4,46240,40,46240,43,45873,,,,,,,,0,,Adverse reaction to Solifenacin (21/05/2025),,,,,,,,,,,,,,,,,,,,,,,,,,,,,,,,,,,,,,,,,,,,,,,,,,,,,,,,,,,,0,1,1,1,1,0,0,0,0,0,0
21,0,0,1772,68,Male,White: English or Welsh or Scottish or Northern Irish or British - England and Wales ethnic category 2011 census,,,,,,,,,,,,,,,,,BOO - Bladder outflow obstruction,40841,[D]Acute retention of urine,41016,,,Constipation symptom,41585,Dry mouth,42163,,,,,,,,,,,,,,,,,,,,,,,,,,,,,,,Malignant neoplasm of prostate,43230,Malignant neoplasm of prostate,43230,Seen in urology clinic,43593,Endoscopic prostatectomy,41574,,,,,,,Essential hypertension,46203,,,,,,,,,Anxiety with depression,37637,,,,,,,,,,,[D] Urgency of micturition,42510,,,,,,,,,,,,,,,,,,,,,Solifenacin 5mg tablets,45912,Prostatism,,,,,,,,,,,,,,,,,,,,,,Solifenacin 10mg tablets,,Prostatism,,,,Tamsulosin 400microgram modified-release capsules,40641,,,,,,,,,,,,,,,,79,46203,168,46203,27.99,46203,130,64,46203,70,45715,36,45282,Serum ALT level,21,45315,Serum alkaline phosphatase,58,45315,,,,12,45315,93,45715,3.8,45715,139,45715,4.3,45715,44,45315,0.01,45715,,,,Constipation symptom (07/11/2013),,Dry mouth (08/06/2015),,,,0,,0,,0,,,"[D]Acute retention of urine (17/04/2012)
Malignant neoplasm of prostate (10/05/2018)",,,,,,0,0,Seen in urology clinic (08/05/2019),Endoscopic prostatectomy (27/10/2013),,,0,1,1,,,,Malignant neoplasm of prostate (10/05/2018),,,,,,Malignant neoplasm of prostate (10/05/2018),,,,,,Essential hypertension (30/06/2026),,,,,Anxiety with depression (16/01/2003),,,[D] Urgency of micturition (20/05/2016),,,,,Solifenacin 5mg tablets (12/09/2025),,"Constipation symptom (07/11/2013)
Dry mouth (08/06/2015)
Essential hypertension (30/06/2026)",,1,0,0,1,46269,,,Y,Overactive Bladder,Y,Solifenacin 5mg tablets (12/09/2025),,,,,,,,,,0,,Y,"Constipation symptom (07/11/2013)
Dry mouth (08/06/2015)
Essential hypertension (30/06/2026)",,,,,1 - Patients with OAB currently receiving antimuscarinic therapy only,,Action: facilitate overactive bladder management review,Action - invite to pharmacist led clinic,Y,Letter,46274,,,,,,,,,,79,168,27.99,Overweight (25-29.9),,,Y,,,,,,0,0,Y,Y,,,Y,,,,Y,,,,,,Y,,,,,,Y,,,,,,Y,,Y,,,,,Y,,,0.01,45715,Y,,,,,,Current,,,,130/64,46203,70,45715,139,45715,3.8,45715,4.3,45715,93,45715,21,45315,,,58,45315,12,45315,44,45315,36,45282,,,,,,,,0,,,,,,,,,,,,,,,,,,,,,,,,,,,,,,,,,,,,,,,,,,,,,,,,,,,,,,,,,,,,,,0,1,1,1,1,0,0,0,0,0,0
22,0,0,1774,70,Female,White British - ethnic category 2001 census,,,,,,,,,,,,,,,,,,,,,,,Constipation,43502,,,,,,,MSG:Dizziness symptom,40808,,,,,,,,,,,,,,,,,,,,,,,,,,,,,,,,,Seen in gynaecology clinic,46253,,,,,,,,,,,,,,,,,,,,,,,,,,,Urgent desire to urinate,45908,,,,,,,,,,,,,,,,,,,,,,,,,,,,,,,,,,,,,,,,,,,,,Solifenacin 5mg tablets,45908,,,,,,,,,,,,,,,,,,,,,,53,46091,165.1,46091,19.44,46091,122,62,46010,65,45722,35,45868,Serum ALT level,10,45722,Serum alkaline phosphatase,61,45722,,,,7,45722,76,45722,4.9,45722,143,45722,7.6,45722,40,45722,,,Alcohol units consumed per week,0,45700,Constipation (06/02/2019),,,MSG:Dizziness symptom (22/09/2011),,,0,,0,,0,,,,,,,,,0,0,,,Seen in gynaecology clinic (19/08/2026),,0,1,1,,,,,,,,,,,,,,,,,,,,,,,,Urgent desire to urinate (08/09/2025),,,,,(Solifenacin 5mg tablets (08/09/2025)),,"Constipation (06/02/2019)
MSG:Dizziness symptom (22/09/2011)",Alcohol units consumed per week - 0 (12/02/2025),0,0,1,0,46269,,,N,,,,Y,Solifenacin 5mg tablets (08/09/2025),,,,,,,,0,,Y,"Constipation (06/02/2019)
MSG:Dizziness symptom (22/09/2011)",,,,,X - Not meeting cohort criteria,,No action: not meeting review criteria,No Action,N,,,,,,,,,,,,53,165.1,19.44,Healthy weight (18.5-24.9),,,,,,,,,0,0,,,Y,,Y,,,,,,,,,,,,,,,,,,,,,,Y,,,Y,,,,,,,,,Y,,,,,,Past,,,,122/62,46010,65,45722,143,45722,4.9,45722,7.6,45722,76,45722,10,45722,,,61,45722,7,45722,40,45722,35,45868,,,,,,,,0,,,,,,,,,,,,,,,,,,,,,,,,,,,,,,,,,,,,,,,,,,,,,,,,,,,,,,,,,,,,,,0,0,0,0,0,0,0,0,0,0,0
23,0,0,1909,69,Female,White British - ethnic category 2001 census,,,,,,,,,,,,,,,,,,,,,,,Constipation,42131,Dry mouth,38761,,,Palpitations,41624,Dizziness symptom,40071,,,Incontinence of urine,43181,,,,,,,,,,,,,,,,,,,,,,,,,Seen in urology clinic,38447,,,Seen in gynaecology clinic,38365,,,,,Hypertensive disease,42244,,,,,,,,,[X]Depression NOS,41087,,,,,Anxious,39737,,,,,,,Urinary frequency,42244,Excessive sweating,46001,,,,,Cystitis,38096,Electrocardiographic procedure,44544,,,,,,,,,Solifenacin 5mg tablets,46246,,,,,,,,,,,,,,,,,,,,,,,Oxybutynin 10mg modified-release tablets,40994,,,,,,,,,,,,,,Co-codamol 30mg/500mg tablets,46246,,,,,Solifenacin 5mg tablets,46246,87,46203,152.4,45994,37.46,46203,131,75,46183,86,46014,41,46014,Serum ALT level,18,46014,Serum alkaline phosphatase,95,46014,,,,6,46014,60,46014,4.4,45846,146,45846,6.3,45846,43,46014,,,,,,Constipation (07/05/2015),,Dry mouth (13/02/2006),Dizziness symptom (15/09/2009),Palpitations (16/12/2013),,1,Co-codamol 30mg/500mg tablets,0,,1,Solifenacin 5mg tablets,,,,,,,,0,1,Seen in urology clinic (05/04/2005),,Seen in gynaecology clinic (13/01/2005),,0,0,0,,,,,Excessive sweating (10/12/2025),,Cystitis (19/04/2004),,,,,,,,,Hypertensive disease (28/08/2015),,,,Anxious (16/10/2008),[X]Depression NOS (27/06/2012),,,,Incontinence of urine (22/03/2018),Urinary frequency (28/08/2015),,,"Solifenacin 5mg tablets (12/08/2026)
(Oxybutynin 10mg modified-release tablets (26/03/2012))",,"Constipation (07/05/2015)
Dry mouth (13/02/2006)
Dizziness symptom (15/09/2009)
Palpitations (16/12/2013)
Hypertensive disease (28/08/2015)",,1,0,1,1,46269,,,Y,Overactive Bladder,Y,Solifenacin 5mg tablets (12/08/2026),Y,Oxybutynin 10mg modified-release tablets (26/03/2012),,,,,Y,,Y,4,"Co-codamol 30mg/500mg tablets
Solifenacin 5mg tablets",Y,"Constipation (07/05/2015)
Dry mouth (13/02/2006)
Dizziness symptom (15/09/2009)
Palpitations (16/12/2013)
Hypertensive disease (28/08/2015)",,,,,1 - Patients with OAB currently receiving antimuscarinic therapy only,,Action: facilitate overactive bladder management review,Action - invite to pharmacist led clinic,Y,Letter,46274,,,,,,,,,,87,152.4,37.46,Obesity II (35-39.9),,,,,,,,,0,1,Y,,Y,,Y,,,,,Y,,Y,,,,,,,,,Y,Electrocardiographic procedure,44544,,,,Y,,Y,Y,Y,,Y,Y,,,,,,Y,Y,,,,Current,,,,131/75,46183,86,46014,146,45846,4.4,45846,6.3,45846,60,46014,18,46014,,,95,46014,6,46014,43,46014,41,46014,,,,,,,,4,"Co-codamol 30mg/500mg tablets
Solifenacin 5mg tablets",,,,,,,,,,,,,,,,,,,,,,,,,,,,,,,,,,,,,,,,,,,,,,,,,,,,,,,,,,,,,0,1,1,1,1,0,0,0,0,0,0
24,0,0,1974,89,Male,White British - ethnic category 2001 census,Vascular dementia,46248,,,,,,,,,,,,,,,Bladder outflow obstruction,44490,,,,,,,,,,,,,,,,,Incontinence of urine,43741,Overactive bladder,43685,Overactive bladder,43685,,,,,,,,,,,,,,,Parkinson's disease,38754,Prostatism,44518,,,Seen in urology clinic,44525,,,,,Type 2 diabetes mellitus,41768,,,Hypertensive disorder,44120,,,,,,,,,,,,,,,,,,,,,,,,,,,,,,,,,ECG done,46035,Echocardiogram abnormal,46077,,,,,,,Darifenacin 7.5mg modified-release tablets,46259,Patient reviewed,,,,Finasteride 5mg tablets,46205,,Tamsulosin 400microgram modified-release capsules,46259,BOO - Bladder outflow obstruction,,,,,,,Bumetanide 1mg tablets,46259,,,,,Tolterodine 1mg tablets,43685,Overactive bladder,,,,Tamsulosin 400microgram modified-release capsules,,BOO - Bladder outflow obstruction,,,,,,,Trazodone 50mg capsules,46259,,,,,Darifenacin 7.5mg modified-release tablets,46259,73,46027,172,45952,23.7,45952,150,60,46212,68,46258,41,45905,Serum ALT level,25,45905,Serum alkaline phosphatase,74,45905,,,,7,45905,91,46258,3.5,46258,139,46258,7.4,46258,35,45905,0.34,45149,,,,,,,,,Vascular dementia (14/08/2026),1,Trazodone 50mg capsules,0,,1,Darifenacin 7.5mg modified-release tablets,,,,,,,,0,0,Seen in urology clinic (25/11/2021),,,,2,0,2,,,Parkinson's disease (06/02/2006),Prostatism (18/11/2021),,,,Type 2 diabetes mellitus (09/05/2014),,,,,,,,Hypertensive disorder (16/10/2020),Echocardiogram abnormal (24/02/2026),,Bumetanide 1mg tablets (25/08/2026),,,,,,Incontinence of urine (03/10/2019),,Tamsulosin 400microgram modified-release capsules (25/08/2026),Finasteride 5mg tablets (02/07/2026),"Darifenacin 7.5mg modified-release tablets (25/08/2026)
(Tolterodine 1mg tablets (08/08/2019))",,"Vascular dementia (14/08/2026)
Hypertensive disorder (16/10/2020)
Echocardiogram abnormal (24/02/2026)",,1,0,1,1,46269,Overactive bladder (08/08/2019),Overactive bladder (08/08/2019),Y,Overactive Bladder,Y,Darifenacin 7.5mg modified-release tablets (25/08/2026),Y,Tolterodine 1mg tablets (08/08/2019),,,,,Y,,Y,4,"Trazodone 50mg capsules
Darifenacin 7.5mg modified-release tablets",Y,"Vascular dementia (14/08/2026)
Hypertensive disorder (16/10/2020)
Echocardiogram abnormal (24/02/2026)",,,,,1 - Patients with OAB currently receiving antimuscarinic therapy only,,Action: facilitate overactive bladder management review,Action - invite to pharmacist led clinic,Y,Letter,46274,,,,,,,,,,73,172,23.7,Healthy weight (18.5-24.9),,,,,,,,,0,0,Y,,,,Y,,,Y,Y,,,,Y,,,,,,,,Y,ECG done,46035,Y,,Y,,,,,,Y,,,,,0.34,45149,,Y,,,Y,Y,Current,,,,150/60,46212,68,46258,139,46258,3.5,46258,7.4,46258,91,46258,25,45905,,,74,45905,7,45905,35,45905,41,45905,,,,,,,,4,"Trazodone 50mg capsules
Darifenacin 7.5mg modified-release tablets",,,,,,,,,,,,,,,,,,,,,,,,,,,,,,,,,,,,,,,,,,,,,,,,,,,,,,,,,,,,,0,1,1,1,1,0,0,0,0,0,1
25,0,0,2214,58,Female,White British - ethnic category 2001 census,,,Housebound,45022,,,,,,,,,,,,,,,,,,,,,,,,,,,,,,,,,Overactive bladder,42241,Overactive bladder,42282,,,,,,,,,,,,,,,,,,,,,,,,,Seen in gynaecology clinic,43605,Type 2 diabetes mellitus,45912,CVA unspecified,44848,Hypertensive disease,43423,CVA unspecified,44848,,,,,,,DEPRESSION,33515,,,,,,,,,,,Urge incontinence of urine,42306,,,,,,,,,,,,,,,,,,,,,Solifenacin 1mg/ml oral suspension sugar free,46262,,,,,,,,,,,,,,,,,,,,,,,Darifenacin 7.5mg modified-release tablets,42282,,,,,,,,,,,,,,Cetirizine 1mg/ml oral solution sugar free,46262,,,,,Solifenacin 1mg/ml oral suspension sugar free,46262,95,46178,163,45260,35.76,46178,110,66,46176,90,44466,75,46155,Serum ALT level,12,46155,Serum alkaline phosphatase,64,46155,,,,7,46155,47,46155,4.8,46155,137,46155,7.8,46155,41,46155,,,Alcohol consumption,1,45260,,,,,,,1,Cetirizine 1mg/ml oral solution sugar free,0,,1,Solifenacin 1mg/ml oral suspension sugar free,,,,,,,,4,5,,,Seen in gynaecology clinic (20/05/2019),,1,0,1,,,,,,,,Type 2 diabetes mellitus (12/09/2025),,,CVA unspecified (14/10/2022),CVA unspecified (14/10/2022),,,,Hypertensive disease (19/11/2018),,,,,DEPRESSION (04/10/1991),,,Urge incontinence of urine (29/10/2015),,,,,"Solifenacin 1mg/ml oral suspension sugar free (28/08/2026)
(Darifenacin 7.5mg modified-release tablets (05/10/2015))",,Hypertensive disease (19/11/2018),Alcohol consumption - 1 (30/11/2023),1,0,1,1,46269,Overactive bladder (25/08/2015),Overactive bladder (05/10/2015),Y,Overactive Bladder,Y,Solifenacin 1mg/ml oral suspension sugar free (28/08/2026),Y,Darifenacin 7.5mg modified-release tablets (05/10/2015),,,,,Y,,Y,4,"Cetirizine 1mg/ml oral solution sugar free
Solifenacin 1mg/ml oral suspension sugar free",Y,Hypertensive disease (19/11/2018),,,,,1 - Patients with OAB currently receiving antimuscarinic therapy only,,Action: facilitate overactive bladder management review,Action - invite to pharmacist led clinic,Y,Letter,46274,,,,,,,,,,95,163,35.76,Obesity II (35-39.9),,,,,,,,,4,5,,,Y,,Y,,,,,,,,Y,,,Y,Y,,,,Y,,,,,,,,,,,,,Y,,,,,Y,,,,,,Current,,,,110/66,46176,90,44466,137,46155,4.8,46155,7.8,46155,47,46155,12,46155,,,64,46155,7,46155,41,46155,75,46155,,,,,,,,4,"Cetirizine 1mg/ml oral solution sugar free
Solifenacin 1mg/ml oral suspension sugar free",,,,,,,,,,,,,,,,,,,,,,,,,,,,,,,,,,,,,,,,,,,,,,,,,,,,,,,,,,,,,0,1,1,1,1,0,0,0,0,0,0
26,0,0,2292,65,Female,White British - ethnic category 2001 census,,,,,,,,,,,,,,,,,,,,,,,Constipation,42633,,,,,,,Dizziness,45527,,,Incontinence of urine,43231,,,,,,,,,,,,,PREGNANCY,33163,,,,,,,,,,,,,,,Seen in gynaecology clinic,38775,Type 2 diabetes mellitus,46007,,,Hypertensive disorder,44375,,,,,,,,,,,,,,,,,,,,,,,,,Flushing,44690,,,,,,,,,,,,,,,,,Tolterodine 1mg tablets,46248,Medication review,,,,,,,,,,,,,Dapagliflozin 10mg tablets,46248,,,,,,,,Tolterodine 2mg tablets,43843,Incontinence of urine,,,,,,,,,,,,,,,,,,,Tolterodine 1mg tablets,46248,78,46217,169,46217,27.31,46217,118,80,46217,50,46219,42,46219,Serum ALT level,28,46027,Serum alkaline phosphatase,73,46027,,,,6,46027,97,46219,3.8,46219,138,46219,7.5,46219,49,46027,,,Trivial drinker - <1u/day,,46217,Constipation (20/09/2016),,,Dizziness (23/08/2024),,,0,,0,,1,Tolterodine 1mg tablets,,,,,,,,1,1,,,Seen in gynaecology clinic (27/02/2006),PREGNANCY (17/10/1990),0,0,0,,,,,Flushing (09/05/2022),,,Type 2 diabetes mellitus (16/12/2025),,,,,,,,Hypertensive disorder (28/06/2021),,Dapagliflozin 10mg tablets (14/08/2026),,,,,,,Incontinence of urine (11/05/2018),,,,"Tolterodine 1mg tablets (14/08/2026)
(Tolterodine 2mg tablets (13/01/2020))",,"Constipation (20/09/2016)
Dizziness (23/08/2024)
Hypertensive disorder (28/06/2021)",Trivial drinker - <1u/day -  (14/07/2026),1,0,1,1,46269,,,Y,Overactive Bladder,Y,Tolterodine 1mg tablets (14/08/2026),Y,Tolterodine 2mg tablets (13/01/2020),,,,,,,Y,3,Tolterodine 1mg tablets,Y,"Constipation (20/09/2016)
Dizziness (23/08/2024)
Hypertensive disorder (28/06/2021)",,,,,1 - Patients with OAB currently receiving antimuscarinic therapy only,,Action: facilitate overactive bladder management review,Action - invite to pharmacist led clinic,Y,Letter,46274,,,,,,,,,,78,169,27.31,Overweight (25-29.9),,,,,,,,,1,1,,,Y,Y,Y,,,,,Y,,,Y,,,,,,,,Y,,,,Y,,Y,,,Y,,,,,,,,,,Y,,,,,Current,,,,118/80,46217,50,46219,138,46219,3.8,46219,7.5,46219,97,46219,28,46027,,,73,46027,6,46027,49,46027,42,46219,,,,,,,,3,Tolterodine 1mg tablets,,,,,,,,,,,,,,,,,,,,,,,,,,,,,,,,,,,,,,,,,,,,,,,,,,,,,,,,,,,,,0,1,1,1,1,0,0,0,0,0,0
27,0,0,2706,70,Female,White British - ethnic category 2001 census,,,,,,,,,,,,,,,,,,,,,,,Constipation,45698,,,,,,,Dizziness,45860,,,Incontinence of urine,40823,,,,,,,,,,,,,,,,,,,,,,,,,,,,,Seen in gynaecology clinic,40829,,,,,,,,,,,,,,,Anxiety with depression,39345,,,,,ANXIOUS,35453,,,,,,,,,,,,,,,,,12 lead ECG,46253,Abnormal ECG,45889,,,,,,,Solifenacin 5mg tablets,46268,,,,,,,,,,,Duloxetine 30mg gastro-resistant capsules,46266,[X]Schizoaffective disorders,,,,,,,,,,Solifenacin 5mg tablets,,,,,,,,,,,,Duloxetine 20mg gastro-resistant capsules,38673,,,,,,Atropine 1% eye drops,46266,Solifenacin 5mg tablets,46268,71,46247,162,46247,27.05,46247,104,62,46253,50,46252,39,46231,Serum ALT level,20,46253,Serum alkaline phosphatase,119,46253,,,,4,46253,96,46252,4.4,46231,144,46252,6.8,46252,40,46253,,,Alcohol units consumed per week,0,46247,Constipation (10/02/2025),,,Dizziness (22/07/2025),,,0,,0,,2,"Atropine 1% eye drops
Solifenacin 5mg tablets",,,,,,,,0,0,,,Seen in gynaecology clinic (13/10/2011),,0,0,0,,,,,,,,,,,,,,,,,Abnormal ECG (20/08/2025),,,ANXIOUS (23/01/1997),Anxiety with depression (20/09/2007),,,,Incontinence of urine (07/10/2011),,,,Solifenacin 5mg tablets (03/09/2026),,"Constipation (10/02/2025)
Dizziness (22/07/2025)
Abnormal ECG (20/08/2025)",Alcohol units consumed per week - 0 (13/08/2026),1,0,0,1,46269,,,Y,Overactive Bladder,Y,Solifenacin 5mg tablets (03/09/2026),,,,,,,,,Y,6,"Atropine 1% eye drops
Solifenacin 5mg tablets",Y,"Constipation (10/02/2025)
Dizziness (22/07/2025)
Abnormal ECG (20/08/2025)",,,,,1 - Patients with OAB currently receiving antimuscarinic therapy only,,Action: facilitate overactive bladder management review,Action - invite to pharmacist led clinic,Y,Letter,46274,,,,,,,,,,71,162,27.05,Overweight (25-29.9),,,,,,,,,0,0,,,Y,,Y,,,,,,,,,,,,,,,,,12 lead ECG,46253,Y,,,Y,,,Y,,,Y,Y,,,,,,Y,,,,,Current,,,,104/62,46253,50,46252,144,46252,4.4,46231,6.8,46252,96,46252,20,46253,,,119,46253,4,46253,40,46253,39,46231,,,,,,,,6,"Atropine 1% eye drops
Solifenacin 5mg tablets",,,,,,,,,,,,,,,,,,,,,,,,,,,,,,,,,,,,,,,,,,,,,,,,,,,,,,,,,,,,,0,1,1,1,1,0,0,0,0,0,1
28,0,0,2907,85,Female,White British - ethnic category 2001 census,,,,,,,,,,,,,,,,,,,,,,,Constipation,45922,,,,,,,DIZZINESS,36186,,,,,Overactive bladder,44736,Overactive bladder,45616,,,,,,,,,,,,,,,,,,,,,Seen in urology clinic,45804,,,SEEN IN GYNAECOLOGY CLINIC,33122,,,,,Essential hypertension,45716,,,,,,,,,[X]Depression NOS,43818,,,,,,,Falls,45793,,,Urge incontinence of urine,44847,Urinary frequency,41201,,,Adverse reaction to Solifenacin,44544,,,,,12 lead ECG,44519,,,,,,,,,,,,,,,,,,,,,,,,,,,Furosemide 20mg tablets,46255,,,,,Darifenacin 15mg modified-release tablets,44893,Overactive bladder,Mirabegron 50mg modified-release tablets,42116,,,,,,,,,,,Furosemide 20mg tablets,46255,,,,,,,107,46098,157,46098,43.4,46098,118,74,46255,41,46258,32,46078,Serum ALT level,16,46201,Serum alkaline phosphatase,81,46201,,,,19,46201,109,46258,3.7,46258,137,46258,6.9,46258,33,46201,,,Alcohol units consumed per week,0,45643,Constipation (22/09/2025),,,DIZZINESS (26/01/1999),,,1,Furosemide 20mg tablets,0,,0,,,,,,,,,0,0,Seen in urology clinic (27/05/2025),,SEEN IN GYNAECOLOGY CLINIC (06/09/1990),,1,0,1,,,,,,,,,,,,,,,,Essential hypertension (28/02/2025),,,Furosemide 20mg tablets (21/08/2026),,[X]Depression NOS (19/12/2019),,Falls (16/05/2025),Urge incontinence of urine (13/10/2022),,Urinary frequency (19/10/2012),,,(Darifenacin 15mg modified-release tablets (28/11/2022)),(Mirabegron 50mg modified-release tablets (22/04/2015)),"Constipation (22/09/2025)
DIZZINESS (26/01/1999)
Essential hypertension (28/02/2025)",Alcohol units consumed per week - 0 (17/12/2024),0,0,1,4,46269,Overactive bladder (24/06/2022),Overactive bladder (20/11/2024),Y,Overactive Bladder,,,Y,Darifenacin 15mg modified-release tablets (28/11/2022),,,Y,Mirabegron 50mg modified-release tablets (22/04/2015),Y,,,1,Furosemide 20mg tablets,Y,"Constipation (22/09/2025)
DIZZINESS (26/01/1999)
Essential hypertension (28/02/2025)",Y,Adverse reaction to Solifenacin (14/12/2021),,,"4 - Patients with OAB symptoms who are not currently receiving active treatment, have evidence of previous treatment failure, and who may benefit from management optimisation and/or initiation of pharmacological therapy",,Action: facilitate overactive bladder management review,Action - invite to pharmacist led clinic,Y,Letter,46274,,,,,Telephone consultation,46274,AM,0.479166667,TEST tEST,107,157,43.4,Obesity III (40 or more),,,,,,,,,,,Y,,Y,,Y,,,,,,,,,,,,,,,,Y,12 lead ECG,44519,,,Y,Y,,,Y,,,,Y,,Y,,,Y,N,Y,3,,,Past,Past,N/A,Present,118/74,46255,41,46258,137,46258,3.7,46258,6.9,46258,109,46258,16,46201,,,81,46201,19,46201,33,46201,32,46078,Y,12,,,,,,1,Furosemide 20mg tablets,Adverse reaction to Solifenacin (14/12/2021),,,,,,,,,,Escalation of pharmacological management,Antimuscarinic,Initiate,,Tolterodine 2mg tablets,ONE to be taken at BEDTIME,In line with theraputic pathway,Y,,,,,,,,,,,,,,,,,,,,,,,,,,,,,,,,,,Diet / fluid intake advice,Pelvic floor exercise advice,Bladder retraining education,,,,HCO follow-up,28,,0,1,1,1,1,0,1,1,3,1,0
29,0,0,3306,82,Male,White British - ethnic category 2001 census,,,,,,,,,Haematuria,43654,,,,,,,,,,,,,Constipation symptom,40122,,,,,[D]Palpitations,39521,,,,,Incontinence of urine,41442,,,,,,,,,,,,,,,,,,,,,Prostatism,40711,Malignant neoplasm of prostate,39947,Seen in urology clinic,43683,,,,,,,,,Essential hypertension,45708,,,Atrial fibrillation,45036,,,,,,,,,,,,,Falls,41131,,,Urge incontinence of urine,45685,,,,,,,,,,,ECG,40407,,,,,,,,,Solifenacin 5mg tablets,46240,Urge incontinence of urine,Mirabegron 50mg modified-release tablets,46240,Urge incontinence of urine,,,,,,,,,,,,,,,,,,,Solifenacin 5mg tablets,41414,,,,,Tamsulosin 400microgram modified-release capsules,,Prostatism,,,,,,,,,,,,,Solifenacin 5mg tablets,46240,93.895,46203,179.07,46203,29.3,46203,135,72,46203,57,46182,47,46211,Serum ALT level,21,46182,Serum alkaline phosphatase,85,46182,,,,12,46182,107,46182,4.5,46182,139,46182,6.2,46182,38,46182,0.04,45694,Alcohol units consumed per week,20,46203,Constipation symptom (05/11/2009),,,,[D]Palpitations (14/03/2008),,0,,0,,1,Solifenacin 5mg tablets,,Malignant neoplasm of prostate (14/05/2009),,,,Haematuria (08/07/2019),,0,0,Seen in urology clinic (06/08/2019),,,,0,0,0,,,,Prostatism (17/06/2011),,,,,,Malignant neoplasm of prostate (14/05/2009),,,Atrial fibrillation (20/04/2023),,,Essential hypertension (20/02/2025),,,,,,,Falls (10/08/2012),Urge incontinence of urine (28/01/2025),Incontinence of urine (17/06/2013),,,,"Solifenacin 5mg tablets (06/08/2026)
(Solifenacin 5mg tablets (20/05/2013))","Mirabegron 50mg modified-release tablets (06/08/2026)
()","Constipation symptom (05/11/2009)
[D]Palpitations (14/03/2008)
Essential hypertension (20/02/2025)",Alcohol units consumed per week - 20 (30/06/2026),1,1,1,3,46269,,,Y,Overactive Bladder,Y,Solifenacin 5mg tablets (06/08/2026),Y,Solifenacin 5mg tablets (20/05/2013),Y,Mirabegron 50mg modified-release tablets (06/08/2026),,,,,Y,3,Solifenacin 5mg tablets,Y,"Constipation symptom (05/11/2009)
[D]Palpitations (14/03/2008)
Essential hypertension (20/02/2025)",,,,,3 - Patients with OAB currently receiving antimuscarinic therapy and beta-3 agonist therapy,,Action: facilitate overactive bladder management review,Action - invite to pharmacist led clinic,Y,Letter,46274,,,,,,,,,,93.895,179.07,29.3,Overweight (25-29.9),,,Y,,,,Y,,0,0,Y,,,,Y,,,,Y,,,,,,Y,,,Y,,,Y,ECG,40407,,,,Y,,,,Y,,,,,Y,0.04,45694,Y,Y,,,,,Current,Current,,,135/72,46203,57,46182,139,46182,4.5,46182,6.2,46182,107,46182,21,46182,,,85,46182,12,46182,38,46182,47,46211,,,,,,,,3,Solifenacin 5mg tablets,,,,,,,,,,,,,,,,,,,,,,,,,,,,,,,,,,,,,,,,,,,,,,,,,,,,,,,,,,,,,0,1,1,1,1,0,0,0,0,0,0
30,0,0,3464,86,Male,White British,,,,,,,,,,,,,,,,,,,,,,,,,,,,,,,[D]Dizziness,42949,,,,,Overactive bladder,45968,Overactive bladder,45968,,,,,,,,,,,,,,,,,,,Renal cell carcinoma,45406,Seen in urology clinic,46093,,,,,Type 2 diabetes mellitus,46035,Heart failure,46148,Hypertension,46035,,,Atrial fibrillation,46035,Angina pectoris,46136,Heart failure,46148,,,,,,,,,,,,,,,,,,,,,,,,,ECG,43027,Echocardiogram abnormal,43027,,,,,,,,,,,,,,,,,,,,,,Dapagliflozin 10mg tablets,46253,Type 2 diabetes mellitus,Bumetanide 1mg tablets,46253,,,,,Solifenacin 5mg tablets,45968,,,,,,,,,,,,,,,,,,,,,,81,46246,167,46246,29,46246,124,52,46199,26,46262,50,46205,Serum ALT level,24,46238,Serum alkaline phosphatase,102,46238,,,,8,46238,211,46262,4.1,46238,140,46262,24.6,46262,43,46238,,,Alcohol units consumed per week,2,46035,,,,[D]Dizziness (02/08/2017),,,0,,0,,0,,,Renal cell carcinoma (24/04/2024),,,,,,0,0,Seen in urology clinic (12/03/2026),,,,0,0,0,,,,,,,,Type 2 diabetes mellitus (13/01/2026),,Renal cell carcinoma (24/04/2024),Heart failure (06/05/2026),,Atrial fibrillation (13/01/2026),Heart failure (06/05/2026),Angina pectoris (24/04/2026),Hypertension (13/01/2026),Echocardiogram abnormal (19/10/2017),Dapagliflozin 10mg tablets (19/08/2026),Bumetanide 1mg tablets (19/08/2026),,,,,,,,,,(Solifenacin 5mg tablets (07/11/2025)),,"[D]Dizziness (02/08/2017)
Hypertension (13/01/2026)
Echocardiogram abnormal (19/10/2017)",Alcohol units consumed per week - 2 (13/01/2026),0,0,1,0,46269,Overactive bladder (07/11/2025),Overactive bladder (07/11/2025),Y,Overactive Bladder,,,Y,Solifenacin 5mg tablets (07/11/2025),,,,,,,,0,,Y,"[D]Dizziness (02/08/2017)
Hypertension (13/01/2026)
Echocardiogram abnormal (19/10/2017)",,,,,X - Not meeting cohort criteria,,No action: not meeting review criteria,No Action,N,,,,,,,,,,,,81,167,29,Overweight (25-29.9),,,Y,,,,,,0,0,Y,,,,Y,,,,,,,,Y,,Y,Y,,Y,Y,Y,Y,ECG,43027,Y,Y,Y,,,,Y,,,,,,,,,,,,,,,Past,,,,124/52,46199,26,46262,140,46262,4.1,46238,24.6,46262,211,46262,24,46238,,,102,46238,8,46238,43,46238,50,46205,,,,,,,,0,,,,,,,,,,,,,,,,,,,,,,,,,,,,,,,,,,,,,,,,,,,,,,,,,,,,,,,,,,,,,,0,0,0,0,0,0,0,0,0,0,0
31,0,0,3622,73,Female,White British - ethnic category 2001 census,,,,,,,,,Haematuria,41297,,,,,,,,,,,,,Constipation,43949,,,,,Palpitations,42705,Dizziness symptom,41773,,,,,Overactive bladder,44496,Overactive bladder,44496,,,,,,,,,,,,,,,,,,,,,Seen in urology clinic,44334,,,SEEN IN GYNAECOLOGY CLINIC,33508,Type 2 diabetes mellitus,45644,,,Hypertension,42257,,,,,,,,,,,,,,,,,,,,,,,,,,,,,,,Urinary tract infection (lower) - women,39749,ECG,43340,,,,,,,,,Tolterodine 1mg tablets,46268,Overactive bladder,,,,,,,,,,,,,Dapagliflozin 10mg tablets,46268,,,,,,,,,,,,,,,,,,,,,,,,,,,,,Tolterodine 1mg tablets,46268,84.5,45966,152,45966,36.57,45966,120,75,46183,58,46183,43,45966,Serum ALT level,27,45966,Serum alkaline phosphatase,87,46183,,,,8,45966,84,46183,5.1,46183,138,46183,8.3,46183,48,46183,,,Alcohol units consumed per week,4,45709,Constipation (28/04/2020),,,Dizziness symptom (14/05/2014),Palpitations (01/12/2016),,0,,0,,1,Tolterodine 1mg tablets,,,,,,Haematuria (23/01/2013),,0,1,Seen in urology clinic (18/05/2021),,SEEN IN GYNAECOLOGY CLINIC (27/09/1991),,0,0,0,,,,,,,Urinary tract infection (lower) - women (28/10/2008),Type 2 diabetes mellitus (18/12/2024),,,,,,,,Hypertension (10/09/2015),,Dapagliflozin 10mg tablets (03/09/2026),,,,,,,,,,,Tolterodine 1mg tablets (03/09/2026),,"Constipation (28/04/2020)
Dizziness symptom (14/05/2014)
Palpitations (01/12/2016)
Hypertension (10/09/2015)",Alcohol units consumed per week - 4 (21/02/2025),1,0,0,1,46269,Overactive bladder (27/10/2021),Overactive bladder (27/10/2021),Y,Overactive Bladder,Y,Tolterodine 1mg tablets (03/09/2026),,,,,,,,,Y,3,Tolterodine 1mg tablets,Y,"Constipation (28/04/2020)
Dizziness symptom (14/05/2014)
Palpitations (01/12/2016)
Hypertension (10/09/2015)",,,,,1 - Patients with OAB currently receiving antimuscarinic therapy only,,Action: facilitate overactive bladder management review,Action - invite to pharmacist led clinic,Y,Letter,46274,,,,,,,,,,84.5,152,36.57,Obesity II (35-39.9),,,,,,,Y,,0,1,Y,,Y,,Y,,,,,,,Y,Y,,,,,,,,Y,ECG,43340,,Y,,Y,,,Y,Y,,,,,,,,,,,,,,Current,,,,120/75,46183,58,46183,138,46183,5.1,46183,8.3,46183,84,46183,27,45966,,,87,46183,8,45966,48,46183,43,45966,,,,,,,,3,Tolterodine 1mg tablets,,,,,,,,,,,,,,,,,,,,,,,,,,,,,,,,,,,,,,,,,,,,,,,,,,,,,,,,,,,,,0,1,1,1,1,0,0,0,0,0,0
32,0,0,3834,84,Male,White: English or Welsh or Scottish or Northern Irish or British - England and Wales ethnic category 2011 census,,,,,,,,,,,,,,,,,,,,,,,,,,,,,,,Dizziness symptom,40266,,,Urinary incontinence,45610,,,,,,,,,,,,,,,,,,,,,,,,,,,,,,,,,,,,,,,,,,,,,,,,,,,,,,,,,,,Increased frequency of urination,44055,,,,,,,,,,,,,,,,,,,Solifenacin 5mg tablets,46245,Disease suspected,,,,,,,,,,,,,,,,,,,,,,Solifenacin 5mg tablets,45358,Disease suspected,,,,,,,,,,,,,,,,,,,Solifenacin 5mg tablets,46245,74,46097,175.3,46097,24.08,46097,130,80,46258,53,46097,41,46097,Serum ALT level,18,46097,Serum alkaline phosphatase,102,46097,,,,26,46097,115,46097,5.1,46097,139,46097,6.7,46097,46,46097,6.2,45737,Alcohol units consumed per week,0,46097,,,,Dizziness symptom (29/03/2010),,,0,,0,,1,Solifenacin 5mg tablets,,,,,,,,5,4,,,,,0,0,0,,,,,,,,,,,,,,,,,,,,,,,,,Urinary incontinence (14/11/2024),Increased frequency of urination (12/08/2020),,,"Solifenacin 5mg tablets (11/08/2026)
(Solifenacin 5mg tablets (07/03/2024))",,Dizziness symptom (29/03/2010),Alcohol units consumed per week - 0 (16/03/2026),1,0,1,1,46269,,,Y,Overactive Bladder,Y,Solifenacin 5mg tablets (11/08/2026),Y,Solifenacin 5mg tablets (07/03/2024),,,,,,,Y,3,Solifenacin 5mg tablets,Y,Dizziness symptom (29/03/2010),,,,,1 - Patients with OAB currently receiving antimuscarinic therapy only,,Action: facilitate overactive bladder management review,Action - invite to pharmacist led clinic,Y,Letter,46274,,,,,,,,,,74,175.3,24.08,Healthy weight (18.5-24.9),,,,,,,,,5,4,,,,,Y,,,,,,,,,,,,,,,,,,,,,,,,,Y,,,,,,,6.2,45737,,Y,Y,,,,Current,,,,130/80,46258,53,46097,139,46097,5.1,46097,6.7,46097,115,46097,18,46097,,,102,46097,26,46097,46,46097,41,46097,,,,,,,,3,Solifenacin 5mg tablets,,,,,,,,,,,,,,,,,,,,,,,,,,,,,,,,,,,,,,,,,,,,,,,,,,,,,,,,,,,,,0,1,1,1,1,0,0,0,0,0,0
33,0,0,4114,78,Female,White: English or Welsh or Scottish or Northern Irish or British - England and Wales ethnic category 2011 census,,,,,,,,,MSG:Haematuria,41666,,,,,,,,,,,,,,,,,,,,,Dizziness symptom,42590,,,,,,,,,,,,,,,,,,,,,,,,,,,,,Seen in urology clinic,43300,,,SEEN IN GYNAECOLOGY CLINIC,35185,,,Angina pectoris,46182,,,CVA unspecified,41067,,,Angina pectoris,46182,,,Mixed anxiety and depressive disorder,46182,,,,,ANXIOUS,35915,Falls,40077,,,Urge incontinence of urine,43522,FREQUENCY MICTURITION,34891,,,,,,,Urinary tract infection (lower) - women,38334,12 lead ECG,45387,,,,,,,,,,,,Mirabegron 25mg modified-release tablets,46253,Medication Review,,,,,,,Duloxetine 30mg gastro-resistant capsules,46268,,,,,,,,,,,Darifenacin 7.5mg modified-release tablets,45919,Urge incontinence of urine,,,,,,,,,,Duloxetine 30mg gastro-resistant capsules,,,,,,,,,,,94.3,46182,162,46182,35.93,46182,118,68,46182,66,46244,41,46244,Serum ALT level,25,46244,Serum alkaline phosphatase,54,46244,,,,10,46244,74,46244,4.2,46244,140,46244,4.7,46244,44,46244,,,Alcohol units consumed per week,0,45965,,,,Dizziness symptom (08/08/2016),,,0,,0,,0,,,,,,,MSG:Haematuria (27/01/2014),,0,0,Seen in urology clinic (19/07/2018),,SEEN IN GYNAECOLOGY CLINIC (30/04/1996),,0,0,0,,,,,,,Urinary tract infection (lower) - women (13/12/2004),,,,Angina pectoris (09/06/2026),CVA unspecified (07/06/2012),,,Angina pectoris (09/06/2026),,,,,ANXIOUS (30/04/1998),Mixed anxiety and depressive disorder (09/06/2026),,Falls (21/09/2009),Urge incontinence of urine (26/02/2019),,FREQUENCY MICTURITION (11/07/1995),,,(Darifenacin 7.5mg modified-release tablets (19/09/2025)),"Mirabegron 25mg modified-release tablets (19/08/2026)
()",Dizziness symptom (08/08/2016),Alcohol units consumed per week - 0 (04/11/2025),0,1,1,2,46269,,,Y,Overactive Bladder,,,Y,Darifenacin 7.5mg modified-release tablets (19/09/2025),Y,Mirabegron 25mg modified-release tablets (19/08/2026),,,,,,0,,Y,Dizziness symptom (08/08/2016),,,,,2 - Patients with OAB currently receiving beta-3 agonist therapy only,,Action: facilitate overactive bladder management review,Action - invite to pharmacist led clinic,Y,Letter,46274,,,,,,,,,,94.3,162,35.93,Obesity II (35-39.9),,,,,,,Y,,0,0,Y,,Y,,Y,,,,,,,Y,,,,Y,Y,,,Y,,12 lead ECG,45387,,,,,,,Y,,,Y,Y,,Y,,,Y,,Y,,,,Past,Current,,,118/68,46182,66,46244,140,46244,4.2,46244,4.7,46244,74,46244,25,46244,,,54,46244,10,46244,44,46244,41,46244,,,,,,,,0,,,,,,,,,,,,,,,,,,,,,,,,,,,,,,,,,,,,,,,,,,,,,,,,,,,,,,,,,,,,,,0,1,1,1,1,0,0,0,0,0,1
34,0,0,4189,96,Female,White: English or Welsh or Scottish or Northern Irish or British - England and Wales ethnic category 2011 census,,,,,,,,,,,,,,,,,,,,,,,,,,,,,,,,,,,,,Overactive bladder,45224,Overactive bladder,45224,,,,,,,,,,,,,,,,,,,,,,,,,Seen in gynaecology clinic,39177,,,,,Hypertensive disease,42279,,,,,,,,,,,,,,,Anxiousness - symptom,37403,,,,,,,,,,,,,,,,,ECG,43123,,,,,,,,,,,,,,,,,,,,,,,,,,,,,,,,,,,,,,,,,,,,,,,,,,,,,,,,50,46073,147,46073,23.1,46073,128,72,46073,75,46059,42,46059,Serum ALT level,19,46059,Serum alkaline phosphatase,77,46059,,,,8,46059,64,46059,4.2,46059,138,46059,4.2,46059,43,46059,,,Alcohol units consumed per week,7,46073,,,,,,,0,,0,,0,,,,,,,,,0,0,,,Seen in gynaecology clinic (05/04/2007),,0,0,0,,,,,,,,,,,,,,,,Hypertensive disease (02/10/2015),,,,Anxiousness - symptom (27/05/2002),,,,,,,,,,,Hypertensive disease (02/10/2015),Alcohol units consumed per week - 7 (20/02/2026),0,0,0,0,46269,Overactive bladder (25/10/2023),Overactive bladder (25/10/2023),Y,Overactive Bladder,,,,,,,,,,,,0,,Y,Hypertensive disease (02/10/2015),,,,,X - Not meeting cohort criteria,,No action: not meeting review criteria,No Action,N,,,,,,,,,,,,50,147,23.1,Healthy weight (18.5-24.9),,,,,,,,,0,0,,,Y,,Y,,,,,,,,,,,,,,,,Y,ECG,43123,,,,,,,,,,Y,,,,,,,,,,,,,,,,128/72,46073,75,46059,138,46059,4.2,46059,4.2,46059,64,46059,19,46059,,,77,46059,8,46059,43,46059,42,46059,,,,,,,,0,,,,,,,,,,,,,,,,,,,,,,,,,,,,,,,,,,,,,,,,,,,,,,,,,,,,,,,,,,,,,,0,0,0,0,0,0,0,0,0,0,0
35,0,0,4192,63,Male,White: English or Welsh or Scottish or Northern Irish or British - England and Wales ethnic category 2011 census,,,,,,,,,,,Malignant neoplasm of prostate,46219,,,,,,,,,,,,,,,,,,,,,,,,,Overactive bladder,44797,Overactive bladder,44797,,,,,,,,,,,,,,,,,Malignant neoplasm of prostate,46219,Malignant neoplasm of prostate,46219,Seen in urology clinic,46219,,,,,,,Peripheral vascular disease,45355,Hypertensive disease,43175,,,,,,,,,,,,,,,,,,,,,Urge incontinence of urine,45665,,,[D]Hyperhidrosis,42318,,,,,,,,,,,,,,,,,,,,,,,,,,,,,,,,,,,Indapamide 2.5mg tablets,46241,Hypertensive disease,,,,Solifenacin 10mg tablets,45646,,Mirabegron 50mg modified-release tablets,45665,Urge incontinence of urine,,,,,,,,,,,,,,,,Propantheline bromide 15mg tablets,46216,91,46099,172.72,46099,30.5,46099,123,77,46099,78,46225,44,46225,Serum ALT level,84,46225,Serum alkaline phosphatase,54,46225,,,,15,46225,86,46225,4.3,46225,135,46225,5.9,46225,42,46225,0.07,46219,Alcohol units consumed per week,16,46099,,,,,,,0,,0,,1,Propantheline bromide 15mg tablets,,Malignant neoplasm of prostate (16/07/2026),,,,,,0,0,Seen in urology clinic (16/07/2026),,,,0,0,0,,,,Malignant neoplasm of prostate (16/07/2026),[D]Hyperhidrosis (10/11/2015),,,,Malignant neoplasm of prostate (16/07/2026),Malignant neoplasm of prostate (16/07/2026),Peripheral vascular disease (04/03/2024),,,,,Hypertensive disease (16/03/2018),,,Indapamide 2.5mg tablets (07/08/2026),,,,,Urge incontinence of urine (08/01/2025),,,,,(Solifenacin 10mg tablets (20/12/2024)),(Mirabegron 50mg modified-release tablets (08/01/2025)),Hypertensive disease (16/03/2018),Alcohol units consumed per week - 16 (18/03/2026),0,0,1,4,46269,Overactive bladder (24/08/2022),Overactive bladder (24/08/2022),Y,Overactive Bladder,,,Y,Solifenacin 10mg tablets (20/12/2024),,,Y,Mirabegron 50mg modified-release tablets (08/01/2025),,,Y,3,Propantheline bromide 15mg tablets,Y,Hypertensive disease (16/03/2018),,,,,"4 - Patients with OAB symptoms who are not currently receiving active treatment, have evidence of previous treatment failure, and who may benefit from management optimisation and/or initiation of pharmacological therapy",,Action: facilitate overactive bladder management review,Action - invite to pharmacist led clinic,Y,Letter,46274,,,,,,,,,,91,172.72,30.5,Obesity I (30-34.9),,,Y,,,,,,0,0,Y,,,,Y,,,,Y,Y,,,,Y,Y,Y,,,,,Y,,,,,Y,,,,,,,,,,,0.07,46219,Y,,,,,,Past,Past,,,123/77,46099,78,46225,135,46225,4.3,46225,5.9,46225,86,46225,84,46225,,,54,46225,15,46225,42,46225,44,46225,,,,,,,,3,Propantheline bromide 15mg tablets,,,,,,,,,,,,,,,,,,,,,,,,,,,,,,,,,,,,,,,,,,,,,,,,,,,,,,,,,,,,,0,1,1,1,1,0,0,0,0,0,0
36,0,0,4243,56,Female,White British - ethnic category 2001 census,,,,,,,,,,,,,,,,,,,,,,,Constipation symptom,37607,,,,,,,,,,,,,,,,,,,,,,,,,Patient pregnant,37341,,,,,,,,,,,,,,,Gynaecological referral,44692,,,,,,,,,,,,,,,Depressive disorder,44532,,,,,,,,,,,Urge incontinence of urine,46191,,,,,,,,,,,ECG,42493,,,,,,,,,Solifenacin 5mg tablets,46254,,,,,,,,,,,,,,,,,,,,,,,Solifenacin 5mg tablets,46028,,,,,,,,,,,,,,,,,,,,Solifenacin 5mg tablets,46254,73.937,44529,,,27.16,44529,134,82,44228,87,45371,35,44518,Serum ALT level,130,45371,Serum alkaline phosphatase,86,45371,,,,12,45371,62,45371,4.1,44518,142,45371,6.6,45371,44,45371,,,,,,Constipation symptom (17/12/2002),,,,,,0,,0,,1,Solifenacin 5mg tablets,,,,,,,,0,0,,,Gynaecological referral (11/05/2022),Patient pregnant (26/03/2002),0,0,0,,,,,,,,,,,,,,,,,,,,,Depressive disorder (02/12/2021),,,Urge incontinence of urine (18/06/2026),,,,,"Solifenacin 5mg tablets (20/08/2026)
(Solifenacin 5mg tablets (06/01/2026))",,Constipation symptom (17/12/2002),,1,0,1,1,46269,,,Y,Overactive Bladder,Y,Solifenacin 5mg tablets (20/08/2026),Y,Solifenacin 5mg tablets (06/01/2026),,,,,,,Y,3,Solifenacin 5mg tablets,Y,Constipation symptom (17/12/2002),,,,,1 - Patients with OAB currently receiving antimuscarinic therapy only,,Action: facilitate overactive bladder management review,Action - invite to pharmacist led clinic,Y,Letter,46274,,,,,Telephone consultation,46274,PM,0.625,TEST,73.937,,27.16,Overweight (25-29.9),,,,,,,,,,,,,Y,Y,Y,,,,,,,,,,,,,,,,,ECG,42493,,,,Y,,,,,,,Y,,,,,N,N,N,0,,,Current,,,,134/82,44228,87,45371,142,45371,4.1,44518,6.6,45371,62,45371,130,45371,,,86,45371,12,45371,44,45371,35,44518,N,6,,,,,Y,3,Solifenacin 5mg tablets,,,,,,,,,,,De-escalation of pharmacological management,Antimuscarinic,Stop,Solifenacin 5mg tablets,,,No longer taken by patient,Y,,,,,,,,,,,,,,,,,,,,,,,,,,,,,,,,,,Pelvic floor exercise advice,Bladder retraining education,,,,,No action,,,0,1,1,1,1,0,1,1,2,1,0
37,0,0,4388,74,Female,White: English or Welsh or Scottish or Northern Irish or British - England and Wales ethnic category 2011 census,,,,,,,,,,,Squamous cell carcinoma of tongue,45993,,,,,,,,,,,Constipation,43539,Xerostomia,45643,,,,,Dizziness symptom,40430,,,,,,,,,,,,,,,,,,,,,,,,,,,,,,,,,Seen in gynaecology clinic,46014,Type 2 diabetes mellitus,44890,,,,,,,,,,,,,,,,,,,Anxiousness,36979,Falls,44495,,,Urge incontinence of urine,44406,,,,,,,,,,,,,,,,,,,,,Tolterodine 2mg tablets,46253,Urge incontinence of urine,,,,,,,,,,,,,,,,,,,,,,Tolterodine 1mg tablets,44349,,,,,,,,,,,,,,,,,,,,Tolterodine 2mg tablets,46253,65,45950,160,45576,25.4,45977,123,80,46072,64,45975,43,45975,Serum ALT level,30,45975,Serum alkaline phosphatase,48,45975,,,,6,45975,77,45975,4.6,45975,136,45975,7.3,45975,47,45975,,,Alcohol units consumed per week,0,45576,Constipation (15/03/2019),,Xerostomia (17/12/2024),Dizziness symptom (09/09/2010),,,0,,0,,1,Tolterodine 2mg tablets,,,,,,,,2,3,,,Seen in gynaecology clinic (23/12/2025),,0,0,0,,,,,,,,Type 2 diabetes mellitus (25/11/2022),Squamous cell carcinoma of tongue (02/12/2025),,,,,,,,,,,Anxiousness (29/03/2001),,,Falls (26/10/2021),Urge incontinence of urine (29/07/2021),,,,,"Tolterodine 2mg tablets (19/08/2026)
(Tolterodine 1mg tablets (02/06/2021))",,"Constipation (15/03/2019)
Xerostomia (17/12/2024)
Dizziness symptom (09/09/2010)",Alcohol units consumed per week - 0 (11/10/2024),1,0,1,1,46269,,,Y,Overactive Bladder,Y,Tolterodine 2mg tablets (19/08/2026),Y,Tolterodine 1mg tablets (02/06/2021),,,,,,,Y,3,Tolterodine 2mg tablets,Y,"Constipation (15/03/2019)
Xerostomia (17/12/2024)
Dizziness symptom (09/09/2010)",,,,,1 - Patients with OAB currently receiving antimuscarinic therapy only,,Action: facilitate overactive bladder management review,Action - invite to pharmacist led clinic,Y,Letter,46274,,,,,,,,,,65,160,25.4,Overweight (25-29.9),,,,,,,,,2,3,,,Y,,Y,,,,,,,,Y,Y,,,,,,,,,,,,,Y,,Y,Y,,,Y,,,Y,,,Y,,,,,,Current,,,,123/80,46072,64,45975,136,45975,4.6,45975,7.3,45975,77,45975,30,45975,,,48,45975,6,45975,47,45975,43,45975,,,,,,,,3,Tolterodine 2mg tablets,,,,,,,,,,,,,,,,,,,,,,,,,,,,,,,,,,,,,,,,,,,,,,,,,,,,,,,,,,,,,0,1,1,1,1,0,0,0,0,0,0
38,0,0,4529,68,Male,White British - ethnic category 2001 census,,,,,,,,,,,,,,,,,BOO - Bladder outflow obstruction,42166,,,,,Constipation,43136,Dry mouth,43586,,,Palpitations,41962,Dizziness,45855,,,,,Overactive bladder,43572,Overactive bladder,43572,,,,,,,,,,,,,Multiple sclerosis,45875,,,Benign prostatic hyperplasia,44594,,,Seen in urology clinic,45771,,,,,Type 2 diabetes mellitus,45996,,,Essential hypertension,45996,,,Atrial fibrillation,46203,,,,,,,,,Ulcerative colitis,46149,,,,,,,Urgency of micturition,38561,Urinary frequency,42166,Flushing,45960,Adverse reaction to Tamsulosin Hydrochloride,44662,,,,,Holter extended electrocardiographic recording,45713,,,,,,,,,,,,Mirabegron 50mg modified-release tablets,46252,Urinary frequency,,,,,,,,,,,,,,,,,,,Fesoterodine 4mg modified-release tablets,41344,,Mirabegron 50mg modified-release tablets,,,Alfuzosin 10mg modified-release tablets,,BOO - Bladder outflow obstruction,Finasteride 5mg tablets,,,,,,Hydrocortisone 10mg tablets,46252,Amantadine 100mg capsules,46237,,,,,76.5,46203,171,46203,26.16,46203,137,70,46203,87,46183,46,46183,Serum ALT level,24,46183,Serum alkaline phosphatase,103,46183,,,,8,46183,77,46183,4.9,46183,134,46183,4,46183,47,46183,0.98,45748,Alcohol units consumed per week,18,46203,Constipation (05/02/2018),,Dry mouth (01/05/2019),Dizziness (17/07/2025),Palpitations (19/11/2014),,1,Hydrocortisone 10mg tablets,2,"Amantadine 100mg capsules
Oxcarbazepine 300mg tablets",0,,,,,,,,,0,0,Seen in urology clinic (24/04/2025),,,,0,0,0,Multiple sclerosis (06/08/2025),Multiple sclerosis (06/08/2025),,Benign prostatic hyperplasia (02/02/2022),Flushing (30/10/2025),Ulcerative colitis (07/05/2026),,Type 2 diabetes mellitus (05/12/2025),,,,,Atrial fibrillation (30/06/2026),,,Essential hypertension (05/12/2025),,,,,,,,Urgency of micturition (28/07/2005),,Urinary frequency (11/06/2015),,,(Fesoterodine 4mg modified-release tablets (11/03/2013)),"Mirabegron 50mg modified-release tablets (18/08/2026)
()","Constipation (05/02/2018)
Dry mouth (01/05/2019)
Dizziness (17/07/2025)
Palpitations (19/11/2014)
Essential hypertension (05/12/2025)",Alcohol units consumed per week - 18 (30/06/2026),0,1,1,2,46269,Overactive bladder (17/04/2019),Overactive bladder (17/04/2019),Y,Overactive Bladder,,,Y,Fesoterodine 4mg modified-release tablets (11/03/2013),Y,Mirabegron 50mg modified-release tablets (18/08/2026),,,Y,Y,,5,"Hydrocortisone 10mg tablets
Amantadine 100mg capsules
Oxcarbazepine 300mg tablets",Y,"Constipation (05/02/2018)
Dry mouth (01/05/2019)
Dizziness (17/07/2025)
Palpitations (19/11/2014)
Essential hypertension (05/12/2025)",Y,Adverse reaction to Tamsulosin Hydrochloride (11/04/2022),,,2 - Patients with OAB currently receiving beta-3 agonist therapy only,,Action: facilitate overactive bladder management review,Action - invite to pharmacist led clinic,Y,Letter,46274,,,,,,,,,,76.5,171,26.16,Overweight (25-29.9),,,,,,,,,0,0,Y,,,,Y,Y,Y,,Y,Y,Y,,Y,,,,,Y,,,Y,Holter extended electrocardiographic recording,45713,,,,Y,,Y,Y,Y,,,,,,0.98,45748,Y,,Y,,,,Past,Current,,,137/70,46203,87,46183,134,46183,4.9,46183,4,46183,77,46183,24,46183,,,103,46183,8,46183,47,46183,46,46183,,,,,,,,5,"Hydrocortisone 10mg tablets
Amantadine 100mg capsules
Oxcarbazepine 300mg tablets",Adverse reaction to Tamsulosin Hydrochloride (11/04/2022),,,,,,,,,,,,,,,,,,,,,,,,,,,,,,,,,,,,,,,,,,,,,,,,,,,,,,,,,,,,0,1,1,1,1,0,0,0,0,0,0
39,0,0,4537,77,Female,White British - ethnic category 2001 census,,,,,,,,,,,,,,,,,,,,,,,,,,,,,,,DIZZINESS,35502,,,Urinary incontinence,45447,,,,,,,,,,,,,,,,,,,,,,,,,,,,,Seen in gynaecology clinic,46195,,,,,Essential hypertension,43678,,,,,,,,,,,,,,,,,,,,,,,FREQUENCY MICTURITION,34319,,,,,,,,,ECG,43445,,,,,,,,,Solifenacin 5mg tablets,46258,,,,,,,,,,,,,,,,,,,,,,,,,,,,,,,,,,,,,,,,,,,,Solifenacin 5mg tablets,46258,79.38,46013,152.4,46013,34.18,46013,138,78,46009,72,46258,44,46239,Serum ALT level,16,46258,Serum alkaline phosphatase,88,46258,,,,7,46258,69,46258,3.7,46258,138,46258,5,46258,47,46258,,,Alcohol units consumed per week,0,46013,,,,DIZZINESS (13/03/1997),,,0,,0,,1,Solifenacin 5mg tablets,,,,,,,,0,0,,,Seen in gynaecology clinic (22/06/2026),,0,0,0,,,,,,,,,,,,,,,,Essential hypertension (01/08/2019),,,,,,,,,Urinary incontinence (04/06/2024),FREQUENCY MICTURITION (16/12/1993),,,Solifenacin 5mg tablets (24/08/2026),,"DIZZINESS (13/03/1997)
Essential hypertension (01/08/2019)",Alcohol units consumed per week - 0 (22/12/2025),1,0,0,1,46269,,,Y,Overactive Bladder,Y,Solifenacin 5mg tablets (24/08/2026),,,,,,,,,Y,3,Solifenacin 5mg tablets,Y,"DIZZINESS (13/03/1997)
Essential hypertension (01/08/2019)",,,,,1 - Patients with OAB currently receiving antimuscarinic therapy only,,Action: facilitate overactive bladder management review,Action - invite to pharmacist led clinic,Y,Letter,46274,,,,,,,,,,79.38,152.4,34.18,Obesity I (30-34.9),,,,,,,,,0,0,,,Y,,Y,,,,,,,,,,,,,,,,Y,ECG,43445,,,,,,,Y,,,,,,,,,,Y,Y,,,,Current,,,,138/78,46009,72,46258,138,46258,3.7,46258,5,46258,69,46258,16,46258,,,88,46258,7,46258,47,46258,44,46239,,,,,,,,3,Solifenacin 5mg tablets,,,,,,,,,,,,,,,,,,,,,,,,,,,,,,,,,,,,,,,,,,,,,,,,,,,,,,,,,,,,,0,1,1,1,1,0,0,0,0,0,0
40,0,0,4579,55,Female,White British - ethnic category 2001 census,,,,,,,,,,,,,,,,,,,,,,,,,,,,,,,DIZZINESS,35625,,,Urinary incontinence,44413,,,,,,,,,,,,,PREGNANT,35825,,,,,,,,,,,,,,,Seen in gynaecology clinic,44879,,,,,,,,,,,,,,,[X]Depression NOS,42738,,,,,Anxiousness - symptom,39245,,,,,Urgent desire to urinate,45975,,,Sweating symptom,42180,,,,,Cystitis,42139,ECG,45982,,,,,,,,,,,,,,,,,,,,,,,,,,,,,,,,,Solifenacin 5mg tablets,45975,,,,,,,,,,,Duloxetine 20mg gastro-resistant capsules,43839,,Aripiprazole 15mg tablets,46219,,,Amitriptyline 50mg tablets,46240,,,70.55,46156,156,46156,28.99,46156,132,80,46071,90,45982,33,46234,Serum ALT level,70,46079,Serum alkaline phosphatase,96,46079,,,,7,46079,48,46079,4.2,46079,136,46079,3.6,46079,47,46079,,,Alcohol units consumed per week,40,45980,,,,DIZZINESS (14/07/1997),,,3,"Aripiprazole 15mg tablets
Diazepam 5mg tablets
Loperamide 2mg capsules",0,,1,Amitriptyline 50mg tablets,,,,,,,,0,0,,,Seen in gynaecology clinic (14/11/2022),PREGNANT (30/01/1998),0,0,0,,,,,Sweating symptom (25/06/2015),,Cystitis (15/05/2015),,,,,,,,,,,,,Anxiousness - symptom (12/06/2007),[X]Depression NOS (03/01/2017),,,Urgent desire to urinate (14/11/2025),Urinary incontinence (05/08/2021),,,,(Solifenacin 5mg tablets (14/11/2025)),,DIZZINESS (14/07/1997),Alcohol units consumed per week - 40 (19/11/2025),0,0,1,0,46269,,,N,,,,Y,Solifenacin 5mg tablets (14/11/2025),,,,,Y,,Y,6,"Aripiprazole 15mg tablets
Diazepam 5mg tablets
Loperamide 2mg capsules
Amitriptyline 50mg tablets",Y,DIZZINESS (14/07/1997),,,,,X - Not meeting cohort criteria,,No action: not meeting review criteria,No Action,N,,,,,,,,,,,,70.55,156,28.99,Overweight (25-29.9),,,,,,,,,0,0,,,Y,Y,Y,,,,,Y,,Y,,,,,,,,,,ECG,45982,,,,,,,Y,,,Y,Y,,,,,Y,Y,,,,,Past,,,,132/80,46071,90,45982,136,46079,4.2,46079,3.6,46079,48,46079,70,46079,,,96,46079,7,46079,47,46079,33,46234,,,,,,,,6,"Aripiprazole 15mg tablets
Diazepam 5mg tablets
Loperamide 2mg capsules
Amitriptyline 50mg tablets",,,,,,,,,,,,,,,,,,,,,,,,,,,,,,,,,,,,,,,,,,,,,,,,,,,,,,,,,,,,,0,0,0,0,0,0,0,0,0,0,0
41,0,0,4594,72,Female,White British - ethnic category 2001 census,,,,,,,,,,,,,,,,,,,,,,,,,Xerostomia,46209,,,Palpitations,43922,Dizziness symptom,41429,,,,,,,,,,,,,,,,,,,,,,,,,,,,,,,,,Seen in gynaecology clinic,45238,,,,,Hypertensive disease,43018,,,,,,,,,DEPRESSION,35856,,,,,,,,,,,,,,,,,,,,,,,ECG,42804,,,,,,,,,,,,,,,,,,,,,Duloxetine 20mg gastro-resistant capsules,46266,,,,,,,,,,,,,,,,,,,,,,,Duloxetine 20mg gastro-resistant capsules,43993,Patient reviewed,,,,,,,,,81.648,46245,154,46014,34.43,46245,152,89,46245,53,46230,37,46230,Serum ALT level,16,46230,Serum alkaline phosphatase,75,46230,,,,18,46230,91,46230,4.2,46230,141,46230,4.6,46230,46,46261,,,Alcohol units consumed per week,4,46014,,,Xerostomia (06/07/2026),Dizziness symptom (04/06/2013),Palpitations (01/04/2020),,0,,0,,0,,,,,,,,,0,0,,,Seen in gynaecology clinic (08/11/2023),,0,0,0,,,,,,,,,,,,,,,,Hypertensive disease (10/10/2017),,,,,DEPRESSION (02/03/1998),,,,,,,,,,"Xerostomia (06/07/2026)
Dizziness symptom (04/06/2013)
Palpitations (01/04/2020)
Hypertensive disease (10/10/2017)",Alcohol units consumed per week - 4 (23/12/2025),0,0,0,0,46269,,,Y,Overactive Bladder,,,,,,,,,,,,0,,Y,"Xerostomia (06/07/2026)
Dizziness symptom (04/06/2013)
Palpitations (01/04/2020)
Hypertensive disease (10/10/2017)",,,,,X - Not meeting cohort criteria,,No action: not meeting review criteria,No Action,N,,,,,,,,,,,,81.648,154,34.43,Obesity I (30-34.9),,,,,,,,,0,0,,,Y,,Y,,,,,,,,,,,,,,,,Y,ECG,42804,,,,,,Y,Y,Y,,,Y,,,,,,,,,,,,,,,152/89,46245,53,46230,141,46230,4.2,46230,4.6,46230,91,46230,16,46230,,,75,46230,18,46230,46,46261,37,46230,,,,,,,,0,,,,,,,,,,,,,,,,,,,,,,,,,,,,,,,,,,,,,,,,,,,,,,,,,,,,,,,,,,,,,,0,0,0,0,0,0,0,0,0,0,1
42,0,0,4603,81,Male,White British - ethnic category 2001 census,,,,,,,,,,,,,,,,,,,,,,,,,,,,,,,,,,,,,,,,,,,,,,,,,,,,,,,,,,,,,,,,,,,,,Ischaemic heart disease,44854,,,,,,,Ischaemic heart disease,44854,,,,,,,,,,,,,,,,,,,,,,,,,,,Exercise ECG,38891,,,,,,,,,Tolterodine 2mg tablets,46240,Nocturia,,,,,,,,,,,,,,,,,,,,,,Tolterodine 2mg tablets,42713,Nocturia,,,,,,,,,,,,,Atenolol 25mg tablets,46240,,,,,Tolterodine 2mg tablets,46240,65.5,46119,164,46119,24.4,46119,136,76,46099,61,46099,39,46099,Serum ALT level,22,46099,Serum alkaline phosphatase,114,46099,,,,28,46099,101,46099,4.6,46099,143,46099,6.1,46099,43,46099,1.7,45338,Alcohol units consumed per week,6,46119,,,,,,,1,Atenolol 25mg tablets,0,,1,Tolterodine 2mg tablets,,,,,,,,0,0,,,,,0,0,0,,,,,,,,,,,Ischaemic heart disease (20/10/2022),,,,Ischaemic heart disease (20/10/2022),,,,,,,,,,,,,,"Tolterodine 2mg tablets (06/08/2026)
(Tolterodine 2mg tablets (09/12/2016))",,,Alcohol units consumed per week - 6 (07/04/2026),1,0,1,1,46269,,,Y,Overactive Bladder,Y,Tolterodine 2mg tablets (06/08/2026),Y,Tolterodine 2mg tablets (09/12/2016),,,,,Y,,Y,4,"Atenolol 25mg tablets
Tolterodine 2mg tablets",,,,,,,1 - Patients with OAB currently receiving antimuscarinic therapy only,,Action: facilitate overactive bladder management review,Action - invite to pharmacist led clinic,Y,Letter,46274,,,,,,,,,,65.5,164,24.4,Healthy weight (18.5-24.9),,,,,,,,,0,0,,,,,Y,,,,,,,,,,,Y,,,,Y,,Exercise ECG,38891,,,,,,,,,,,,,,1.7,45338,,,,,,,Current,,,,136/76,46099,61,46099,143,46099,4.6,46099,6.1,46099,101,46099,22,46099,,,114,46099,28,46099,43,46099,39,46099,,,,,,,,4,"Atenolol 25mg tablets
Tolterodine 2mg tablets",,,,,,,,,,,,,,,,,,,,,,,,,,,,,,,,,,,,,,,,,,,,,,,,,,,,,,,,,,,,,0,1,1,1,1,0,0,0,0,0,0
43,0,0,4635,77,Male,White British - ethnic category 2001 census,,,,,,,,,Haematuria,40287,,,,,,,,,,,,,,,,,,,,,DIZZINESS,33785,,,,,Overactive bladder,45924,Overactive bladder,45924,,,,,,,,,,,,,,,,,Benign prostatic hyperplasia,45065,,,Seen in urology clinic,45966,,,,,Type 2 diabetes mellitus,45986,Ischaemic heart disease,45961,Hypertension,45961,,,,,Ischaemic heart disease,45961,,,,,,,,,Anxiousness - symptom,39521,,,,,,,,,Sweating symptom,39307,,,,,,,Exercise ECG,41123,,,,,,,,,,,,Mirabegron 50mg modified-release tablets,46238,,,,,Tamsulosin 400microgram modified-release capsules,46238,Benign prostatic hyperplasia,,,,,,,,,,,,,,,,,,,,,,Finasteride 5mg tablets,45065,Had a chat to patient,,,,,,,,,,,,98,45961,176,45961,31.64,45961,126,72,45961,61,46259,42,46259,Serum ALT level,22,46259,Serum alkaline phosphatase,79,46259,,,,7,46259,103,46259,4.4,46259,140,46259,5.8,46259,43,46259,9.2,45937,Alcohol units consumed per week,1,45961,,,,DIZZINESS (30/06/1992),,,0,,0,,0,,,,,,,Haematuria (19/04/2010),,0,0,Seen in urology clinic (05/11/2025),,,,0,0,0,,,,Benign prostatic hyperplasia (19/05/2023),Sweating symptom (13/08/2007),,,Type 2 diabetes mellitus (25/11/2025),,,Ischaemic heart disease (31/10/2025),,,,Ischaemic heart disease (31/10/2025),Hypertension (31/10/2025),,,,Anxiousness - symptom (14/03/2008),,,,,,,Tamsulosin 400microgram modified-release capsules (04/08/2026),,,"Mirabegron 50mg modified-release tablets (04/08/2026)
()","DIZZINESS (30/06/1992)
Hypertension (31/10/2025)",Alcohol units consumed per week - 1 (31/10/2025),0,1,0,2,46269,Overactive bladder (24/09/2025),Overactive bladder (24/09/2025),Y,Overactive Bladder,,,,,Y,Mirabegron 50mg modified-release tablets (04/08/2026),,,,,,,,Y,"DIZZINESS (30/06/1992)
Hypertension (31/10/2025)",,,,,2 - Patients with OAB currently receiving beta-3 agonist therapy only,,Action: facilitate overactive bladder management review,Action - invite to pharmacist led clinic,Y,Letter,46274,,,,,Telephone consultation,46274,AM,0.416666667,TEST TEST,98,176,31.64,Obesity I (30-34.9),Smoker,,,,,,Y,,,,Y,,,,Y,,,,Y,Y,,,Y,,,Y,,,,Y,Y,Exercise ECG,41123,,,,,,,Y,,,Y,,,,9.2,45937,Y,N,Y,3,Y,,,Current,Good,Present,126/72,45961,61,46259,140,46259,4.4,46259,5.8,46259,103,46259,22,46259,,,79,46259,7,46259,43,46259,42,46259,N,8,,,,,,,,,,,,,,,,,,Maintain current management (no pharmacological interventions),,,,,,,,,,,,,,,,,,,,,,,,,,,,,,,,,,,,,,,,,Weight loss advice,Pelvic floor exercise advice,,,,,No action,,,0,1,1,1,1,0,1,0,2,1,1
44,0,0,4774,73,Male,White British - ethnic category 2001 census,,,,,,,,,,,,,,,,,,,,,,,,,,,,,,,,,,,,,,,,,,,,,,,,,,,,,,,,,,,,,Seen in urology clinic,45425,,,,,,,,,,,,,,,,,,,[X] Reactive depression NOS,37463,,,,,ANXIETY,36088,,,,,,,,,,,,,,,,,ECG done,45453,,,,,,,,,Solifenacin 5mg tablets,46247,,,,,,,,Tamsulosin 400microgram modified-release capsules,46247,,,,,,,,,,,,,,Solifenacin 5mg tablets,45308,,,,,Tamsulosin 400microgram modified-release tablets,,,,,,,,,,,,,,,Solifenacin 5mg tablets,46247,95,45489,186,45489,27.46,45489,134,76,45414,84,45461,42,46093,Serum ALT level,23,46071,Serum alkaline phosphatase,78,46071,,,,46,46071,79,45461,4.4,45461,138,45461,5.7,45461,44,46071,5.9,45139,,,,,,,,,,0,,0,,1,Solifenacin 5mg tablets,,,,,,,,0,0,Seen in urology clinic (13/05/2024),,,,0,0,0,,,,,,,,,,,,,,,,,,,,ANXIETY (20/10/1998),[X] Reactive depression NOS (26/07/2002),,,,,,Tamsulosin 400microgram modified-release capsules (13/08/2026),,"Solifenacin 5mg tablets (13/08/2026)
(Solifenacin 5mg tablets (17/01/2024))",,,,1,0,1,1,46269,,,Y,Overactive Bladder,Y,Solifenacin 5mg tablets (13/08/2026),Y,Solifenacin 5mg tablets (17/01/2024),,,,,,,Y,3,Solifenacin 5mg tablets,,,,,,,1 - Patients with OAB currently receiving antimuscarinic therapy only,,Action: facilitate overactive bladder management review,Action - invite to pharmacist led clinic,Y,Letter,46274,,,,,,,,,,95,186,27.46,Overweight (25-29.9),,,,,,,,,0,0,Y,,,,Y,,,,,,,,,,,,,,,,,ECG done,45453,,,,,,,,,,Y,Y,,,5.9,45139,,,,,Y,,Current,,,,134/76,45414,84,45461,138,45461,4.4,45461,5.7,45461,79,45461,23,46071,,,78,46071,46,46071,44,46071,42,46093,,,,,,,,3,Solifenacin 5mg tablets,,,,,,,,,,,,,,,,,,,,,,,,,,,,,,,,,,,,,,,,,,,,,,,,,,,,,,,,,,,,,0,1,1,1,1,0,0,0,0,0,1
45,0,0,4798,82,Male,White British - ethnic category 2001 census,,,,,,,,,,,,,,,,,,,,,,,Constipation,42954,,,,,,,,,,,Incontinence of urine,42655,,,,,,,,,,,,,,,,,,,,,Urological cancer - suspected,38453,Urological cancer - suspected,38453,Seen in urology clinic,46129,,,,,,,,,,,,,,,,,,,Depression,38453,,,,,ANXIETY,34676,,,,,,,,,,,,,,,Cystitis,37386,12 lead ECG,45468,,,,,,,,,Tolterodine 2mg modified-release capsules,46223,,,,,,,,,,,,,,,,,,,,,,,Tolterodine 2mg tablets,37375,,,,,,,,,,,Duloxetine 40mg gastro-resistant capsules,38992,,Isosorbide mononitrate 60mg modified-release tablets,46223,,,,,Tolterodine 2mg modified-release capsules,46223,,,,,,,172,92,46107,64,45874,42,45874,Serum ALT level,17,45874,Serum alkaline phosphatase,57,45874,,,,8,45874,97,45874,4.1,45874,142,45874,6.2,45874,43,46010,0.05,45874,,,,Constipation (07/08/2017),,,,,,1,Isosorbide mononitrate 60mg modified-release tablets,0,,1,Tolterodine 2mg modified-release capsules,,Urological cancer - suspected (11/04/2005),,,,,,0,0,Seen in urology clinic (17/04/2026),,,,0,0,0,,,,Urological cancer - suspected (11/04/2005),,,Cystitis (10/05/2002),,,Urological cancer - suspected (11/04/2005),,,,,,,,,,ANXIETY (08/12/1994),Depression (11/04/2005),,,,Incontinence of urine (12/10/2016),,,,"Tolterodine 2mg modified-release capsules (20/07/2026)
(Tolterodine 2mg tablets (29/04/2002))",,Constipation (07/08/2017),,1,0,1,1,46269,,,Y,Overactive Bladder,Y,Tolterodine 2mg modified-release capsules (20/07/2026),Y,Tolterodine 2mg tablets (29/04/2002),,,,,Y,,Y,4,"Isosorbide mononitrate 60mg modified-release tablets
Tolterodine 2mg modified-release capsules",Y,Constipation (07/08/2017),,,,,1 - Patients with OAB currently receiving antimuscarinic therapy only,,Action: facilitate overactive bladder management review,Action - invite to pharmacist led clinic,Y,Letter,46274,,,,,,,,,,,,,,,,Y,,,,,,0,0,Y,,,,Y,,,,Y,,,Y,,,Y,,,,,,,12 lead ECG,45468,,,,Y,,,,,,Y,Y,,,0.05,45874,,Y,,,,,Current,,,,172/92,46107,64,45874,142,45874,4.1,45874,6.2,45874,97,45874,17,45874,,,57,45874,8,45874,43,46010,42,45874,,,,,,,,4,"Isosorbide mononitrate 60mg modified-release tablets
Tolterodine 2mg modified-release capsules",,,,,,,,,,,,,,,,,,,,,,,,,,,,,,,,,,,,,,,,,,,,,,,,,,,,,,,,,,,,,0,1,1,1,1,0,0,0,0,0,0
46,0,0,4935,29,Male,White British - ethnic category 2001 census,,,,,,,,,Blood in urine,45974,Transitional cell carcinoma of urinary bladder,46140,,,,,,,,,,,CONSTIPATION,35428,,,,,,,,,,,,,,,,,,,,,,,,,,,,,,,,,,,Transitional cell carcinoma of urinary bladder,46140,Seen in urology clinic,46127,,,,,,,,,,,,,,,,,,,Mixed anxiety and depressive disorder,46062,,,,,,,,,,,,,,,,,,,,,,,,,,,,,,,,,Solifenacin 10mg tablets,46175,Depression interim review,,,,,,,,,,,,,,,,,,,,,,Solifenacin 5mg tablets,46128,,,,,,,,,,,Duloxetine 30mg gastro-resistant capsules,44112,,Venlafaxine 37.5mg tablets,46238,,,,,Solifenacin 10mg tablets,46175,69,44767,177.8,44767,21.83,44767,128,70,46050,90,45975,34,45464,Serum ALT level,27,45975,Serum alkaline phosphatase,118,45975,,,,7,45975,68,45975,4.3,45975,140,45975,5.1,45975,50,45975,,,Alcohol units consumed per week,20,46035,CONSTIPATION (29/12/1996),,,,,,1,Venlafaxine 37.5mg tablets,0,,1,Solifenacin 10mg tablets,,Transitional cell carcinoma of urinary bladder (28/04/2026),,,,Blood in urine (13/11/2025),,0,1,Seen in urology clinic (15/04/2026),,,,0,1,1,,,,,,,,,Transitional cell carcinoma of urinary bladder (28/04/2026),Transitional cell carcinoma of urinary bladder (28/04/2026),,,,,,,,,,,Mixed anxiety and depressive disorder (09/02/2026),,,,,,,,"Solifenacin 10mg tablets (02/06/2026)
(Solifenacin 5mg tablets (16/04/2026))",,CONSTIPATION (29/12/1996),Alcohol units consumed per week - 20 (13/01/2026),1,0,1,1,46269,,,Y,Overactive Bladder,Y,Solifenacin 10mg tablets (02/06/2026),Y,Solifenacin 5mg tablets (16/04/2026),,,,,Y,,Y,4,"Venlafaxine 37.5mg tablets
Solifenacin 10mg tablets",Y,CONSTIPATION (29/12/1996),,,,,1 - Patients with OAB currently receiving antimuscarinic therapy only,,Action: facilitate overactive bladder management review,Action - invite to pharmacist led clinic,Y,Letter,46274,,,,,,,,,,69,177.8,21.83,Healthy weight (18.5-24.9),,,Y,,,,Y,,0,1,Y,,,,Y,,,,,,,,,Y,Y,,,,,,,,,,,,Y,,,,,,,Y,,,,,,,,,,,Current,,,,128/70,46050,90,45975,140,45975,4.3,45975,5.1,45975,68,45975,27,45975,,,118,45975,7,45975,50,45975,34,45464,,,,,,,,4,"Venlafaxine 37.5mg tablets
Solifenacin 10mg tablets",,,,,,,,,,,,,,,,,,,,,,,,,,,,,,,,,,,,,,,,,,,,,,,,,,,,,,,,,,,,,0,1,1,1,1,0,0,0,0,0,0
47,0,0,5014,50,Male,White: English or Welsh or Scottish or Northern Irish or British - England and Wales ethnic category 2011 census,,,,,,,,,,,,,,,,,,,,,,,Constipation,44238,,,,,,,,,,,,,,,,,,,,,,,,,,,,,,,,,,,,,Seen in urology clinic,45603,,,,,Type 2 diabetes mellitus,45637,,,,,,,,,,,,,Mixed anxiety and depressive disorder,45544,,,,,,,,,,,,,,,,,,,,,,,,,,,,,,,,,,,,Mirabegron 25mg modified-release tablets,46252,Medication requested,,,,,,,,,,Dapagliflozin 10mg tablets,46252,,,,,,,,Tolterodine 1mg tablets,44943,,,,,,,,,,,,,,Codeine 30mg tablets,46252,,,,,,,94,45789,172.72,45789,31.5,46044,125,80,45882,90,46044,85,46044,Serum ALT level,16,46044,Serum alkaline phosphatase,69,46044,,,,11,46044,72,46044,4.9,46044,140,46044,6.8,46044,52,46044,3.9,44708,Alcohol units consumed per week,0,45789,Constipation (11/02/2021),,,,,,1,Codeine 30mg tablets,0,,0,,,,,,,,,0,0,Seen in urology clinic (07/11/2024),,,,0,0,0,,,,,,,,Type 2 diabetes mellitus (11/12/2024),,,,,,,,,,Dapagliflozin 10mg tablets (18/08/2026),,,Mixed anxiety and depressive disorder (09/09/2024),,,,,,,,(Tolterodine 1mg tablets (17/01/2023)),"Mirabegron 25mg modified-release tablets (18/08/2026)
()",Constipation (11/02/2021),Alcohol units consumed per week - 0 (12/05/2025),0,1,1,2,46269,,,Y,Overactive Bladder,,,Y,Tolterodine 1mg tablets (17/01/2023),Y,Mirabegron 25mg modified-release tablets (18/08/2026),,,Y,,,1,Codeine 30mg tablets,Y,Constipation (11/02/2021),,,,,2 - Patients with OAB currently receiving beta-3 agonist therapy only,,Action: facilitate overactive bladder management review,Action - invite to pharmacist led clinic,Y,Letter,46274,,,,,,,,,,94,172.72,31.5,Obesity I (30-34.9),,,,,,,,,0,0,Y,,,,Y,,,,,,,,Y,,,,,,,,,,,,Y,,Y,,,,,,,Y,,,3.9,44708,,,,,,,Past,Current,,,125/80,45882,90,46044,140,46044,4.9,46044,6.8,46044,72,46044,16,46044,,,69,46044,11,46044,52,46044,85,46044,,,,,,,,1,Codeine 30mg tablets,,,,,,,,,,,,,,,,,,,,,,,,,,,,,,,,,,,,,,,,,,,,,,,,,,,,,,,,,,,,,0,1,1,1,1,0,0,0,0,0,0
48,0,0,5026,62,Female,White British - ethnic category 2001 census,,,,,,,,,,,,,,,,,,,,,,,,,,,,,,,,,,,Urinary incontinence,45069,Overactive bladder,43528,Overactive bladder,43557,Incontinence of faeces,45498,,,,,,,PREGNANT,35628,,,,,,,,,,,,,,,Seen in gynaecology clinic,43528,,,,,Essential hypertension,46125,,,,,,,,,[X]Depression NOS,42634,,,,,,,,,,,,,,,,,,,,,Cystitis,40309,ECG,41492,,,,,,,,,Solifenacin 10mg tablets,46224,,,,,,,,,,,,,,,,,Indapamide 2.5mg tablets,46224,Hypertensive disease,,,,Darifenacin 7.5mg modified-release tablets,43606,,,,,,,,,,,Duloxetine 20mg gastro-resistant capsules,41498,,,,,,,,Solifenacin 10mg tablets,46224,91,45748,170,45748,31.49,45748,110,73,46162,66,46143,40,45988,Serum ALT level,21,45988,Serum alkaline phosphatase,74,45988,,,,12,45988,77,46143,3.5,46143,144,46143,5.4,46143,48,45988,,,Alcohol units consumed per week,0,45748,,,,,,,0,,0,,1,Solifenacin 10mg tablets,Incontinence of faeces (25/07/2024),,,,,,,4,3,,,Seen in gynaecology clinic (04/03/2019),PREGNANT (17/07/1997),0,0,0,,,,,,,Cystitis (11/05/2010),,,,,,,,,Essential hypertension (13/04/2026),,,Indapamide 2.5mg tablets (21/07/2026),,[X]Depression NOS (21/09/2016),,,,Urinary incontinence (23/05/2023),,,,"Solifenacin 10mg tablets (21/07/2026)
(Darifenacin 7.5mg modified-release tablets (21/05/2019))",,Essential hypertension (13/04/2026),Alcohol units consumed per week - 0 (01/04/2025),1,0,1,1,46269,Overactive bladder (04/03/2019),Overactive bladder (02/04/2019),Y,Overactive Bladder,Y,Solifenacin 10mg tablets (21/07/2026),Y,Darifenacin 7.5mg modified-release tablets (21/05/2019),,,,,,,Y,3,Solifenacin 10mg tablets,Y,Essential hypertension (13/04/2026),,,,,1 - Patients with OAB currently receiving antimuscarinic therapy only,,Action: facilitate overactive bladder management review,Action - invite to pharmacist led clinic,Y,Letter,46274,,,,,,,,,,91,170,31.49,Obesity I (30-34.9),,Y,,,,,,,4,3,,,Y,Y,Y,,,,,,,Y,,,,,,,,,Y,ECG,41492,,,Y,,,,,,,,Y,,,,,,Y,,,,,Current,,,,110/73,46162,66,46143,144,46143,3.5,46143,5.4,46143,77,46143,21,45988,,,74,45988,12,45988,48,45988,40,45988,,,,,,,,3,Solifenacin 10mg tablets,,,,,,,,,,,,,,,,,,,,,,,,,,,,,,,,,,,,,,,,,,,,,,,,,,,,,,,,,,,,,0,1,1,1,1,0,0,0,0,0,0
49,0,0,5157,92,Female,White British - ethnic category 2001 census,,,,,,,,,,,,,,,,,,,,,,,,,,,,,,,,,,,,,,,,,,,,,,,,,,,,,,,,,,,,,,,,,Seen in gynaecology clinic,44117,,,,,Essential hypertension,44393,,,,,,,,,,,,,,,,,,,,,,,,,,,,,,,,,Electrocardiographic procedure,44411,,,,,,,,,Solifenacin 5mg tablets,46251,,,,,,,,,,,,,,,,,Furosemide 20mg tablets,46251,Aortic valve regurgitation,,,,Solifenacin 10mg tablets,40438,,Mirabegron 50mg modified-release tablets,44389,Irritable bladder,,,,,,,,,,Furosemide 20mg tablets,46251,,,,,Solifenacin 5mg tablets,46251,59,45757,154,45757,24.88,45757,122,80,46080,43,46099,43,46099,Serum ALT level,17,46099,Serum alkaline phosphatase,89,46099,,,,7,46099,103,46099,5,46099,142,46099,9.7,46099,41,46099,,,Alcohol consumption,0,45261,,,,,,,1,Furosemide 20mg tablets,0,,1,Solifenacin 5mg tablets,,,,,,,,0,0,,,Seen in gynaecology clinic (13/10/2020),,0,0,0,,,,,,,,,,,,,,,,Essential hypertension (16/07/2021),,,Furosemide 20mg tablets (17/08/2026),,,,,,,,,,"Solifenacin 5mg tablets (17/08/2026)
(Solifenacin 10mg tablets (17/09/2010))",(Mirabegron 50mg modified-release tablets (12/07/2021)),Essential hypertension (16/07/2021),Alcohol consumption - 0 (01/12/2023),1,0,1,1,46269,,,Y,Overactive Bladder,Y,Solifenacin 5mg tablets (17/08/2026),Y,Solifenacin 10mg tablets (17/09/2010),,,Y,Mirabegron 50mg modified-release tablets (12/07/2021),Y,,Y,4,"Furosemide 20mg tablets
Solifenacin 5mg tablets",Y,Essential hypertension (16/07/2021),,,,,1 - Patients with OAB currently receiving antimuscarinic therapy only,,Action: facilitate overactive bladder management review,Action - invite to pharmacist led clinic,Y,Letter,46274,,,,,,,,,,59,154,24.88,Healthy weight (18.5-24.9),,,,,,,,,0,0,,,Y,,Y,,,,,,,,,,,,,,,,Y,Electrocardiographic procedure,44411,,,Y,,,,,,,,,,,,,,,,,,,Current,Past,,,122/80,46080,43,46099,142,46099,5,46099,9.7,46099,103,46099,17,46099,,,89,46099,7,46099,41,46099,43,46099,,,,,,,,4,"Furosemide 20mg tablets
Solifenacin 5mg tablets",,,,,,,,,,,,,,,,,,,,,,,,,,,,,,,,,,,,,,,,,,,,,,,,,,,,,,,,,,,,,0,1,1,1,1,0,0,0,0,0,0
50,0,0,5364,74,Male,White British - ethnic category 2001 census,,,,,,,,,Haematuria,43665,,,Cervical spondylosis with myelopathy,39567,,,,,[D]Retention of urine,43756,,,Constipation,42979,,,,,,,Dizziness,45926,,,,,,,,,,,,,,,,,,,Recurrent urinary tract infection,43973,,,,,Prostatism,42994,,,Seen in urology clinic,43851,,,,,Type 2 diabetes mellitus,46030,Coronary atherosclerosis,46030,,,,,,,Coronary atherosclerosis,46030,Heart failure,46030,,,,,,,ANXIETY,35902,,,,,,,Urinary frequency,42815,,,,,,,,,ECG,42343,Echocardiogram abnormal,45663,,,,,,,,,,Mirabegron 50mg modified-release tablets,46259,,,,,Tamsulosin 400microgram modified-release capsules,46259,Lower urinary tract symptoms,,,,Dapagliflozin 10mg tablets,46259,Type 2 diabetes mellitus,Eplerenone 25mg tablets,46266,,,,,Solifenacin 5mg tablets,45883,,,,,Tamsulosin 400microgram modified-release capsules,42873,Prostatism,Finasteride 5mg tablets,43013,Prostatism,,,,Furosemide 40mg tablets,46259,,,,,,,91,46216,157,46216,36.9,46216,115,71,46216,63,46234,43,46234,Serum ALT level,19,46108,Serum alkaline phosphatase,106,46108,,,,11,46108,100,46234,4.3,46234,139,46234,7.9,46234,44,46108,0.95,45307,Alcohol units consumed per week,0,46216,Constipation (01/09/2017),,,Dizziness (26/09/2025),,,2,"Furosemide 40mg tablets
Loperamide 2mg capsules",0,,0,,,[D]Retention of urine (18/10/2019),,,,Haematuria (19/07/2019),Recurrent urinary tract infection (22/05/2020),0,0,Seen in urology clinic (21/01/2020),,,,0,0,0,,,,Prostatism (16/09/2017),,,,Type 2 diabetes mellitus (08/01/2026),,,Coronary atherosclerosis (08/01/2026),,,Heart failure (08/01/2026),Coronary atherosclerosis (08/01/2026),,Echocardiogram abnormal (06/01/2025),Dapagliflozin 10mg tablets (25/08/2026),Eplerenone 25mg tablets (01/09/2026),ANXIETY (17/04/1998),,,,,,Urinary frequency (21/03/2017),Tamsulosin 400microgram modified-release capsules (25/08/2026),,(Solifenacin 5mg tablets (14/08/2025)),"Mirabegron 50mg modified-release tablets (25/08/2026)
()","Constipation (01/09/2017)
Dizziness (26/09/2025)
Echocardiogram abnormal (06/01/2025)",Alcohol units consumed per week - 0 (13/07/2026),0,1,1,2,46269,,,Y,Overactive Bladder,,,Y,Solifenacin 5mg tablets (14/08/2025),Y,Mirabegron 50mg modified-release tablets (25/08/2026),,,Y,,,2,"Furosemide 40mg tablets
Loperamide 2mg capsules",Y,"Constipation (01/09/2017)
Dizziness (26/09/2025)
Echocardiogram abnormal (06/01/2025)",,,,,2 - Patients with OAB currently receiving beta-3 agonist therapy only,,Action: facilitate overactive bladder management review,Action - invite to pharmacist led clinic,Y,Letter,46274,,,,,,,,,,91,157,36.9,Obesity II (35-39.9),,,Y,,,,Y,Y,0,0,Y,,,,Y,,,,Y,,,,Y,,,Y,,,Y,Y,,ECG,42343,Y,Y,Y,Y,,,Y,,,Y,,,,0.95,45307,,,Y,,Y,,Past,Current,,,115/71,46216,63,46234,139,46234,4.3,46234,7.9,46234,100,46234,19,46108,,,106,46108,11,46108,44,46108,43,46234,,,,,,,,2,"Furosemide 40mg tablets
Loperamide 2mg capsules",,,,,,,,,,,,,,,,,,,,,,,,,,,,,,,,,,,,,,,,,,,,,,,,,,,,,,,,,,,,,0,1,1,1,1,0,0,0,0,0,1
51,0,0,5515,71,Male,White British - ethnic category 2001 census,,,,,,,,,,,,,,,,,,,,,,,Constipation,45085,,,,,,,,,,,Incontinence of urine,43473,,,,,,,,,,,,,,,,,,,,,BPH - benign prostatic hypertrophy,42226,,,,,,,,,,,ANGINA,34963,Hypertensive disease,37215,,,,,ANGINA,34963,,,Anxiety with depression,36759,,,,,ANXIETY,36216,,,,,Urge incontinence of urine,43504,Urinary frequency,43202,,,,,,,,,12 lead ECG,46133,Abnormal ECG,46036,,,,,,,,,,Mirabegron 25mg modified-release tablets,46268,Patient reviewed,,,,Tamsulosin 400microgram modified-release capsules,46268,BPH - benign prostatic hypertrophy,,,,,,,,,,,,,Solifenacin 5mg tablets,45706,,,,,Tamsulosin 400microgram modified-release capsules,42208,,,,,,,,,,,,,,,,84,46042,172,46042,28.39,46042,125,80,46267,71,46133,36,45912,Serum ALT level,29,46133,Serum alkaline phosphatase,94,46133,,,,14,46133,91,46133,4.5,46133,143,46133,7.3,46133,45,46133,1.8,45561,Alcohol units consumed per week,40,46042,Constipation (08/06/2023),,,,,,0,,0,,0,,,,,,,,,0,0,,,,,0,0,0,,,,BPH - benign prostatic hypertrophy (10/08/2015),,,,,,,ANGINA (21/09/1995),,,,ANGINA (21/09/1995),Hypertensive disease (20/11/2001),Abnormal ECG (14/01/2026),,,ANXIETY (25/02/1999),Anxiety with depression (21/08/2000),,,Urge incontinence of urine (08/02/2019),Incontinence of urine (08/01/2019),Urinary frequency (12/04/2018),Tamsulosin 400microgram modified-release capsules (03/09/2026),,(Solifenacin 5mg tablets (18/02/2025)),"Mirabegron 25mg modified-release tablets (03/09/2026)
()","Constipation (08/06/2023)
Hypertensive disease (20/11/2001)
Abnormal ECG (14/01/2026)",Alcohol units consumed per week - 40 (20/01/2026),0,1,1,2,46269,,,Y,Overactive Bladder,,,Y,Solifenacin 5mg tablets (18/02/2025),Y,Mirabegron 25mg modified-release tablets (03/09/2026),,,,,,0,,Y,"Constipation (08/06/2023)
Hypertensive disease (20/11/2001)
Abnormal ECG (14/01/2026)",,,,,2 - Patients with OAB currently receiving beta-3 agonist therapy only,,Action: facilitate overactive bladder management review,Action - invite to pharmacist led clinic,Y,Letter,46274,,,,,,,,,,84,172,28.39,Overweight (25-29.9),,,,,,,,,0,0,,,,,Y,,,,Y,,,,,,,Y,,,,Y,Y,12 lead ECG,46133,Y,,,Y,,,,,,Y,Y,,,1.8,45561,Y,Y,Y,,Y,,Past,Current,,,125/80,46267,71,46133,143,46133,4.5,46133,7.3,46133,91,46133,29,46133,,,94,46133,14,46133,45,46133,36,45912,,,,,,,,0,,,,,,,,,,,,,,,,,,,,,,,,,,,,,,,,,,,,,,,,,,,,,,,,,,,,,,,,,,,,,,0,1,1,1,1,0,0,0,0,0,1
52,0,0,5729,87,Female,White British - ethnic category 2001 census,,,,,,,,,,,,,,,,,,,,,,,Constipation,40961,,,,,,,Dizziness symptom,38029,,,,,,,,,,,,,,,,,,,Recurrent urinary tract infection,44973,,,,,,,,,Seen in urology clinic,45071,,,,,Type 2 diabetes mellitus,45770,MI - acute myocardial infarction,42579,Hypertensive disease,42885,CVA unspecified,38840,Atrial fibrillation,46093,MI - acute myocardial infarction,42579,,,ANXIETY DEPRESSION,33606,,,,,,,,,,,Urgency of micturition,40099,,,Sweating symptom,41457,,,,,,,Electrocardiographic monitoring,44323,,,,,,,,,Trospium chloride 60mg modified-release capsules,46245,,,,,,,,,,,,,,,,,Furosemide 20mg tablets,46245,,,,,Fesoterodine 4mg modified-release tablets,40074,,,,,,,,,,,,,,Furosemide 20mg tablets,46245,,,,,Trospium chloride 60mg modified-release capsules,46245,58.4,46224,151,46224,25.6,46224,130,80,46071,66,46174,46,46267,Serum ALT level,14,46174,Serum alkaline phosphatase,36,46174,,,,8,46174,73,46224,3.7,46174,140,46174,6.5,46174,42,46174,,,Alcohol units consumed per week,1,46002,Constipation (22/02/2012),,,Dizziness symptom (12/02/2004),,,3,"Furosemide 20mg tablets
Isosorbide mononitrate 60mg modified-release tablets
Zapain 30mg/500mg tablets (Advanz Pharma)",0,,1,Trospium chloride 60mg modified-release capsules,,Vesicocolic fistula (29/11/2023),,,,,Recurrent urinary tract infection (16/02/2023),0,0,Seen in urology clinic (25/05/2023),,,,0,0,0,,,,,Sweating symptom (02/07/2013),,,Type 2 diabetes mellitus (23/04/2025),,,MI - acute myocardial infarction (28/07/2016),CVA unspecified (03/05/2006),Atrial fibrillation (12/03/2026),,MI - acute myocardial infarction (28/07/2016),Hypertensive disease (30/05/2017),,,Furosemide 20mg tablets (11/08/2026),,ANXIETY DEPRESSION (03/01/1992),,,Urgency of micturition (13/10/2009),,,,,"Trospium chloride 60mg modified-release capsules (11/08/2026)
(Fesoterodine 4mg modified-release tablets (18/09/2009))",,"Constipation (22/02/2012)
Dizziness symptom (12/02/2004)
Hypertensive disease (30/05/2017)",Alcohol units consumed per week - 1 (11/12/2025),1,0,1,1,46269,,,Y,Overactive Bladder,Y,Trospium chloride 60mg modified-release capsules (11/08/2026),Y,Fesoterodine 4mg modified-release tablets (18/09/2009),,,,,Y,,Y,6,"Furosemide 20mg tablets
Isosorbide mononitrate 60mg modified-release tablets
Zapain 30mg/500mg tablets (Advanz Pharma)
Trospium chloride 60mg modified-release capsules",Y,"Constipation (22/02/2012)
Dizziness symptom (12/02/2004)
Hypertensive disease (30/05/2017)",,,,,1 - Patients with OAB currently receiving antimuscarinic therapy only,,Action: facilitate overactive bladder management review,Action - invite to pharmacist led clinic,Y,Letter,46274,,,,,,,,,,58.4,151,25.6,Overweight (25-29.9),,,Y,,,,,Y,0,0,Y,,,,Y,,,,,Y,,,Y,,,Y,Y,Y,,Y,Y,Electrocardiographic monitoring,44323,,,Y,Y,,,Y,,,,Y,,,,,Y,,,,,,Current,,,,130/80,46071,66,46174,140,46174,3.7,46174,6.5,46174,73,46224,14,46174,,,36,46174,8,46174,42,46174,46,46267,,,,,,,,6,"Furosemide 20mg tablets
Isosorbide mononitrate 60mg modified-release tablets
Zapain 30mg/500mg tablets (Advanz Pharma)
Trospium chloride 60mg modified-release capsules",,,,,,,,,,,,,,,,,,,,,,,,,,,,,,,,,,,,,,,,,,,,,,,,,,,,,,,,,,,,,0,1,1,1,1,0,0,0,0,0,0
53,0,0,5775,74,Male,White: English or Welsh or Scottish or Northern Irish or British - England and Wales ethnic category 2011 census,,,,,,,,,,,,,,,,,,,,,,,,,,,,,,,,,,,,,Overactive bladder,46149,Overactive bladder,46149,,,,,,,,,,,,,,,,,,,,,,,,,,,Type 2 diabetes mellitus,45712,Acute non-ST segment elevation myocardial infarction,45817,Hypertensive disease,42579,,,,,Acute non-ST segment elevation myocardial infarction,45817,,,,,,,,,,,Falls,44222,,,,,,,,,,,,,,,ECG,46030,Positive exercise ECG test,43775,,,,,,,Solifenacin 10mg tablets,46206,,,,,,,,,,,,,,Empagliflozin 10mg tablets,46206,Type 2 diabetes mellitus,Indapamide 1.5mg modified-release tablets,46206,HYPERTENSION,,,,Solifenacin 5mg tablets,46128,,,,,,,,,,,,,,,,,,,,Solifenacin 10mg tablets,46206,98,45853,180,45853,30.25,45853,161,71,46028,74,46141,67,46141,Serum ALT level,71,46141,Serum alkaline phosphatase,73,46141,,,,12,46141,87,46141,4.4,46141,140,46141,7.4,46141,46,46141,0.7,46141,Alcohol use disorders identification test score,6,45539,,,,,,,0,,0,,1,Solifenacin 10mg tablets,,,,,,,,0,0,,,,,0,0,0,,,,,,,,Type 2 diabetes mellitus (24/02/2025),,,Acute non-ST segment elevation myocardial infarction (09/06/2025),,,,Acute non-ST segment elevation myocardial infarction (09/06/2025),Hypertensive disease (28/07/2016),Positive exercise ECG test (06/11/2019),Empagliflozin 10mg tablets (03/07/2026),Indapamide 1.5mg modified-release tablets (03/07/2026),,,,Falls (26/01/2021),,,,,,"Solifenacin 10mg tablets (03/07/2026)
(Solifenacin 5mg tablets (16/04/2026))",,"Hypertensive disease (28/07/2016)
Positive exercise ECG test (06/11/2019)",Alcohol use disorders identification test score - 6 (04/09/2024),1,0,1,1,46269,Overactive bladder (07/05/2026),Overactive bladder (07/05/2026),Y,Overactive Bladder,Y,Solifenacin 10mg tablets (03/07/2026),Y,Solifenacin 5mg tablets (16/04/2026),,,,,,,Y,3,Solifenacin 10mg tablets,Y,"Hypertensive disease (28/07/2016)
Positive exercise ECG test (06/11/2019)",,,,,1 - Patients with OAB currently receiving antimuscarinic therapy only,,Action: facilitate overactive bladder management review,Action - invite to pharmacist led clinic,Y,Letter,46274,,,,,,,,,,98,180,30.25,Obesity I (30-34.9),,,,,,,,,0,0,,,,,Y,,,,,,,,Y,,,Y,,,,Y,Y,ECG,46030,Y,Y,Y,,,,,,,,,,Y,0.7,46141,,,,,,,Current,,,,161/71,46028,74,46141,140,46141,4.4,46141,7.4,46141,87,46141,71,46141,,,73,46141,12,46141,46,46141,67,46141,,,,,,,,3,Solifenacin 10mg tablets,,,,,,,,,,,,,,,,,,,,,,,,,,,,,,,,,,,,,,,,,,,,,,,,,,,,,,,,,,,,,0,1,1,1,1,0,0,0,0,0,0
54,0,0,5891,76,Female,White British - ethnic category 2001 census,,,,,,,,,,,,,,,,,,,,,,,Constipation symptom,41123,,,,,,,Dizziness symptom,38393,,,Urinary incontinence,45873,,,,,,,,,,,,,,,H/O: recurrent cystitis,37439,,,,,,,,,Seen in urology clinic,43007,,,Seen in gynaecology clinic,46148,,,Ischaemic heart disease,45268,Essential hypertension,46227,,,,,Ischaemic heart disease,45268,,,,,,,,,,,,,,,,,,,,,,,,,Cystitis,42541,ECG done,45887,,,,,,,,,Regurin XL 60mg capsules (Viatris UK Healthcare Ltd),46266,,,,,,,,,,,,,,,,,,,,,,,,,,,,,,,,,,,,,,Co-codamol 30mg/500mg tablets,46266,,,,,Regurin XL 60mg capsules (Viatris UK Healthcare Ltd),46266,82.555,46058,167,46058,29.6,46058,118,80,46258,86,46182,43,46052,Serum ALT level,24,46182,Serum alkaline phosphatase,94,46182,,,,6,46182,59,46182,4.8,46182,139,46182,7.6,46182,44,46182,,,Alcohol units consumed per week,10,46058,Constipation symptom (02/08/2012),,,Dizziness symptom (10/02/2005),,,1,Co-codamol 30mg/500mg tablets,0,,1,Regurin XL 60mg capsules (Viatris UK Healthcare Ltd),,,,,,,H/O: recurrent cystitis (02/07/2002),0,0,Seen in urology clinic (29/09/2017),,Seen in gynaecology clinic (06/05/2026),,0,0,0,,,,,,,Cystitis (20/06/2016),,,,Ischaemic heart disease (08/12/2023),,,,Ischaemic heart disease (08/12/2023),Essential hypertension (24/07/2026),,,,,,,,,Urinary incontinence (04/08/2025),,,,Regurin XL 60mg capsules (Viatris UK Healthcare Ltd) (01/09/2026),,"Constipation symptom (02/08/2012)
Dizziness symptom (10/02/2005)
Essential hypertension (24/07/2026)",Alcohol units consumed per week - 10 (05/02/2026),1,0,0,1,46269,,,Y,Overactive Bladder,Y,Regurin XL 60mg capsules (Viatris UK Healthcare Ltd) (01/09/2026),,,,,,,Y,,Y,4,"Co-codamol 30mg/500mg tablets
Regurin XL 60mg capsules (Viatris UK Healthcare Ltd)",Y,"Constipation symptom (02/08/2012)
Dizziness symptom (10/02/2005)
Essential hypertension (24/07/2026)",,,,,1 - Patients with OAB currently receiving antimuscarinic therapy only,,Action: facilitate overactive bladder management review,Action - invite to pharmacist led clinic,Y,Letter,46274,,,,,,,,,,82.555,167,29.6,Overweight (25-29.9),,,,,,,,Y,0,0,Y,,Y,,Y,,,,,,,Y,,,,Y,,,,Y,Y,ECG done,45887,,,,Y,,,Y,,,,,,,,,,Y,,,,,Current,,,,118/80,46258,86,46182,139,46182,4.8,46182,7.6,46182,59,46182,24,46182,,,94,46182,6,46182,44,46182,43,46052,,,,,,,,4,"Co-codamol 30mg/500mg tablets
Regurin XL 60mg capsules (Viatris UK Healthcare Ltd)",,,,,,,,,,,,,,,,,,,,,,,,,,,,,,,,,,,,,,,,,,,,,,,,,,,,,,,,,,,,,0,1,1,1,1,0,0,0,0,0,0
55,0,0,5998,85,Male,White: English or Welsh or Scottish or Northern Irish or British - England and Wales ethnic category 2011 census,,,Housebound,44215,,,,,,,,,,,,,,,,,,,,,,,,,,,Dizziness symptom,42628,,,Incontinence of urine,43580,Overactive bladder,43601,Overactive bladder,43601,,,,,,,,,,,,,,,,,BPH - benign prostatic hypertrophy,42304,,,Seen in urology clinic,44418,,,,,,,Peripheral vascular disease,45355,Hypertensive disease,42304,,,,,Angina pectoris,42304,,,,,,,,,,,,,,,Urgency of micturition,43805,Urinary frequency,43361,,,,,,,,,ECG,45572,Exercise tolerance test abnormal,37531,,,,,,,Solifenacin 5mg tablets,46254,,,,,,,,Tamsulosin 400microgram modified-release capsules,46254,BPH - benign prostatic hypertrophy,,,,Dapagliflozin 10mg tablets,46254,,,,,,,,Solifenacin 5mg tablets,,Dizziness symptom,,,,Tamsulosin 400microgram modified-release capsules,39366,,,,,Duloxetine 30mg gastro-resistant capsules,41950,,,,,,,,Solifenacin 5mg tablets,46254,84,45930,167,45930,30.12,45930,130,78,46031,55,46185,43,45966,Serum ALT level,21,45966,Serum alkaline phosphatase,78,45966,,,,13,45966,110,46185,4.9,46185,140,46185,8.9,46185,43,45966,6.1,43809,Alcohol units consumed per week,0,45603,,,,Dizziness symptom (15/09/2016),,,0,,0,,1,Solifenacin 5mg tablets,,,,,,,,1,1,Seen in urology clinic (10/08/2021),,,,0,0,0,,,,BPH - benign prostatic hypertrophy (27/10/2015),,,,,,,Peripheral vascular disease (04/03/2024),,,,Angina pectoris (27/10/2015),Hypertensive disease (27/10/2015),Exercise tolerance test abnormal (02/10/2002),Dapagliflozin 10mg tablets (20/08/2026),,,,,,Urgency of micturition (06/12/2019),Incontinence of urine (25/04/2019),Urinary frequency (18/09/2018),Tamsulosin 400microgram modified-release capsules (20/08/2026),,Solifenacin 5mg tablets (20/08/2026),,"Dizziness symptom (15/09/2016)
Hypertensive disease (27/10/2015)
Exercise tolerance test abnormal (02/10/2002)",Alcohol units consumed per week - 0 (07/11/2024),1,0,0,1,46269,Overactive bladder (16/05/2019),Overactive bladder (16/05/2019),Y,Overactive Bladder,Y,Solifenacin 5mg tablets (20/08/2026),,,,,,,,,Y,3,Solifenacin 5mg tablets,Y,"Dizziness symptom (15/09/2016)
Hypertensive disease (27/10/2015)
Exercise tolerance test abnormal (02/10/2002)",,,,,1 - Patients with OAB currently receiving antimuscarinic therapy only,,Action: facilitate overactive bladder management review,Action - invite to pharmacist led clinic,Y,Letter,46274,,,,,,,,,,84,167,30.12,Obesity I (30-34.9),,N,N,N,N,,,,1,1,Y,,,,Y,,,,Y,,,,,,,Y,,,,Y,Y,ECG,45572,Y,Y,,,,,Y,,,,,,,6.1,43809,N,N,N,0,Y,,Current,,,,130/78,46031,55,46185,140,46185,4.9,46185,8.9,46185,110,46185,21,45966,,,78,45966,13,45966,43,45966,43,45966,Y,7,,,,,,3,Solifenacin 5mg tablets,,,,,,,,,,,De-escalation of pharmacological management,Antimuscarinic,Stop,Solifenacin 5mg tablets,,,No longer taken by patient,Y,,,,,,,,,,,,,,,,,,,,,,,,,,,,,,,,,,,,,,,,No action,,,0,1,1,1,1,0,0,1,0,1,1
56,0,0,6030,50,Female,White: English or Welsh or Scottish or Northern Irish or British - England and Wales ethnic category 2011 census,,,,,,,,,,,,,,,,,,,,,,,,,,,,,,,,,,,Urinary incontinence,44586,,,,,,,,,,,,,Patient pregnant,43290,Recurrent urinary tract infections,40567,,,,,,,,,,,,,Seen in gynaecology clinic,45947,,,,,,,,,,,,,,,,,,,,,,,,,,,,,,,,,,,,,,,,,,,,,,,,,Solifenacin 10mg tablets,46233,,,,,,,,,,,,,,,,,,,,,,,Solifenacin 5mg tablets,45964,,,,,,,,,,,,,,,,,,,,Solifenacin 10mg tablets,46233,77.9,45716,162,45716,29.68,45716,125,86,45538,90,44659,40,44865,Serum ALT level,27,44865,Serum alkaline phosphatase,44,44865,,,,14,44865,52,44659,4.5,44659,136,44659,3.6,44659,47,44865,,,Alcohol units consumed per week,0,45716,,,,,,,0,,0,,1,Solifenacin 10mg tablets,,,,,,,Recurrent urinary tract infections (24/01/2011),0,0,,,Seen in gynaecology clinic (17/10/2025),Patient pregnant (09/07/2018),0,0,0,,,,,,,,,,,,,,,,,,,,,,,,,Urinary incontinence (25/01/2022),,,,"Solifenacin 10mg tablets (30/07/2026)
(Solifenacin 5mg tablets (03/11/2025))",,,Alcohol units consumed per week - 0 (28/02/2025),1,0,1,1,46269,,,Y,Overactive Bladder,Y,Solifenacin 10mg tablets (30/07/2026),Y,Solifenacin 5mg tablets (03/11/2025),,,,,,,Y,3,Solifenacin 10mg tablets,,,,,,,1 - Patients with OAB currently receiving antimuscarinic therapy only,,Action: facilitate overactive bladder management review,Action - invite to pharmacist led clinic,Y,Letter,46274,,,,,,,,,,77.9,162,29.68,Overweight (25-29.9),,,,,,,,Y,0,0,,,Y,Y,Y,,,,,,,,,,,,,,,,,,,,,,,,,,,,,,,,,,,Y,,,,,Current,,,,125/86,45538,90,44659,136,44659,4.5,44659,3.6,44659,52,44659,27,44865,,,44,44865,14,44865,47,44865,40,44865,,,,,,,,3,Solifenacin 10mg tablets,,,,,,,,,,,,,,,,,,,,,,,,,,,,,,,,,,,,,,,,,,,,,,,,,,,,,,,,,,,,,0,1,1,1,1,0,0,0,0,0,0
57,0,0,6861,80,Female,White: English or Welsh or Scottish or Northern Irish or British - England and Wales ethnic category 2011 census,,,,,,,,,Haematuria,43234,,,,,,,,,,,,,,,,,,,,,,,,,,,,,,,,,,,,,,,,,Recurrent urinary tract infection,44636,,,,,,,,,Seen in urology clinic,45366,,,,,,,,,Hypertensive disease,42334,,,,,,,,,,,,,,,,,,,,,,,,,,,,,,,Cystitis,41514,,,,,,,,,,,,,,Mirabegron 50mg modified-release tablets,46218,Mixed urinary incontinence,,,,,,,,,,,,,,,,,,,Fesoterodine 4mg modified-release tablets,42464,Irritable bladder,,,,,,,,,,,,,Tramadol 50mg capsules,46218,,,,,,,68.4,46100,149,46100,30.81,46100,148,78,46100,54,46100,39,45965,Serum ALT level,51,46100,Serum alkaline phosphatase,104,46100,,,,9,46100,88,46100,4.5,46100,142,46100,6.1,46100,46,46100,,,Alcohol units consumed per week,15,46100,,,,,,,1,Tramadol 50mg capsules,0,,0,,,,,,,Haematuria (14/05/2018),Recurrent urinary tract infection (16/03/2022),0,0,Seen in urology clinic (15/03/2024),,,,0,0,0,,,,,,,Cystitis (28/08/2013),,,,,,,,,Hypertensive disease (26/11/2015),,,,,,,,,,,,,(Fesoterodine 4mg modified-release tablets (04/04/2016)),"Mirabegron 50mg modified-release tablets (15/07/2026)
()",Hypertensive disease (26/11/2015),Alcohol units consumed per week - 15 (19/03/2026),0,1,1,2,46269,,,Y,Overactive Bladder,,,Y,Fesoterodine 4mg modified-release tablets (04/04/2016),Y,Mirabegron 50mg modified-release tablets (15/07/2026),,,Y,,,1,Tramadol 50mg capsules,Y,Hypertensive disease (26/11/2015),,,,,2 - Patients with OAB currently receiving beta-3 agonist therapy only,,Action: facilitate overactive bladder management review,Action - invite to pharmacist led clinic,Y,Letter,46274,,,,,,,,,,68.4,149,30.81,Obesity I (30-34.9),,,,,,,Y,Y,0,0,Y,,,,Y,,,,,,,Y,,,,,,,,,Y,,,,,,,,,,,,,,,,,,,,,,,,Past,Current,,,148/78,46100,54,46100,142,46100,4.5,46100,6.1,46100,88,46100,51,46100,,,104,46100,9,46100,46,46100,39,45965,,,,,,,,1,Tramadol 50mg capsules,,,,,,,,,,,,,,,,,,,,,,,,,,,,,,,,,,,,,,,,,,,,,,,,,,,,,,,,,,,,,0,1,1,1,1,0,0,0,0,0,0
58,0,0,6877,61,Male,White British - ethnic category 2001 census,,,,,,,,,,,,,,,,,,,,,,,,,,,,,,,,,,,,,,,,,,,,,,,,,,,,,,,,,,,,,Seen in urology clinic,43025,,,,,Type 2 diabetes mellitus,46114,,,Hypertension,46114,,,,,,,,,[X]Depression NOS,41883,,,,,H/O: anxiety state,37525,,,,,Urge incontinence of urine,42873,,,,,,,,,,,ECG,42803,,,,,,,,,Fesoterodine 8mg modified-release tablets,46254,,,,,,,,,,,,,,,,,,,,,,,Fesoterodine 4mg modified-release tablets,43080,Irritable bladder,,,,,,,,,,,,,Co-codamol 30mg/500mg tablets,46253,,,,,Fesoterodine 8mg modified-release tablets,46254,146,46114,185,46114,42.66,46114,110,70,46114,90,46076,36,46076,Serum ALT level,28,46076,Serum alkaline phosphatase,28,46076,,,,5,46076,67,46076,4.8,46076,144,46076,4.6,46076,46,46076,0.23,45321,Trivial drinker - <1u/day,,46114,,,,,,,1,Co-codamol 30mg/500mg tablets,0,,3,"Fesoterodine 8mg modified-release tablets
Toviaz 8mg modified-release tablets (Pfizer Ltd)
Toviaz 8mg modified-release tablets (Pfizer Ltd)",,,,,,,,0,0,Seen in urology clinic (17/10/2017),,,,0,0,0,,,,,,,,Type 2 diabetes mellitus (02/04/2026),,,,,,,,Hypertension (02/04/2026),,,,H/O: anxiety state (26/09/2002),[X]Depression NOS (01/09/2014),,,Urge incontinence of urine (18/05/2017),,,,,"Fesoterodine 8mg modified-release tablets (20/08/2026)
(Fesoterodine 4mg modified-release tablets (11/12/2017))",,Hypertension (02/04/2026),Trivial drinker - <1u/day -  (02/04/2026),1,0,1,1,46269,,,Y,Overactive Bladder,Y,Fesoterodine 8mg modified-release tablets (20/08/2026),Y,Fesoterodine 4mg modified-release tablets (11/12/2017),,,,,Y,,Y,10,"Co-codamol 30mg/500mg tablets
Fesoterodine 8mg modified-release tablets
Toviaz 8mg modified-release tablets (Pfizer Ltd)
Toviaz 8mg modified-release tablets (Pfizer Ltd)",Y,Hypertension (02/04/2026),,,,,1 - Patients with OAB currently receiving antimuscarinic therapy only,,Action: facilitate overactive bladder management review,Action - invite to pharmacist led clinic,Y,Letter,46274,,,,,,,,,,146,185,42.66,Obesity III (40 or more),,,,,,,,,0,0,Y,,,,Y,,,,,,,,Y,,,,,,,,Y,ECG,42803,,,,,,,,,,Y,Y,,,0.23,45321,Y,,,,,,Current,,,,110/70,46114,90,46076,144,46076,4.8,46076,4.6,46076,67,46076,28,46076,,,28,46076,5,46076,46,46076,36,46076,,,,,,,,10,"Co-codamol 30mg/500mg tablets
Fesoterodine 8mg modified-release tablets
Toviaz 8mg modified-release tablets (Pfizer Ltd)
Toviaz 8mg modified-release tablets (Pfizer Ltd)",,,,,,,,,,,,,,,,,,,,,,,,,,,,,,,,,,,,,,,,,,,,,,,,,,,,,,,,,,,,,0,1,1,1,1,0,0,0,0,0,0
59,0,0,7017,53,Female,White: English or Welsh or Scottish or Northern Irish or British - England and Wales ethnic category 2011 census,,,,,,,,,Blood in urine - haematuria,45099,,,,,,,,,,,,,Constipation symptom,41247,,,,,TACHYCARDIA,34758,,,,,Urinary incontinence,44861,,,,,,,,,,,,,Patient pregnant,41130,Recurrent urinary tract infection,45657,,,,,,,,,Seen in urology clinic,45600,,,Seen in gynaecology clinic,45589,,,,,,,,,,,,,,,,,,,,,,,,,,,,,,,,,,,,,Cystitis,41207,,,,,,,,,,,Tolterodine 4mg modified-release capsules,46266,Recurrent urinary tract infection,,,,,,,,,,,,,,,,,,,,,,Tolterodine 2mg modified-release capsules,45800,,,,,,,,,,,,,,,,,,,,Tolterodine 4mg modified-release capsules,46266,75,46192,182,46192,22.64,46192,115,72,45316,89,46164,32,46164,Serum ALT level,27,46164,Serum alkaline phosphatase,75,46164,,,,8,46164,61,46164,4.6,46164,145,46164,3.4,46164,46,46164,,,,,,Constipation symptom (04/12/2012),,,,TACHYCARDIA (28/02/1995),,0,,0,,1,Tolterodine 4mg modified-release capsules,,,,,,Blood in urine - haematuria (22/06/2023),Recurrent urinary tract infection (31/12/2024),0,12,Seen in urology clinic (04/11/2024),,Seen in gynaecology clinic (24/10/2024),Patient pregnant (09/08/2012),0,0,0,,,,,,,Cystitis (25/10/2012),,,,,,,,,,,,,,,,,,Urinary incontinence (27/10/2022),,,,"Tolterodine 4mg modified-release capsules (01/09/2026)
(Tolterodine 2mg modified-release capsules (23/05/2025))",,"Constipation symptom (04/12/2012)
TACHYCARDIA (28/02/1995)",,1,0,1,1,46269,,,Y,Overactive Bladder,Y,Tolterodine 4mg modified-release capsules (01/09/2026),Y,Tolterodine 2mg modified-release capsules (23/05/2025),,,,,,,Y,3,Tolterodine 4mg modified-release capsules,Y,"Constipation symptom (04/12/2012)
TACHYCARDIA (28/02/1995)",,,,,1 - Patients with OAB currently receiving antimuscarinic therapy only,,Action: facilitate overactive bladder management review,Action - invite to pharmacist led clinic,Y,Letter,46274,,,,,,,,,,75,182,22.64,Healthy weight (18.5-24.9),,,,,,,Y,Y,0,12,Y,,Y,Y,Y,,,,,,,Y,,,,,,,,,,,,,,,Y,,,,Y,,,,,,,,,Y,,,,,Current,,,,115/72,45316,89,46164,145,46164,4.6,46164,3.4,46164,61,46164,27,46164,,,75,46164,8,46164,46,46164,32,46164,,,,,,,,3,Tolterodine 4mg modified-release capsules,,,,,,,,,,,,,,,,,,,,,,,,,,,,,,,,,,,,,,,,,,,,,,,,,,,,,,,,,,,,,0,1,1,1,1,0,0,0,0,0,0
60,0,0,7122,66,Male,White British,,,,,,,,,,,Malignant neoplasm of prostate,46008,,,,,Bladder outflow obstruction,44673,,,,,,,,,,,,,,,,,,,Overactive bladder,44673,Overactive bladder,44673,,,,,,,,,,,,,,,,,Malignant neoplasm of prostate,46008,Malignant neoplasm of prostate,46008,Seen in urology clinic,46191,,,,,,,,,,,,,,,,,,,,,,,,,,,,,,,Urge incontinence of urine,41054,,,,,,,,,,,,,,,,,,,,,,,,,,,,,,,,,,,,,,,,,,,,,Darifenacin 15mg modified-release tablets,45462,,Mirabegron 50mg modified-release tablets,45428,Urinary symptoms,Tamsulosin 400microgram modified-release capsules,45428,Urinary symptoms,,,,,,,,,,,,,,,,,,,,,127,75,45078,85,44508,,,Serum ALT level,35,44508,Serum alkaline phosphatase,82,44508,,,,15,44508,80,44508,4.2,44508,140,44508,4.5,44508,47,44508,8.5,45303,Alcohol consumption,18,44586,,,,,,,0,,0,,0,,,Malignant neoplasm of prostate (17/12/2025),,,,,,0,0,Seen in urology clinic (18/06/2026),,,,0,0,0,,,,Malignant neoplasm of prostate (17/12/2025),,,,,Malignant neoplasm of prostate (17/12/2025),Malignant neoplasm of prostate (17/12/2025),,,,,,,,,,,,,,Urge incontinence of urine (25/05/2012),,,,,(Darifenacin 15mg modified-release tablets (19/06/2024)),(Mirabegron 50mg modified-release tablets (16/05/2024)),,Alcohol consumption - 18 (25/01/2022),0,0,1,4,46269,Overactive bladder (22/04/2022),Overactive bladder (22/04/2022),Y,Overactive Bladder,,,Y,Darifenacin 15mg modified-release tablets (19/06/2024),,,Y,Mirabegron 50mg modified-release tablets (16/05/2024),,,,0,,,,,,,,"4 - Patients with OAB symptoms who are not currently receiving active treatment, have evidence of previous treatment failure, and who may benefit from management optimisation and/or initiation of pharmacological therapy",,Action: facilitate overactive bladder management review,Action - invite to pharmacist led clinic,Y,Letter,46274,,,,,,,,,,,,,,,,Y,,,,,,0,0,Y,,,,Y,,,,Y,,,,,Y,Y,,,,,,,,,,,,,,,,,,,,,,8.5,45303,Y,,,,,,Past,Past,,,127/75,45078,85,44508,140,44508,4.2,44508,4.5,44508,80,44508,35,44508,,,82,44508,15,44508,47,44508,,,,,,,,,,0,,,,,,,,,,,,,,,,,,,,,,,,,,,,,,,,,,,,,,,,,,,,,,,,,,,,,,,,,,,,,,0,1,1,1,1,0,0,0,0,0,0
61,0,0,7186,82,Male,White British - ethnic category 2001 census,,,,,,,,,Haematuria,43892,,,,,,,,,[D]Clot retention of urine,42944,,,,,,,,,Sinus tachycardia,36893,,,,,Urinary incontinence,43980,,,,,,,,,,,,,,,,,,,,,Malignant neoplasm of prostate,43685,Malignant neoplasm of prostate,43685,Seen in urology clinic,45985,,,,,Diabetic - poor control,46241,,,Hypertension,45874,,,,,,,,,DEPRESSION,33113,,,,,,,,,,,,,,,,,,,,,Cystitis,41467,ECG,45253,,,,,,,,,,,,Mirabegron 50mg modified-release tablets,46266,[RFC] Urinary incontinence,,,,,,,,,,Dapagliflozin 10mg tablets,46266,,Furosemide 40mg tablets,46266,,,,,Solifenacin 5mg tablets,43980,Urinary incontinence,Mirabegron 25mg modified-release tablets,44064,[RFC] Urinary incontinence,,,,,,,,,,Furosemide 40mg tablets,46266,,,,,,,80,46241,168,46241,28.3,46241,120,75,46241,75,46174,82,46239,Serum ALT level,38,46174,Serum alkaline phosphatase,119,46174,,,,7,46174,85,46174,4.9,46174,136,46174,9.1,46174,42,46174,0.34,46085,Alcohol units consumed per week,0,46241,,,,,Sinus tachycardia (02/01/2001),,2,"Furosemide 40mg tablets
Prednisolone 5mg tablets",0,,0,,,"[D]Clot retention of urine (28/07/2017)
Malignant neoplasm of prostate (08/08/2019)",,,,Haematuria (02/03/2020),,0,0,Seen in urology clinic (24/11/2025),,,,0,0,0,,,,Malignant neoplasm of prostate (08/08/2019),,,Cystitis (12/07/2013),Diabetic - poor control (07/08/2026),,Malignant neoplasm of prostate (08/08/2019),,,,,,Hypertension (05/08/2025),,Dapagliflozin 10mg tablets (01/09/2026),Furosemide 40mg tablets (01/09/2026),,DEPRESSION (28/08/1990),,,,Urinary incontinence (29/05/2020),,,,(Solifenacin 5mg tablets (29/05/2020)),"Mirabegron 50mg modified-release tablets (01/09/2026)
(Mirabegron 25mg modified-release tablets (21/08/2020))","Sinus tachycardia (02/01/2001)
Hypertension (05/08/2025)",Alcohol units consumed per week - 0 (07/08/2026),0,1,1,2,46269,,,Y,Overactive Bladder,,,Y,Solifenacin 5mg tablets (29/05/2020),Y,Mirabegron 50mg modified-release tablets (01/09/2026),Y,Mirabegron 25mg modified-release tablets (21/08/2020),Y,,,2,"Furosemide 40mg tablets
Prednisolone 5mg tablets",Y,"Sinus tachycardia (02/01/2001)
Hypertension (05/08/2025)",,,,,2 - Patients with OAB currently receiving beta-3 agonist therapy only,,Action: facilitate overactive bladder management review,Action - invite to pharmacist led clinic,Y,Letter,46274,,,,,,,,,,80,168,28.3,Overweight (25-29.9),,,Y,,,,Y,,0,0,Y,,,,Y,,,,Y,,,Y,Y,,Y,,,,,,Y,ECG,45253,,Y,Y,,,,,Y,,,Y,,,0.34,46085,,Y,,,,,Past,Current,,,120/75,46241,75,46174,136,46174,4.9,46174,9.1,46174,85,46174,38,46174,,,119,46174,7,46174,42,46174,82,46239,,,,,,,,2,"Furosemide 40mg tablets
Prednisolone 5mg tablets",,,,,,,,,,,,,,,,,,,,,,,,,,,,,,,,,,,,,,,,,,,,,,,,,,,,,,,,,,,,,0,1,1,1,1,0,0,0,0,0,0
62,0,0,7202,81,Male,White: English or Welsh or Scottish or Northern Irish or British - England and Wales ethnic category 2011 census,,,,,,,,,,,,,,,,,Bladder outflow obstruction,42674,,,,,Constipation,45987,,,,,Palpitations,43784,,,,,,,Overactive bladder,45475,Overactive bladder,45475,,,,,,,,,,,,,,,,,BPH - Benign prostatic hypertrophy,43207,,,Seen in urology clinic,45595,,,Seen in gynaecology clinic,42436,,,Stable angina,46133,Hypertensive disease,43314,,,,,Stable angina,46133,,,Chronic depression,39569,,,,,Anxiousness,36809,Recurrent falls,46202,,,,,Urinary frequency,43031,Excessive sweating,42913,,,,,,,ECG done,45952,Abnormal ECG,45952,,,,,,,,,,Mirabegron 25mg modified-release tablets,46205,,Finasteride 5mg tablets,46259,,Tamsulosin 400microgram modified-release capsules,46233,Prostatism,,,,,,,,,,,,,Oxybutynin 10mg modified-release tablets,39898,,Mirabegron 25mg modified-release tablets,45638,,Alfuzosin 2.5mg tablets,42646,BPH - benign prostatic hypertrophy,Dutasteride 500microgram capsules,40966,,,,,Isosorbide mononitrate 60mg modified-release tablets,46259,,,Amitriptyline 10mg tablets,46259,,,120,46133,175,46133,39.2,46202,114,67,46211,47,46199,40,46199,Serum ALT level,20,46199,Serum alkaline phosphatase,99,46199,,,,24,46199,128,46199,4,46199,139,46199,7.3,46199,42,46199,0.32,46148,Alcohol units consumed per week,0,45887,Constipation (26/11/2025),,,,Palpitations (15/11/2019),,1,Isosorbide mononitrate 60mg modified-release tablets,0,,2,"Amitriptyline 10mg tablets
Hyoscine butylbromide 10mg tablets",,,,,,,,0,0,Seen in urology clinic (30/10/2024),,Seen in gynaecology clinic (07/03/2016),,2,1,3,,,,BPH - Benign prostatic hypertrophy (17/04/2018),Excessive sweating (27/06/2017),,,,,,Stable angina (21/04/2026),,,,Stable angina (21/04/2026),Hypertensive disease (02/08/2018),Abnormal ECG (22/10/2025),,,Anxiousness (10/10/2000),Chronic depression (01/05/2008),,Recurrent falls (29/06/2026),,,Urinary frequency (23/10/2017),Tamsulosin 400microgram modified-release capsules (30/07/2026),Finasteride 5mg tablets (25/08/2026),(Oxybutynin 10mg modified-release tablets (26/03/2009)),"Mirabegron 25mg modified-release tablets (02/07/2026)
(Mirabegron 25mg modified-release tablets (12/12/2024))","Constipation (26/11/2025)
Palpitations (15/11/2019)
Hypertensive disease (02/08/2018)
Abnormal ECG (22/10/2025)",Alcohol units consumed per week - 0 (18/08/2025),0,1,1,2,46269,Overactive bladder (02/07/2024),Overactive bladder (02/07/2024),Y,Overactive Bladder,,,Y,Oxybutynin 10mg modified-release tablets (26/03/2009),Y,Mirabegron 25mg modified-release tablets (02/07/2026),Y,Mirabegron 25mg modified-release tablets (12/12/2024),Y,,Y,7,"Isosorbide mononitrate 60mg modified-release tablets
Amitriptyline 10mg tablets
Hyoscine butylbromide 10mg tablets",Y,"Constipation (26/11/2025)
Palpitations (15/11/2019)
Hypertensive disease (02/08/2018)
Abnormal ECG (22/10/2025)",,,,,2 - Patients with OAB currently receiving beta-3 agonist therapy only,,Action: facilitate overactive bladder management review,Action - invite to pharmacist led clinic,Y,Letter,46274,,,,,,,,,,120,175,39.2,Obesity II (35-39.9),,,,,,,,,0,0,Y,,Y,,Y,,,,Y,Y,,,,,,Y,,,,Y,Y,ECG done,45952,Y,,,Y,,,,Y,,Y,Y,,Y,0.32,46148,,,Y,,Y,Y,Past,Current,,,114/67,46211,47,46199,139,46199,4,46199,7.3,46199,128,46199,20,46199,,,99,46199,24,46199,42,46199,40,46199,,,,,,,,7,"Isosorbide mononitrate 60mg modified-release tablets
Amitriptyline 10mg tablets
Hyoscine butylbromide 10mg tablets",,,,,,,,,,,,,,,,,,,,,,,,,,,,,,,,,,,,,,,,,,,,,,,,,,,,,,,,,,,,,0,1,1,1,1,0,0,0,0,0,1
63,0,0,7217,83,Female,White British - ethnic category 2001 census,,,,,,,,,,,,,,,,,,,,,,,,,,,,,Palpitations,44392,,,,,,,Detrusor overactivity,45391,Detrusor overactivity,45391,,,,,,,,,,,,,,,,,,,,,,,,,,,,,,,Essential hypertension,45882,,,Atrial fibrillation,45890,,,,,,,,,,,,,,,,,,,,,,,,,,,,,ECG,45819,Electrocardiogram abnormal,45819,,,,,,,,,,,,,,,,,,,,,,,,,Furosemide 20mg tablets,46254,,,,,Darifenacin 7.5mg modified-release tablets,45860,,,,,,,,,,,,,,Codeine 15mg tablets,46254,,,,,,,68.946,46224,149,46224,31.1,46224,134,66,46055,90,46261,43,45987,Serum ALT level,14,46239,Serum alkaline phosphatase,95,46239,,,,8,46239,54,46261,4.9,46261,129,46261,4.3,46261,46,46239,,,Alcohol units consumed per week,0,46022,,,,,Palpitations (15/07/2021),,2,"Codeine 15mg tablets
Furosemide 20mg tablets",0,,0,,,,,,,,,0,0,,,,,0,0,0,,,,,,,,,,,,,Atrial fibrillation (21/08/2025),,,Essential hypertension (13/08/2025),Electrocardiogram abnormal (11/06/2025),,Furosemide 20mg tablets (20/08/2026),,,,,,,,,,(Darifenacin 7.5mg modified-release tablets (22/07/2025)),,"Palpitations (15/07/2021)
Essential hypertension (13/08/2025)
Electrocardiogram abnormal (11/06/2025)",Alcohol units consumed per week - 0 (31/12/2025),0,0,1,0,46269,Detrusor overactivity (09/04/2024),Detrusor overactivity (09/04/2024),Y,Overactive Bladder,,,Y,Darifenacin 7.5mg modified-release tablets (22/07/2025),,,,,Y,,,2,"Codeine 15mg tablets
Furosemide 20mg tablets",Y,"Palpitations (15/07/2021)
Essential hypertension (13/08/2025)
Electrocardiogram abnormal (11/06/2025)",,,,,X - Not meeting cohort criteria,,No action: not meeting review criteria,No Action,N,,,,,,,,,,,,68.946,149,31.1,Obesity I (30-34.9),,,,,,,,,0,0,,,,,Y,,,,,,,,,,,,,Y,,,Y,ECG,45819,Y,,Y,,,,,Y,,,,,,,,,,,,,,Past,,,,134/66,46055,90,46261,129,46261,4.9,46261,4.3,46261,54,46261,14,46239,,,95,46239,8,46239,46,46239,43,45987,,,,,,,,2,"Codeine 15mg tablets
Furosemide 20mg tablets",,,,,,,,,,,,,,,,,,,,,,,,,,,,,,,,,,,,,,,,,,,,,,,,,,,,,,,,,,,,,0,0,0,0,0,0,0,0,0,0,0
64,0,0,7306,56,Female,White: English or Welsh or Scottish or Northern Irish or British - England and Wales ethnic category 2011 census,,,,,,,,,,,,,,,,,,,,,,,Constipation NOS,37294,,,,,,,,,,,Urinary incontinence,45506,Overactive bladder,44616,Overactive bladder,45721,,,,,,,,,Patient pregnant,37083,,,,,,,,,,,,,,,Discharge by gynaecologist,40253,,,,,,,,,,,,,,,Depression,45659,,,,,ANXIETY,36077,,,,,Urge incontinence of urine,45722,FREQUENCY MICTURITION,36032,SWEATING EXCESSIVE,36314,,,,,,,,,,,,,,,,,,,,,,,,,,,,,,,,,,,,,,,,,Darifenacin 15mg modified-release tablets,44676,Overactive bladder,Mirabegron 25mg modified-release tablets,45240,,,,,,,,Duloxetine 30mg gastro-resistant capsules,43308,Patient reviewed,Venlafaxine 150mg modified-release capsules,46261,,,,,,,91,45784,161,45784,35.11,45784,124,72,45994,77,45785,29,45785,Serum ALT level,33,45506,Serum alkaline phosphatase,101,45785,,,,10,45785,69,45785,4.2,45685,140,45785,5.5,45785,48,45791,,,,,,Constipation NOS (07/02/2002),,,,,,1,Venlafaxine 150mg modified-release capsules,0,,0,,,,,,,,,0,0,,,Discharge by gynaecologist (16/03/2010),Patient pregnant (11/07/2001),0,0,0,,,,,SWEATING EXCESSIVE (03/06/1999),,,,,,,,,,,,,,,ANXIETY (09/10/1998),Depression (02/01/2025),,,Urge incontinence of urine (06/03/2025),Urinary incontinence (02/08/2024),FREQUENCY MICTURITION (25/08/1998),,,(Darifenacin 15mg modified-release tablets (25/04/2022)),(Mirabegron 25mg modified-release tablets (10/11/2023)),Constipation NOS (07/02/2002),,0,0,1,4,46269,Overactive bladder (24/02/2022),Overactive bladder (05/03/2025),Y,Overactive Bladder,,,Y,Darifenacin 15mg modified-release tablets (25/04/2022),,,Y,Mirabegron 25mg modified-release tablets (10/11/2023),Y,,,1,Venlafaxine 150mg modified-release capsules,Y,Constipation NOS (07/02/2002),,,,,"4 - Patients with OAB symptoms who are not currently receiving active treatment, have evidence of previous treatment failure, and who may benefit from management optimisation and/or initiation of pharmacological therapy",,Action: facilitate overactive bladder management review,Action - invite to pharmacist led clinic,Y,Letter,46274,,,,,,,,,,91,161,35.11,Obesity II (35-39.9),,,,,,,,,0,0,,,Y,Y,Y,,,,,Y,,,,,,,,,,,,,,,,,Y,,,,,,Y,Y,,,,,Y,Y,Y,,,,Past,Past,,,124/72,45994,77,45785,140,45785,4.2,45685,5.5,45785,69,45785,33,45506,,,101,45785,10,45785,48,45791,29,45785,,,,,,,,1,Venlafaxine 150mg modified-release capsules,,,,,,,,,,,,,,,,,,,,,,,,,,,,,,,,,,,,,,,,,,,,,,,,,,,,,,,,,,,,,0,1,1,1,1,0,0,0,0,0,0
65,0,0,7350,61,Female,White: English or Welsh or Scottish or Northern Irish or British - England and Wales ethnic category 2011 census,,,,,,,,,,,,,,,,,,,,,,,CONSTIPATION,35037,,,,,,,Dizziness symptom,42354,,,INCONTINENCE URINE,25939,,,,,,,,,,,,,Patient pregnant,36845,Recurrent urinary tract infection,44179,,,,,,,,,Seen in urology clinic,44407,,,Seen in gynaecology clinic,44691,,,,,,,,,,,,,,,Mixed anxiety and depressive disorder,44330,,,,,,,Falls,43745,,,,,,,Hyperhidrosis,45446,,,,,,,ECG,42972,,,,,,,,,Oxybutynin 10mg modified-release tablets,46244,Excessive sweating,,,,,,,,,,,,,,,,,,,,,,Oxybutynin 5mg modified-release tablets,44110,,,,,,,,,,,Duloxetine 30mg gastro-resistant capsules,41645,,Codeine 30mg tablets,46268,,,Amitriptyline 10mg tablets,46258,Oxybutynin 10mg modified-release tablets,46244,82.5,45541,,,32.76,45541,108,60,45833,79,46265,37,46136,Serum ALT level,16,46136,Serum alkaline phosphatase,52,46136,,,,3,46136,66,46265,4.5,46265,143,46265,5.5,46265,41,46136,,,,,,CONSTIPATION (04/12/1995),,,Dizziness symptom (16/12/2015),,,3,"Codeine 30mg tablets
Tramadol 50mg capsules
Trazodone 150mg tablets",0,,3,"Amitriptyline 10mg tablets
Hyoscine butylbromide 10mg tablets
Oxybutynin 10mg modified-release tablets",,,,,,,Recurrent urinary tract infection (14/12/2020),0,1,Seen in urology clinic (30/07/2021),,Seen in gynaecology clinic (10/05/2022),Patient pregnant (15/11/2000),0,0,0,,,,,Hyperhidrosis (03/06/2024),,,,,,,,,,,,,,,,Mixed anxiety and depressive disorder (14/05/2021),,Falls (07/10/2019),,INCONTINENCE URINE (06/01/1971),,,,"Oxybutynin 10mg modified-release tablets (10/08/2026)
(Oxybutynin 5mg modified-release tablets (06/10/2020))",,"CONSTIPATION (04/12/1995)
Dizziness symptom (16/12/2015)",,1,0,1,1,46269,,,Y,Overactive Bladder,Y,Oxybutynin 10mg modified-release tablets (10/08/2026),Y,Oxybutynin 5mg modified-release tablets (06/10/2020),,,,,Y,,Y,12,"Codeine 30mg tablets
Tramadol 50mg capsules
Trazodone 150mg tablets
Amitriptyline 10mg tablets
Hyoscine butylbromide 10mg tablets
Oxybutynin 10mg modified-release tablets",Y,"CONSTIPATION (04/12/1995)
Dizziness symptom (16/12/2015)",,,,,1 - Patients with OAB currently receiving antimuscarinic therapy only,,Action: facilitate overactive bladder management review,Action - invite to pharmacist led clinic,Y,Letter,46274,,,,,,,,,,82.5,,32.76,Obesity I (30-34.9),,,,,,,,Y,0,1,Y,,Y,Y,Y,,,,,Y,,,,,,,,,,,,ECG,42972,,,,Y,,,Y,,,,Y,,Y,,,,Y,,,,,Current,,,,108/60,45833,79,46265,143,46265,4.5,46265,5.5,46265,66,46265,16,46136,,,52,46136,3,46136,41,46136,37,46136,,,,,,,,12,"Codeine 30mg tablets
Tramadol 50mg capsules
Trazodone 150mg tablets
Amitriptyline 10mg tablets
Hyoscine butylbromide 10mg tablets
Oxybutynin 10mg modified-release tablets",,,,,,,,,,,,,,,,,,,,,,,,,,,,,,,,,,,,,,,,,,,,,,,,,,,,,,,,,,,,,0,1,1,1,1,0,0,0,0,0,0
66,0,0,7418,88,Female,White British - ethnic category 2001 census,,,,,,,,,,,,,,,,,,,,,,,,,,,,,,,,,,,,,,,,,,,,,,,,,,,,,,,,,,,,,,,,,,,,,,,Hypertension,42346,,,,,,,,,,,,,,,,,,,,,Urgent desire to urinate,46195,Increased frequency of urination,46083,,,,,,,,,,,,,,,,,,,Solifenacin 5mg tablets,46268,,,,,,,,,,,,,,,,,,,,,,,,,,,,,,,,,,,,,,,,,,,,Solifenacin 5mg tablets,46268,45,46126,150,46126,20,46126,135,85,46195,90,45630,44,46108,Serum ALT level,28,46108,Serum alkaline phosphatase,63,46108,,,,6,46108,44,46108,4.5,46108,139,46108,6.4,46108,44,46108,,,Social drinker,,46126,,,,,,,0,,0,,1,Solifenacin 5mg tablets,,,,,,,,2,3,,,,,0,0,0,,,,,,,,,,,,,,,,Hypertension (08/12/2015),,,,,,,,Urgent desire to urinate (22/06/2026),,Increased frequency of urination (02/03/2026),,,Solifenacin 5mg tablets (03/09/2026),,Hypertension (08/12/2015),Social drinker -  (14/04/2026),1,0,0,1,46269,,,Y,Overactive Bladder,Y,Solifenacin 5mg tablets (03/09/2026),,,,,,,,,Y,3,Solifenacin 5mg tablets,Y,Hypertension (08/12/2015),,,,,1 - Patients with OAB currently receiving antimuscarinic therapy only,,Action: facilitate overactive bladder management review,Action - invite to pharmacist led clinic,Y,Letter,46274,,,,,,,,,,45,150,20,Healthy weight (18.5-24.9),,,,,,,,,2,3,,,,,Y,,,,,,,,,,,,,,,,Y,,,,,,,,,,,,,,,,,,Y,,Y,,,,Current,,,,135/85,46195,90,45630,139,46108,4.5,46108,6.4,46108,44,46108,28,46108,,,63,46108,6,46108,44,46108,44,46108,,,,,,,,3,Solifenacin 5mg tablets,,,,,,,,,,,,,,,,,,,,,,,,,,,,,,,,,,,,,,,,,,,,,,,,,,,,,,,,,,,,,0,1,1,1,1,0,0,0,0,0,0
67,0,0,8042,77,Male,Other ethnic group: any other ethnic group - England and Wales ethnic category 2011 census,,,,,,,,,Haematuria,42076,,,,,,,BOO - Bladder outflow obstruction,41459,[D]Acute retention of urine,40535,,,,,,,,,,,,,,,Urinary incontinence,45084,,,,,,,,,,,,,,,,,,,,,Chronic prostatitis,44231,Malignant neoplasm of kidney parenchyma,42263,Seen in urology clinic,46241,Partial nephrectomy,42230,,,,,,,Hypertension,45947,,,,,,,,,Depressive disorder NEC,36816,,,,,Anxiousness,36791,,,,,Urge incontinence of urine,44987,,,,,,,,,Cystitis,40764,ECG,38804,,,,,,,,,Darifenacin 7.5mg modified-release tablets,46176,Urge incontinence of urine,,,,,,,,,,,,,,,,,,,,,,Darifenacin 7.5mg modified-release tablets,44987,Urge incontinence of urine,,,,Tamsulosin 400microgram modified-release capsules,40547,,,,,,,,,,,,,,Darifenacin 7.5mg modified-release tablets,46176,65,46104,167.64,46104,23.13,46104,145,87,46106,53,46177,35,46155,Serum ALT level,10,46155,Serum alkaline phosphatase,82,46155,,,,8,46155,115,46177,4.4,46177,137,46177,7.2,46177,41,46155,13,46196,Alcohol units consumed per week,1,46104,,,,,,,0,,0,,1,Darifenacin 7.5mg modified-release tablets,,"[D]Acute retention of urine (23/12/2010)
Malignant neoplasm of kidney parenchyma (16/09/2015)",,,,Haematuria (13/03/2015),,0,0,Seen in urology clinic (07/08/2026),Partial nephrectomy (14/08/2015),,,0,0,0,,,,Chronic prostatitis (04/02/2021),,,Cystitis (09/08/2011),,,Malignant neoplasm of kidney parenchyma (16/09/2015),,,,,,Hypertension (17/10/2025),,,,Anxiousness (22/09/2000),Depressive disorder NEC (17/10/2000),,,Urge incontinence of urine (02/03/2023),Urinary incontinence (07/06/2023),,,,"Darifenacin 7.5mg modified-release tablets (03/06/2026)
(Darifenacin 7.5mg modified-release tablets (02/03/2023))",,Hypertension (17/10/2025),Alcohol units consumed per week - 1 (23/03/2026),1,0,1,1,46269,,,Y,Overactive Bladder,Y,Darifenacin 7.5mg modified-release tablets (03/06/2026),Y,Darifenacin 7.5mg modified-release tablets (02/03/2023),,,,,,,Y,3,Darifenacin 7.5mg modified-release tablets,Y,Hypertension (17/10/2025),,,,,1 - Patients with OAB currently receiving antimuscarinic therapy only,,Action: facilitate overactive bladder management review,Action - invite to pharmacist led clinic,Y,Letter,46274,,,,,,,,,,65,167.64,23.13,Healthy weight (18.5-24.9),,,Y,,,,Y,,0,0,Y,Y,,,Y,,,,Y,,,Y,,,Y,,,,,,Y,ECG,38804,,,,,,,,,,Y,Y,,,13,46196,Y,Y,,,,,Current,,,,145/87,46106,53,46177,137,46177,4.4,46177,7.2,46177,115,46177,10,46155,,,82,46155,8,46155,41,46155,35,46155,,,,,,,,3,Darifenacin 7.5mg modified-release tablets,,,,,,,,,,,,,,,,,,,,,,,,,,,,,,,,,,,,,,,,,,,,,,,,,,,,,,,,,,,,,0,1,1,1,1,0,0,0,0,0,0
68,0,0,8069,79,Female,White: English or Welsh or Scottish or Northern Irish or British - England and Wales ethnic category 2011 census,,,,,,,,,Haematuria,36586,,,,,,,,,,,,,Constipation,44868,,,,,,,Dizziness symptom,41600,,,Urinary incontinence,44935,,,,,,,,,,,,,,,,,,,,,,,,,,,,,,,,,Apical myocardial ischaemia,46262,,,,,,,Apical myocardial ischaemia,46262,,,ANXIETY DEPRESSION,34740,,,,,Anxiousness,44880,,,,,,,,,,,,,,,,,ECG done,45903,Abnormal ECG,45903,,,,,,,,,,Mirabegron 50mg modified-release tablets,46247,,,,,,,,,,,,,,,,,,,,,,,Mirabegron 25mg modified-release tablets,44879,,,,,,,,,,,Isosorbide mononitrate 60mg modified-release tablets,46247,,,,,,,76,46262,156,46262,31.23,46262,125,80,46266,54,46239,43,46239,Serum ALT level,17,46239,Serum alkaline phosphatase,58,46239,,,,5,46239,88,46239,4.8,46239,136,46239,6.7,46239,44,46239,,,,,,Constipation (03/11/2022),,,Dizziness symptom (22/11/2013),,,1,Isosorbide mononitrate 60mg modified-release tablets,0,,0,,,,,,,Haematuria (01/03/2000),,0,0,,,,,0,0,0,,,,,,,,,,,Apical myocardial ischaemia (28/08/2026),,,,Apical myocardial ischaemia (28/08/2026),,Abnormal ECG (03/09/2025),,,Anxiousness (15/11/2022),ANXIETY DEPRESSION (10/02/1995),,,,Urinary incontinence (09/01/2023),,,,,"Mirabegron 50mg modified-release tablets (13/08/2026)
(Mirabegron 25mg modified-release tablets (14/11/2022))","Constipation (03/11/2022)
Dizziness symptom (22/11/2013)
Abnormal ECG (03/09/2025)",,0,1,1,2,46269,,,Y,Overactive Bladder,,,,,Y,Mirabegron 50mg modified-release tablets (13/08/2026),Y,Mirabegron 25mg modified-release tablets (14/11/2022),Y,,,1,Isosorbide mononitrate 60mg modified-release tablets,Y,"Constipation (03/11/2022)
Dizziness symptom (22/11/2013)
Abnormal ECG (03/09/2025)",,,,,2 - Patients with OAB currently receiving beta-3 agonist therapy only,,Action: facilitate overactive bladder management review,Action - invite to pharmacist led clinic,Y,Letter,46274,,,,,,,,,,76,156,31.23,Obesity I (30-34.9),,,,,,,Y,,0,0,,,,,Y,,,,,,,,,,,Y,,,,Y,,ECG done,45903,Y,,,Y,,,Y,,,Y,Y,,,,,,Y,,,,,,Current,,,125/80,46266,54,46239,136,46239,4.8,46239,6.7,46239,88,46239,17,46239,,,58,46239,5,46239,44,46239,43,46239,,,,,,,,1,Isosorbide mononitrate 60mg modified-release tablets,,,,,,,,,,,,,,,,,,,,,,,,,,,,,,,,,,,,,,,,,,,,,,,,,,,,,,,,,,,,,0,1,1,1,1,0,0,0,0,0,0
69,0,0,8117,54,Female,White British - ethnic category 2001 census,,,,,,,,,,,,,,,,,,,,,,,Constipation,40316,,,,,,,Dizziness symptom,37577,,,Incontinence of urine,42745,,,,,MSG:Incontinent of faeces symptom,41645,,,,,,,Patient pregnant,40974,,,,,,,,,,,,,,,Gynaecology,46009,,,,,,,,,,,,,,,[X]Depression NOS,41284,,,,,,,,,,,Urge incontinence of urine,42101,,,,,,,,,,,,,,,,,,,Uterovaginal prolapse,46041,,,,Mirabegron 50mg modified-release tablets,46261,Irritable bladder,,,,,,,Duloxetine 40mg gastro-resistant capsules,46261,,,,,,,,,,,Darifenacin 7.5mg modified-release tablets,41759,,Mirabegron 50mg modified-release tablets,42131,,,,,,,,Duloxetine 30mg gastro-resistant capsules,43962,Patient reviewed,,,,,Amitriptyline 50mg tablets,46261,,,81,46058,165.1,45950,29.72,46058,101,66,46233,85,46140,31,45932,Serum ALT level,33,46148,Serum alkaline phosphatase,50,46148,,,,5,46148,63,46140,4.7,46140,141,46140,4.8,46140,43,46148,,,Occasional drinker,,45477,Constipation (18/05/2010),,,Dizziness symptom (17/11/2002),,,0,,0,,1,Amitriptyline 50mg tablets,MSG:Incontinent of faeces symptom (06/01/2014),Uterovaginal prolapse (19/01/2026),,,,,,0,0,,,Gynaecology (18/12/2025),Patient pregnant (06/03/2012),1,0,1,,,,,,,,,,,,,,,,,,,,,[X]Depression NOS (10/01/2013),,,Urge incontinence of urine (07/04/2015),Incontinence of urine (10/01/2017),,,,(Darifenacin 7.5mg modified-release tablets (30/04/2014)),"Mirabegron 50mg modified-release tablets (27/08/2026)
(Mirabegron 50mg modified-release tablets (07/05/2015))","Constipation (18/05/2010)
Dizziness symptom (17/11/2002)",Occasional drinker -  (04/07/2024),0,1,1,2,46269,,,Y,Overactive Bladder,,,Y,Darifenacin 7.5mg modified-release tablets (30/04/2014),Y,Mirabegron 50mg modified-release tablets (27/08/2026),Y,Mirabegron 50mg modified-release tablets (07/05/2015),,,Y,3,Amitriptyline 50mg tablets,Y,"Constipation (18/05/2010)
Dizziness symptom (17/11/2002)",,,,,2 - Patients with OAB currently receiving beta-3 agonist therapy only,,Action: facilitate overactive bladder management review,Action - invite to pharmacist led clinic,Y,Letter,46274,,,,,,,,,,81,165.1,29.72,Overweight (25-29.9),,Y,Y,,,,,,0,0,,,Y,Y,Y,,,,,,,,,,,,,,,,,,,,,,Y,,,Y,,,,Y,,,,,Y,Y,,,,,Past,Current,,,101/66,46233,85,46140,141,46140,4.7,46140,4.8,46140,63,46140,33,46148,,,50,46148,5,46148,43,46148,31,45932,,,,,,,,3,Amitriptyline 50mg tablets,,,,,,,,,,,,,,,,,,,,,,,,,,,,,,,,,,,,,,,,,,,,,,,,,,,,,,,,,,,,,0,1,1,1,1,0,0,0,0,0,1
70,0,0,8193,72,Female,White British - ethnic category 2001 census,,,,,,,,,,,,,,,,,,,,,,,Constipation,43180,,,,,,,Dizziness symptom,42579,,,,,,,,,,,,,,,,,,,,,,,,,,,,,Seen in urology clinic,42832,,,Seen in gynaecology clinic,43136,,,,,,,,,,,,,,,[X]Depression NOS,37270,,,,,,,,,,,Urgent desire to urinate,46181,,,,,Adverse reaction to Solifenacin,45989,,,,,ECG,39457,,,,,,,,,,,,,,,,,,,,,,,,,,,,,,,,,Solifenacin 5mg tablets,,,Mirabegron 25mg modified-release tablets,45791,Patient review,,,,,,,,,,Co-codamol 30mg/500mg tablets,46253,,,Amitriptyline 10mg tablets,46253,,,70,45819,160,45819,27.34,45819,135,80,46181,85,46259,37,46259,Serum ALT level,19,46259,Serum alkaline phosphatase,84,46259,,,,6,46259,60,46259,4.4,46259,141,46259,3.9,46259,46,46259,,,Alcohol consumption,0,45174,Constipation (21/03/2018),,,Dizziness symptom (28/07/2016),,,1,Co-codamol 30mg/500mg tablets,0,,1,Amitriptyline 10mg tablets,,,,,,,,1,1,Seen in urology clinic (07/04/2017),,Seen in gynaecology clinic (05/02/2018),,0,0,0,,,,,,,,,,,,,,,,,,,,,[X]Depression NOS (14/01/2002),,,Urgent desire to urinate (08/06/2026),,,,,,(Mirabegron 25mg modified-release tablets (14/05/2025)),"Constipation (21/03/2018)
Dizziness symptom (28/07/2016)",Alcohol consumption - 0 (05/09/2023),0,0,1,4,46269,,,Y,Overactive Bladder,,,,,,,Y,Mirabegron 25mg modified-release tablets (14/05/2025),Y,,Y,4,"Co-codamol 30mg/500mg tablets
Amitriptyline 10mg tablets",Y,"Constipation (21/03/2018)
Dizziness symptom (28/07/2016)",Y,Adverse reaction to Solifenacin (28/11/2025),,,"4 - Patients with OAB symptoms who are not currently receiving active treatment, have evidence of previous treatment failure, and who may benefit from management optimisation and/or initiation of pharmacological therapy",,Action: facilitate overactive bladder management review,Action - invite to pharmacist led clinic,Y,Letter,46274,,,,,,,,,,70,160,27.34,Overweight (25-29.9),,,,,,,,,1,1,Y,,Y,,Y,,,,,,,,,,,,,,,,,ECG,39457,,,,Y,,,Y,,,,Y,,,,,Y,,,,,,,Past,,,135/80,46181,85,46259,141,46259,4.4,46259,3.9,46259,60,46259,19,46259,,,84,46259,6,46259,46,46259,37,46259,,,,,,,,4,"Co-codamol 30mg/500mg tablets
Amitriptyline 10mg tablets",Adverse reaction to Solifenacin (28/11/2025),,,,,,,,,,,,,,,,,,,,,,,,,,,,,,,,,,,,,,,,,,,,,,,,,,,,,,,,,,,,0,1,1,1,1,0,0,0,0,0,0
71,0,0,8194,47,Female,White: English or Welsh or Scottish or Northern Irish or British - England and Wales ethnic category 2011 census,,,,,,,,,,,,,,,,,,,,,,,Constipation symptom,40522,,,,,Palpitations,37912,Dizziness symptom,40007,,,Incontinence of urine,42471,Overactive bladder,42572,Overactive bladder,42633,,,,,,,,,Patient pregnant,40680,,,,,,,,,,,Seen in urology clinic,43628,,,Seen in gynaecology clinic,44761,,,,,Hypertension,45041,,,,,,,,,,,,,,,Anxiety,44301,,,,,,,Urinary frequency,42306,,,,,,,,,ECG,45106,,,,,,,,,Trospium chloride 60mg modified-release capsules,46252,Overactive bladder,,,,,,,,,,,,,,,,,,,,,,Solifenacin 5mg tablets,42166,,,,,,,,,,,,,,,,,,,,Trospium chloride 60mg modified-release capsules,46252,99.5,45824,163,45824,37.45,45824,131,83,46210,63,46192,32,46192,Serum ALT level,22,46192,Serum alkaline phosphatase,68,46192,,,,8,46192,84,46192,4,46192,141,46192,4.7,46192,43,46192,,,Alcohol units consumed per week,0,45621,Constipation symptom (10/12/2010),,,Dizziness symptom (13/07/2009),Palpitations (18/10/2003),,0,,0,,1,Trospium chloride 60mg modified-release capsules,,,,,,,,0,0,Seen in urology clinic (12/06/2019),,Seen in gynaecology clinic (19/07/2022),Patient pregnant (17/05/2011),0,0,0,,,,,,,,,,,,,,,,Hypertension (25/04/2023),,,,Anxiety (15/04/2021),,,,,Incontinence of urine (11/04/2016),Urinary frequency (29/10/2015),,,"Trospium chloride 60mg modified-release capsules (18/08/2026)
(Solifenacin 5mg tablets (11/06/2015))",,"Constipation symptom (10/12/2010)
Dizziness symptom (13/07/2009)
Palpitations (18/10/2003)
Hypertension (25/04/2023)",Alcohol units consumed per week - 0 (25/11/2024),1,0,1,1,46269,Overactive bladder (21/07/2016),Overactive bladder (20/09/2016),Y,Overactive Bladder,Y,Trospium chloride 60mg modified-release capsules (18/08/2026),Y,Solifenacin 5mg tablets (11/06/2015),,,,,,,Y,3,Trospium chloride 60mg modified-release capsules,Y,"Constipation symptom (10/12/2010)
Dizziness symptom (13/07/2009)
Palpitations (18/10/2003)
Hypertension (25/04/2023)",,,,,1 - Patients with OAB currently receiving antimuscarinic therapy only,,Action: facilitate overactive bladder management review,Action - invite to pharmacist led clinic,Y,Letter,46274,,,,,,,,,,99.5,163,37.45,Obesity II (35-39.9),,,,,,,,,0,0,Y,,Y,Y,Y,,,,,,,,,,,,,,,,Y,ECG,45106,,,,Y,,,Y,Y,,Y,,,,,,,Y,Y,,,,Current,,,,131/83,46210,63,46192,141,46192,4,46192,4.7,46192,84,46192,22,46192,,,68,46192,8,46192,43,46192,32,46192,,,,,,,,3,Trospium chloride 60mg modified-release capsules,,,,,,,,,,,,,,,,,,,,,,,,,,,,,,,,,,,,,,,,,,,,,,,,,,,,,,,,,,,,,0,1,1,1,1,0,0,0,0,0,0
72,0,0,8316,41,Female,White: English or Welsh or Scottish or Northern Irish or British - England and Wales ethnic category 2011 census,,,,,,,,,,,,,,,,,,,,,,,Constipation,46162,,,,,,,,,,,Incontinence of urine,42339,Overactive bladder,42268,Detrusor overactivity,45576,,,,,,,,,,,Recurrent urinary tract infection,46112,Multiple sclerosis,45726,,,,,,,Seen in urology clinic,46183,,,Seen in gynaecology clinic,42507,,,,,,,,,,,,,,,Anxiety with depression,37629,,,,,,,Falls,44781,,,Urge incontinence of urine,45775,,,,,,,,,H/O: recurrent cystitis,37391,,,,,,,,,,,Solifenacin 10mg tablets,46268,,Mirabegron 50mg modified-release tablets,46268,,,,,,,,Duloxetine 30mg gastro-resistant capsules,46268,[D]Paraesthesia,,,,,,,,,,Darifenacin 7.5mg modified-release tablets,45352,,Betmiga 50mg modified-release tablets (Astellas Pharma Ltd),45743,Medication requested,,,,,,,Duloxetine 30mg gastro-resistant capsules,42018,,,,,,,,Solifenacin 10mg tablets,46268,,,,,27.4,46188,124,87,46140,90,45656,25,45665,Serum ALT level,32,46146,Serum alkaline phosphatase,113,46146,,,,5,46146,47,46154,3.9,46154,144,46154,4.6,46154,36,46146,,,,,,Constipation (20/05/2026),,,,,,0,,0,,1,Solifenacin 10mg tablets,,,,,,,Recurrent urinary tract infection (31/03/2026),7,24,Seen in urology clinic (10/06/2026),,Seen in gynaecology clinic (17/05/2016),,1,1,2,Multiple sclerosis (10/03/2025),Multiple sclerosis (10/03/2025),,,,,H/O: recurrent cystitis (15/05/2002),,,,,,,,,,,,,,Anxiety with depression (08/01/2003),,Falls (08/08/2022),Urge incontinence of urine (28/04/2025),Incontinence of urine (01/12/2015),,,,"Solifenacin 10mg tablets (03/09/2026)
(Darifenacin 7.5mg modified-release tablets (01/03/2024))","Mirabegron 50mg modified-release tablets (03/09/2026)
(Betmiga 50mg modified-release tablets (Astellas Pharma Ltd) (27/03/2025))",Constipation (20/05/2026),,1,1,1,3,46269,Overactive bladder (21/09/2015),Detrusor overactivity (11/10/2024),Y,Overactive Bladder,Y,Solifenacin 10mg tablets (03/09/2026),Y,Darifenacin 7.5mg modified-release tablets (01/03/2024),Y,Mirabegron 50mg modified-release tablets (03/09/2026),Y,Betmiga 50mg modified-release tablets (Astellas Pharma Ltd) (27/03/2025),,,Y,3,Solifenacin 10mg tablets,Y,Constipation (20/05/2026),,,,,3 - Patients with OAB currently receiving antimuscarinic therapy and beta-3 agonist therapy,,Action: facilitate overactive bladder management review,Action - invite to pharmacist led clinic,Y,Letter,46274,,,,,,,,,,,,27.4,Overweight (25-29.9),,,,,,,,Y,7,24,Y,,Y,,Y,Y,Y,,,,,Y,,,,,,,,,,,,,,,Y,,,,,,,Y,,Y,,,Y,Y,,,,,Current,Current,,,124/87,46140,90,45656,144,46154,3.9,46154,4.6,46154,47,46154,32,46146,,,113,46146,5,46146,36,46146,25,45665,,,,,,,,3,Solifenacin 10mg tablets,,,,,,,,,,,,,,,,,,,,,,,,,,,,,,,,,,,,,,,,,,,,,,,,,,,,,,,,,,,,,0,1,1,1,1,0,0,0,0,0,1
73,0,0,8605,74,Female,White: English or Welsh or Scottish or Northern Irish or British - England and Wales ethnic category 2011 census,,,,,,,,,Haematuria,39966,,,,,,,,,,,,,,,,,,,,,[D]Dizziness,42964,,,,,,,,,,,,,,,,,,,,,,,,,,,,,Seen in urology clinic,45580,,,,,,,,,,,,,,,,,,,DEPRESSION,35067,,,,,,,,,,,,,,,Sweating symptom,38628,,,,,,,Electrocardiographic procedure,44816,,,,,,,,,,,,Mirabegron 50mg modified-release tablets,46252,,,,,,,,,,,,,,,,,,,,,,,,,,,,,,,,,,,,,,,,,,,98,46120,167.64,46120,34.87,46120,125,70,46120,68,46097,43,46097,Serum ALT level,14,46097,Serum alkaline phosphatase,93,46097,,,,6,46097,73,46097,4.3,46097,144,46097,5.7,46097,46,46097,,,Social drinker,,46120,,,,[D]Dizziness (17/08/2017),,,0,,0,,0,,,,,,,Haematuria (02/06/2009),,0,1,Seen in urology clinic (15/10/2024),,,,0,0,0,,,,,Sweating symptom (03/10/2005),,,,,,,,,,,,,,,,DEPRESSION (03/01/1996),,,,,,,,,"Mirabegron 50mg modified-release tablets (18/08/2026)
()",[D]Dizziness (17/08/2017),Social drinker -  (08/04/2026),0,1,0,2,46269,,,Y,Overactive Bladder,,,,,Y,Mirabegron 50mg modified-release tablets (18/08/2026),,,,,,0,,Y,[D]Dizziness (17/08/2017),,,,,2 - Patients with OAB currently receiving beta-3 agonist therapy only,,Action: facilitate overactive bladder management review,Action - invite to pharmacist led clinic,Y,Letter,46274,,,,,,,,,,98,167.64,34.87,Obesity I (30-34.9),,,,,,,Y,,0,1,Y,,,,Y,,,,,Y,,,,,,,,,,,,Electrocardiographic procedure,44816,,,,,,,Y,,,,Y,,,,,,,,,,,,Current,,,125/70,46120,68,46097,144,46097,4.3,46097,5.7,46097,73,46097,14,46097,,,93,46097,6,46097,46,46097,43,46097,,,,,,,,0,,,,,,,,,,,,,,,,,,,,,,,,,,,,,,,,,,,,,,,,,,,,,,,,,,,,,,,,,,,,,,0,1,1,1,1,0,0,0,0,0,0
74,0,0,8687,57,Male,White: English or Welsh or Scottish or Northern Irish or British - England and Wales ethnic category 2011 census,,,,,,,,,,,Malignant neoplasm of prostate,46227,,,,,,,,,,,Constipation,43558,,,,,,,,,,,,,,,,,,,,,,,,,,,,,,,,,Malignant neoplasm of prostate,46227,Malignant neoplasm of prostate,46227,Seen in urology clinic,45843,,,,,,,,,,,,,,,,,,,DEPRESSION,35286,,,,,ANXIETY,35250,,,,,,,,,Night sweats,39455,,,,,,,,,,,,,,,,,Oxybutynin 5mg tablets,46252,,,,,,,,,,,,,,,,,,,,,,,,,,,,,,,,,,,,,,Loperamide 2mg capsules,46237,,,,,Oxybutynin 5mg tablets,46252,102,46196,181,45540,31.13,46196,120,76,46198,90,46184,40,46184,Serum ALT level,29,46184,Serum alkaline phosphatase,70,46184,,,,5,46184,72,46184,4.7,46184,142,46184,7.6,46184,45,46184,0.05,45692,Alcohol units consumed per week,20,46196,Constipation (03/04/2019),,,,,,1,Loperamide 2mg capsules,0,,1,Oxybutynin 5mg tablets,,Malignant neoplasm of prostate (24/07/2026),,,,,,0,0,Seen in urology clinic (05/07/2025),,,,0,0,0,,,,Malignant neoplasm of prostate (24/07/2026),Night sweats (08/01/2008),,,,Malignant neoplasm of prostate (24/07/2026),Malignant neoplasm of prostate (24/07/2026),,,,,,,,,,ANXIETY (04/07/1996),DEPRESSION (09/08/1996),,,,,,,,Oxybutynin 5mg tablets (18/08/2026),,Constipation (03/04/2019),Alcohol units consumed per week - 20 (23/06/2026),1,0,0,1,46269,,,Y,Overactive Bladder,Y,Oxybutynin 5mg tablets (18/08/2026),,,,,,,Y,,Y,4,"Loperamide 2mg capsules
Oxybutynin 5mg tablets",Y,Constipation (03/04/2019),,,,,1 - Patients with OAB currently receiving antimuscarinic therapy only,,Action: facilitate overactive bladder management review,Action - invite to pharmacist led clinic,Y,Letter,46274,,,,,,,,,,102,181,31.13,Obesity I (30-34.9),,,Y,,,,,,0,0,Y,,,,Y,,,,Y,Y,,,,Y,Y,,,,,,,,,,,,Y,,,,,,Y,Y,,,0.05,45692,,,,,,,Current,,,,120/76,46198,90,46184,142,46184,4.7,46184,7.6,46184,72,46184,29,46184,,,70,46184,5,46184,45,46184,40,46184,,,,,,,,4,"Loperamide 2mg capsules
Oxybutynin 5mg tablets",,,,,,,,,,,,,,,,,,,,,,,,,,,,,,,,,,,,,,,,,,,,,,,,,,,,,,,,,,,,,0,1,1,1,1,0,0,0,0,0,0
75,0,0,8775,51,Female,White: English or Welsh or Scottish or Northern Irish or British - England and Wales ethnic category 2011 census,,,,,,,,,,,Primary neuroendocrine carcinoma of duodenum,46126,,,,,,,,,,,Constipation,43850,,,,,Palpitations,43187,Dizziness symptom,44587,,,,,,,,,,,,,,,,,,,H/O: recurrent cystitis,43714,,,,,,,,,Seen in urology clinic,43872,,,Seen in gynaecology clinic,45051,Type 2 diabetes mellitus,45693,,,,,,,,,,,,,[X]Depression NOS,43635,,,,,Anxiousness - symptom,43900,,,,,,,Urinary frequency,43402,,,,,,,Cystitis,43817,ECG,43178,,,,,,,,,Darifenacin 15mg modified-release tablets,46251,,Mirabegron 50mg modified-release tablets,46251,,,,,,,,Duloxetine 60mg gastro-resistant capsules,46251,,Dapagliflozin 10mg tablets,46251,Type 2 diabetes mellitus,,,,,,,Darifenacin 15mg modified-release tablets,43872,,Betmiga 25mg modified-release tablets (Astellas Pharma Ltd),,,,,,,,,Duloxetine 30mg gastro-resistant capsules,46140,,Trazodone 100mg capsules,46251,,,Hyoscine butylbromide 10mg tablets,46251,Darifenacin 15mg modified-release tablets,46251,76,46210,157,46198,25.56,46198,100,66,46198,72,46182,48,46183,Serum ALT level,10,46020,Serum alkaline phosphatase,33,46020,,,,10,46020,82,46182,4.6,46182,141,46182,8.4,46182,39,46020,,,Alcohol units consumed per week,0,45532,Constipation (20/01/2020),,,Dizziness symptom (26/01/2022),Palpitations (28/03/2018),,2,"Trazodone 100mg capsules
Zapain 30mg/500mg tablets (Advanz Pharma)",0,,2,"Hyoscine butylbromide 10mg tablets
Darifenacin 15mg modified-release tablets",,,,,,,H/O: recurrent cystitis (06/09/2019),1,1,Seen in urology clinic (11/02/2020),,Seen in gynaecology clinic (05/05/2023),,0,0,0,,,,,,,Cystitis (18/12/2019),Type 2 diabetes mellitus (05/02/2025),Primary neuroendocrine carcinoma of duodenum (14/04/2026),,,,,,,,,Dapagliflozin 10mg tablets (17/08/2026),,Anxiousness - symptom (10/03/2020),[X]Depression NOS (19/06/2019),,,,,Urinary frequency (29/10/2018),,,"Darifenacin 15mg modified-release tablets (17/08/2026)
(Darifenacin 15mg modified-release tablets (11/02/2020))","Mirabegron 50mg modified-release tablets (17/08/2026)
()","Constipation (20/01/2020)
Dizziness symptom (26/01/2022)
Palpitations (28/03/2018)",Alcohol units consumed per week - 0 (28/08/2024),1,1,1,3,46269,,,Y,Overactive Bladder,Y,Darifenacin 15mg modified-release tablets (17/08/2026),Y,Darifenacin 15mg modified-release tablets (11/02/2020),Y,Mirabegron 50mg modified-release tablets (17/08/2026),,,Y,,Y,8,"Trazodone 100mg capsules
Zapain 30mg/500mg tablets (Advanz Pharma)
Hyoscine butylbromide 10mg tablets
Darifenacin 15mg modified-release tablets",Y,"Constipation (20/01/2020)
Dizziness symptom (26/01/2022)
Palpitations (28/03/2018)",,,,,3 - Patients with OAB currently receiving antimuscarinic therapy and beta-3 agonist therapy,,Action: facilitate overactive bladder management review,Action - invite to pharmacist led clinic,Y,Letter,46274,,,,,,,,,,76,157,25.56,Overweight (25-29.9),,,,,,,,Y,1,1,Y,,Y,,Y,,,,,,,Y,Y,Y,,,,,,,,ECG,43178,,Y,,Y,,,Y,Y,,Y,Y,,,,,,,Y,,,,Current,Current,,,100/66,46198,72,46182,141,46182,4.6,46182,8.4,46182,82,46182,10,46020,,,33,46020,10,46020,39,46020,48,46183,,,,,,,,8,"Trazodone 100mg capsules
Zapain 30mg/500mg tablets (Advanz Pharma)
Hyoscine butylbromide 10mg tablets
Darifenacin 15mg modified-release tablets",,,,,,,,,,,,,,,,,,,,,,,,,,,,,,,,,,,,,,,,,,,,,,,,,,,,,,,,,,,,,0,1,1,1,1,0,0,0,0,0,1
76,0,0,8856,78,Female,White British - ethnic category 2001 census,,,,,,,,,,,,,,,,,,,,,,,Constipation,43263,,,Mild cognitive impairment,45562,,,,,,,,,,,,,,,,,,,,,,,,,,,,,,,,,,,,,Seen in gynaecology clinic,44161,,,STROKE,36181,Essential hypertension,45331,STROKE,36181,,,,,,,,,,,,,,,,,,,Urge incontinence of urine,45303,[D]Frequency of micturit.unsp.,37000,,,,,,,,,,,,,,,,,,,,,,Vibegron 75mg tablets,46240,,,,,,,,,,,,,,Indapamide 2.5mg tablets,46268,,,,,Darifenacin 7.5mg modified-release tablets,46238,,,,,,,,,,,,,,,,,,,,,,56,46253,156,46188,23.01,46253,131,72,46188,32,46246,35,46210,Serum ALT level,11,46246,Serum alkaline phosphatase,140,46246,,,,19,46246,138,46246,4.7,46246,138,46246,10.9,46246,41,46246,,,Occasional drinker,,46240,Constipation (12/06/2018),,,,,Mild cognitive impairment (27/09/2024),0,,0,,0,,,,,,,,,0,0,,,Seen in gynaecology clinic (26/11/2020),,0,0,0,,,,,,,,,,,STROKE (21/01/1999),STROKE (21/01/1999),,,,Essential hypertension (09/02/2024),,,Indapamide 2.5mg tablets (03/09/2026),,,,,Urge incontinence of urine (12/01/2024),,[D]Frequency of micturit.unsp. (19/04/2001),,,(Darifenacin 7.5mg modified-release tablets (04/08/2026)),"Vibegron 75mg tablets (06/08/2026)
()","Constipation (12/06/2018)
Mild cognitive impairment (27/09/2024)
Essential hypertension (09/02/2024)",Occasional drinker -  (06/08/2026),0,1,1,2,46269,,,Y,Overactive Bladder,,,Y,Darifenacin 7.5mg modified-release tablets (04/08/2026),Y,Vibegron 75mg tablets (06/08/2026),,,,,,0,,Y,"Constipation (12/06/2018)
Mild cognitive impairment (27/09/2024)
Essential hypertension (09/02/2024)",,,,,2 - Patients with OAB currently receiving beta-3 agonist therapy only,,Action: facilitate overactive bladder management review,Action - invite to pharmacist led clinic,Y,Letter,46274,,,,,,,,,,56,156,23.01,Healthy weight (18.5-24.9),,,,,,,,,0,0,,,Y,,Y,,,,,,,,,,,Y,Y,,,,Y,,,,,Y,Y,,,,,Y,,,,,,,Y,,Y,,,,Past,Current,,,131/72,46188,32,46246,138,46246,4.7,46246,10.9,46246,138,46246,11,46246,,,140,46246,19,46246,41,46246,35,46210,,,,,,,,0,,,,,,,,,,,,,,,,,,,,,,,,,,,,,,,,,,,,,,,,,,,,,,,,,,,,,,,,,,,,,,0,1,1,1,1,0,0,0,0,0,0
77,0,0,8865,86,Female,White British - ethnic category 2001 census,,,,,,,,,,,,,,,,,,,,,,,Constipation,36836,,,,,,,Dizziness symptom,42681,,,,,,,,,,,,,,,,,,,,,,,,,,,,,Seen in urology clinic,45713,,,,,,,Stroke and cerebrovascular accident unspecified,43333,Hypertensive disease,42220,Stroke and cerebrovascular accident unspecified,43333,,,,,,,,,,,,,,,Falls,41782,,,,,,,,,,,,,Acute cystitis,42402,ECG,44959,,,,,,,,,,,,Mirabegron 50mg modified-release tablets,46268,Detrusor instability,,,,,,,,,,,,,,,,,,,Tolterodine 2mg tablets,42023,,Mirabegron 50mg modified-release tablets,44609,Detrusor instability,,,,,,,,,,,,,,,,,,53,46240,147,46240,24.5,46240,134,64,46240,75,46209,40,46052,Serum ALT level,24,46209,Serum alkaline phosphatase,75,46224,,,,7,46209,65,46209,4.8,46209,131,46209,6.8,46209,47,46224,,,Alcohol units consumed per week,0,46240,Constipation (06/11/2000),,,Dizziness symptom (07/11/2016),,,0,,0,,0,,,,,,,,,1,1,Seen in urology clinic (25/02/2025),,,,0,0,0,,,,,,,Acute cystitis (02/02/2016),,,,Stroke and cerebrovascular accident unspecified (21/08/2018),Stroke and cerebrovascular accident unspecified (21/08/2018),,,,Hypertensive disease (04/08/2015),,,,,,,Falls (23/05/2014),,,,,,(Tolterodine 2mg tablets (19/01/2015)),"Mirabegron 50mg modified-release tablets (03/09/2026)
(Mirabegron 50mg modified-release tablets (17/02/2022))","Constipation (06/11/2000)
Dizziness symptom (07/11/2016)
Hypertensive disease (04/08/2015)",Alcohol units consumed per week - 0 (06/08/2026),0,1,1,2,46269,,,Y,Overactive Bladder,,,Y,Tolterodine 2mg tablets (19/01/2015),Y,Mirabegron 50mg modified-release tablets (03/09/2026),Y,Mirabegron 50mg modified-release tablets (17/02/2022),,,,0,,Y,"Constipation (06/11/2000)
Dizziness symptom (07/11/2016)
Hypertensive disease (04/08/2015)",,,,,2 - Patients with OAB currently receiving beta-3 agonist therapy only,,Action: facilitate overactive bladder management review,Action - invite to pharmacist led clinic,Y,Letter,46274,,,,,,,,,,53,147,24.5,Healthy weight (18.5-24.9),,,,,,,,,1,1,Y,,,,Y,,,,,,,Y,,,,Y,Y,,,,Y,ECG,44959,,,,Y,,,Y,,,,,,Y,,,,,,,,,Past,Current,,,134/64,46240,75,46209,131,46209,4.8,46209,6.8,46209,65,46209,24,46209,,,75,46224,7,46209,47,46224,40,46052,,,,,,,,0,,,,,,,,,,,,,,,,,,,,,,,,,,,,,,,,,,,,,,,,,,,,,,,,,,,,,,,,,,,,,,0,1,1,1,1,0,0,0,0,0,0
78,0,0,9045,59,Male,White: English or Welsh or Scottish or Northern Irish or British - England and Wales ethnic category 2011 census,,,,,,,,,,,,,,,,,BOO - Bladder outflow obstruction,41669,,,,,Constipation,44350,,,,,,,,,,,,,Bladder muscle dysfunction - overactive,44207,Bladder muscle dysfunction - overactive,44207,,,,,,,,,,,,,Multiple sclerosis,46206,,,Prostatism,42216,,,Seen in urology clinic,45594,,,,,,,,,,,,,,,,,,,,,,,,,,,,,,,,,,,,,,,,,,,,,,,,,,,,,Darifenacin 15mg modified-release tablets,46245,Bladder muscle dysfunction - overactive,,,,,,,,,,,,,,,,,,,,,,Darifenacin 15mg modified-release tablets,44501,,,,,Tamsulosin 400microgram modified-release capsules,41669,,,,,,,,,,,,,,Darifenacin 15mg modified-release tablets,46245,91,45938,188,45628,25.75,45938,130,80,45938,58,46058,36,46058,Serum ALT level,54,46058,Serum alkaline phosphatase,72,46058,,,,11,46058,112,46058,3.9,46058,141,46058,8.3,46058,46,46058,1.7,45351,Alcohol units consumed per week,15,45628,Constipation (03/06/2021),,,,,,0,,0,,1,Darifenacin 15mg modified-release tablets,,,,,,,,0,0,Seen in urology clinic (29/10/2024),,,,0,0,0,Multiple sclerosis (03/07/2026),Multiple sclerosis (03/07/2026),,Prostatism (31/07/2015),,,,,,,,,,,,,,,,,,,,,,,,,"Darifenacin 15mg modified-release tablets (11/08/2026)
(Darifenacin 15mg modified-release tablets (01/11/2021))",,Constipation (03/06/2021),Alcohol units consumed per week - 15 (02/12/2024),1,0,1,1,46269,Bladder muscle dysfunction - overactive (11/01/2021),Bladder muscle dysfunction - overactive (11/01/2021),Y,Overactive Bladder,Y,Darifenacin 15mg modified-release tablets (11/08/2026),Y,Darifenacin 15mg modified-release tablets (01/11/2021),,,,,,,Y,3,Darifenacin 15mg modified-release tablets,Y,Constipation (03/06/2021),,,,,1 - Patients with OAB currently receiving antimuscarinic therapy only,,Action: facilitate overactive bladder management review,Action - invite to pharmacist led clinic,Y,Letter,46274,,,,,,,,,,91,188,25.75,Overweight (25-29.9),,,,,,,,,0,0,Y,,,,Y,Y,Y,,Y,,,,,,,,,,,,,,,,,,Y,,,,,,,,,,1.7,45351,,,,,,,Current,,,,130/80,45938,58,46058,141,46058,3.9,46058,8.3,46058,112,46058,54,46058,,,72,46058,11,46058,46,46058,36,46058,,,,,,,,3,Darifenacin 15mg modified-release tablets,,,,,,,,,,,,,,,,,,,,,,,,,,,,,,,,,,,,,,,,,,,,,,,,,,,,,,,,,,,,,0,1,1,1,1,0,0,0,0,0,0
79,0,0,9123,76,Female,White British - ethnic category 2001 census,,,,,,,,,,,,,,,,,,,,,,,,,,,,,,,,,,,,,,,,,,,,,,,,,,,,,,,,,,,,,Seen in urology clinic,45677,,,,,,,,,Essential hypertension,45722,,,,,,,,,,,,,,,ANXIETY,34045,,,,,Urgent desire to urinate,45698,,,,,,,,,,,,,,,,,,,,,Oxybutynin 5mg modified-release tablets,46258,,,,,,,,,,,,,,,,,,,,,,,Oxybutynin 2.5mg tablets,45722,,,,,,,,,,,,,,,,,,,,Oxybutynin 5mg modified-release tablets,46258,92,45779,,,39.6,45821,126,72,46094,90,43907,38,45733,Serum ALT level,15,45859,Serum alkaline phosphatase,75,45859,,,,17,45859,44,45859,4.2,45859,135,45859,3.8,45859,50,45859,,,,,,,,,,,,0,,0,,3,"Oxybutynin 5mg modified-release tablets
Solifenacin 5mg tablets
Solifenacin 5mg tablets",,,,,,,,0,0,Seen in urology clinic (20/01/2025),,,,0,0,0,,,,,,,,,,,,,,,,Essential hypertension (06/03/2025),,,,ANXIETY (17/03/1993),,,,Urgent desire to urinate (10/02/2025),,,,,"Oxybutynin 5mg modified-release tablets (24/08/2026)
(Oxybutynin 2.5mg tablets (06/03/2025))",,Essential hypertension (06/03/2025),,1,0,1,1,46269,,,Y,Overactive Bladder,Y,Oxybutynin 5mg modified-release tablets (24/08/2026),Y,Oxybutynin 2.5mg tablets (06/03/2025),,,,,,,Y,9,"Oxybutynin 5mg modified-release tablets
Solifenacin 5mg tablets
Solifenacin 5mg tablets",Y,Essential hypertension (06/03/2025),,,,,1 - Patients with OAB currently receiving antimuscarinic therapy only,,Action: facilitate overactive bladder management review,Action - invite to pharmacist led clinic,Y,Letter,46274,,,,,,,,,,92,,39.6,Obesity II (35-39.9),,,,,,,,,0,0,Y,,,,Y,,,,,,,,,,,,,,,,Y,,,,,,,,,,,,Y,,,,,,Y,,,,,,Current,,,,126/72,46094,90,43907,135,45859,4.2,45859,3.8,45859,44,45859,15,45859,,,75,45859,17,45859,50,45859,38,45733,,,,,,,,9,"Oxybutynin 5mg modified-release tablets
Solifenacin 5mg tablets
Solifenacin 5mg tablets",,,,,,,,,,,,,,,,,,,,,,,,,,,,,,,,,,,,,,,,,,,,,,,,,,,,,,,,,,,,,0,1,1,1,1,0,0,0,0,0,0
80,0,0,9173,62,Female,White British - ethnic category 2001 census,,,,,,,,,,,,,,,,,,,,,,,,,,,,,Palpitations,45540,,,,,Urinary incontinence,44617,,,,,,,,,,,,,PREGNANT,35720,,,,,,,,,,,,,,,Seen in gynaecology clinic,45625,,,,,Hypertensive disease,42429,,,,,,,,,,,,,,,,,,,,,Urgent desire to urinate,43866,FREQUENCY URINATION,34708,,,,,,,CYSTITIS,35068,,,,,,,,,,,Fesoterodine 4mg modified-release tablets,46247,Irritable bladder,,,,,,,,,,,,,,,,,,,,,,Fesoterodine 4mg modified-release tablets,42906,Incontinence of urine,,,,,,,,,,,,,,,,,,,Fesoterodine 4mg modified-release tablets,46247,113,46106,167.64,46106,40.21,46106,133,82,46106,83,46149,40,46149,Serum ALT level,30,46149,Serum alkaline phosphatase,105,46149,,,,11,46149,63,46149,4.2,46149,138,46149,5.9,46149,47,46149,,,Alcohol units consumed per week,10,46106,,,,,Palpitations (05/09/2024),,0,,0,,1,Fesoterodine 4mg modified-release tablets,,,,,,,,0,0,,,Seen in gynaecology clinic (29/11/2024),PREGNANT (17/10/1997),1,0,1,,,,,,,CYSTITIS (04/01/1996),,,,,,,,,Hypertensive disease (29/02/2016),,,,,,,,Urgent desire to urinate (05/02/2020),Urinary incontinence (25/02/2022),FREQUENCY URINATION (09/01/1995),,,"Fesoterodine 4mg modified-release tablets (13/08/2026)
(Fesoterodine 4mg modified-release tablets (20/06/2017))",,"Palpitations (05/09/2024)
Hypertensive disease (29/02/2016)",Alcohol units consumed per week - 10 (25/03/2026),1,0,1,1,46269,,,Y,Overactive Bladder,Y,Fesoterodine 4mg modified-release tablets (13/08/2026),Y,Fesoterodine 4mg modified-release tablets (20/06/2017),,,,,,,Y,3,Fesoterodine 4mg modified-release tablets,Y,"Palpitations (05/09/2024)
Hypertensive disease (29/02/2016)",,,,,1 - Patients with OAB currently receiving antimuscarinic therapy only,,Action: facilitate overactive bladder management review,Action - invite to pharmacist led clinic,Y,Letter,46274,,,,,,,,,,113,167.64,40.21,Obesity III (40 or more),,,,,,,,,0,0,,,Y,Y,Y,,,,,,,Y,,,,,,,,,Y,,,,,,,,,,Y,,,,,,,,Y,Y,Y,,,,Current,,,,133/82,46106,83,46149,138,46149,4.2,46149,5.9,46149,63,46149,30,46149,,,105,46149,11,46149,47,46149,40,46149,,,,,,,,3,Fesoterodine 4mg modified-release tablets,,,,,,,,,,,,,,,,,,,,,,,,,,,,,,,,,,,,,,,,,,,,,,,,,,,,,,,,,,,,,0,1,1,1,1,0,0,0,0,0,0
81,0,0,9227,66,Male,White British - ethnic category 2001 census,,,,,,,,,,,,,,,,,,,,,,,Constipation symptom,42285,Dry mouth,42502,,,,,Dizziness symptom,37545,,,,,,,,,,,,,,,,,,,,,,,,,,,,,,,,,,,,,,,Essential hypertension,46266,,,,,,,,,[X]Depression NOS,38135,,,,,,,,,,,Urge incontinence of urine,42493,,,,,,,,,,,ECG,40154,,,,,,,,,Solifenacin 5mg tablets,46266,,,,,,,,,,,,,,,,,,,,,,,Tolterodine 2mg tablets,42338,,,,,,,,,,,,,,Co-dydramol 10mg/500mg tablets,46266,,,,,Solifenacin 5mg tablets,46266,137,46266,170,46266,47.4,46266,130,72,46266,83,46237,44,46237,Serum ALT level,28,46237,Serum alkaline phosphatase,76,46237,,,,8,46237,81,46237,4.6,46237,140,46237,6.5,46237,45,46237,0.7,45895,Alcohol units consumed per week,1,46266,Constipation symptom (08/10/2015),,Dry mouth (12/05/2016),Dizziness symptom (16/10/2002),,,1,Co-dydramol 10mg/500mg tablets,0,,1,Solifenacin 5mg tablets,,,,,,,,0,0,,,,,0,0,0,,,,,,,,,,,,,,,,Essential hypertension (01/09/2026),,,,,[X]Depression NOS (28/05/2004),,,Urge incontinence of urine (03/05/2016),,,,,"Solifenacin 5mg tablets (01/09/2026)
(Tolterodine 2mg tablets (30/11/2015))",,"Constipation symptom (08/10/2015)
Dry mouth (12/05/2016)
Dizziness symptom (16/10/2002)
Essential hypertension (01/09/2026)",Alcohol units consumed per week - 1 (01/09/2026),1,0,1,1,46269,,,Y,Overactive Bladder,Y,Solifenacin 5mg tablets (01/09/2026),Y,Tolterodine 2mg tablets (30/11/2015),,,,,Y,,Y,4,"Co-dydramol 10mg/500mg tablets
Solifenacin 5mg tablets",Y,"Constipation symptom (08/10/2015)
Dry mouth (12/05/2016)
Dizziness symptom (16/10/2002)
Essential hypertension (01/09/2026)",,,,,1 - Patients with OAB currently receiving antimuscarinic therapy only,,Action: facilitate overactive bladder management review,Action - invite to pharmacist led clinic,Y,Letter,46274,,,,,,,,,,137,170,47.4,Obesity III (40 or more),,,,,,,,,0,0,,,,,Y,,,,,,,,,,,,,,,,Y,ECG,40154,,,,Y,,Y,Y,,,,Y,,,0.7,45895,Y,,,,,,Current,,,,130/72,46266,83,46237,140,46237,4.6,46237,6.5,46237,81,46237,28,46237,,,76,46237,8,46237,45,46237,44,46237,,,,,,,,4,"Co-dydramol 10mg/500mg tablets
Solifenacin 5mg tablets",,,,,,,,,,,,,,,,,,,,,,,,,,,,,,,,,,,,,,,,,,,,,,,,,,,,,,,,,,,,,0,1,1,1,1,0,0,0,0,0,0
82,0,0,9264,76,Male,White: English or Welsh or Scottish or Northern Irish or British - England and Wales ethnic category 2011 census,,,,,,,,,Haematuria,37956,,,,,,,,,,,,,Constipation,43467,,,,,,,Dizziness symptom,42936,,,,,,,,,,,,,,,,,,,,,,,Parkinson's disease,46064,,,,,Seen in urology clinic,43832,Transurethral prostatectomy,40679,,,,,Transient cerebral ischaemia,46185,Hypertension,46185,,,,,,,,,DEPRESSION,35209,,,,,,,Falls,46265,Rockwood Clinical Frailty Scale level 6 - moderately frail,45925,,,,,,,,,,,,,Ambulatory ECG,42401,,,Renal calculus,43529,,,,,Oxybutynin 10mg modified-release tablets,46259,Unstable bladder,,,,,,,,,,,,,,,,Bendroflumethiazide 2.5mg tablets,46259,Hypertension,,,,Oxybutynin 10mg modified-release tablets,38313,,,,,,,,,,,,,,Opiodur 50micrograms/hour transdermal patches (Zentiva Pharma UK Ltd),46259,,,Amitriptyline 25mg tablets,46259,Oxybutynin 10mg modified-release tablets,46259,80,46185,178,46185,25.2,46220,130,77,46192,68,46216,39,46185,Serum ALT level,14,46185,Serum alkaline phosphatase,50,46185,,,,13,46185,94,46216,3.8,46216,135,46216,5.7,46216,41,46185,1.2,45321,Alcohol units consumed per week,0,45715,Constipation (02/01/2019),,,Dizziness symptom (20/07/2017),,,1,Opiodur 50micrograms/hour transdermal patches (Zentiva Pharma UK Ltd),0,,2,"Amitriptyline 25mg tablets
Oxybutynin 10mg modified-release tablets",,Renal calculus (05/03/2019),,,,Haematuria (01/12/2003),,0,0,Seen in urology clinic (02/01/2020),Transurethral prostatectomy (16/05/2011),,,0,0,0,,,Parkinson's disease (11/02/2026),,,,,,,,Transient cerebral ischaemia (12/06/2026),,,,,Hypertension (12/06/2026),,,Bendroflumethiazide 2.5mg tablets (25/08/2026),,DEPRESSION (24/05/1996),Rockwood Clinical Frailty Scale level 6 - moderately frail (25/09/2025),Falls (31/08/2026),,,,,,"Oxybutynin 10mg modified-release tablets (25/08/2026)
(Oxybutynin 10mg modified-release tablets (22/11/2004))",,"Constipation (02/01/2019)
Dizziness symptom (20/07/2017)
Hypertension (12/06/2026)",Alcohol units consumed per week - 0 (27/02/2025),1,0,1,1,46269,,,Y,Overactive Bladder,Y,Oxybutynin 10mg modified-release tablets (25/08/2026),Y,Oxybutynin 10mg modified-release tablets (22/11/2004),,,,,Y,,Y,7,"Opiodur 50micrograms/hour transdermal patches (Zentiva Pharma UK Ltd)
Amitriptyline 25mg tablets
Oxybutynin 10mg modified-release tablets",Y,"Constipation (02/01/2019)
Dizziness symptom (20/07/2017)
Hypertension (12/06/2026)",,,,,1 - Patients with OAB currently receiving antimuscarinic therapy only,,Action: facilitate overactive bladder management review,Action - invite to pharmacist led clinic,Y,Letter,46274,,,,,,,,,,80,178,25.2,Overweight (25-29.9),,,Y,,,,Y,,0,0,Y,Y,,,Y,,,Y,,,,,,,,Y,,,,,Y,Ambulatory ECG,42401,,,Y,Y,,,Y,,,,Y,Y,Y,1.2,45321,,,,,,,Current,,,,130/77,46192,68,46216,135,46216,3.8,46216,5.7,46216,94,46216,14,46185,,,50,46185,13,46185,41,46185,39,46185,,,,,,,,7,"Opiodur 50micrograms/hour transdermal patches (Zentiva Pharma UK Ltd)
Amitriptyline 25mg tablets
Oxybutynin 10mg modified-release tablets",,,,,,,,,,,,,,,,,,,,,,,,,,,,,,,,,,,,,,,,,,,,,,,,,,,,,,,,,,,,,0,1,1,1,1,0,0,0,0,0,0
83,0,0,9331,85,Female,White: English or Welsh or Scottish or Northern Irish or British - England and Wales ethnic category 2011 census,,,Housebound,45355,,,On gold standards palliative care framework,45902,,,,,,,,,,,Retention of urine,46232,,,Constipation,45056,,,,,,,Dizzy spells,45464,,,,,,,,,,,,,,,,,,,,,,,Parkinson's disease,46066,,,,,Seen in urology clinic,45420,,,Seen in gynaecology clinic,46100,,,,,,,,,,,,,,,,,,,,,,,,,,,,,,,,,,,,,,,,,,,,,,,Third degree uterine prolapse,44649,,,,Mirabegron 50mg modified-release tablets,46205,,,,,,,,,,,,,,,,,Brillant AquaFlate all silicone catheter male 16Ch DA310116 10ml balloon (Teleflex),46247,,,,,,,,,,,,,,,,,,,,,,,,,69,46157,154,46157,29.1,46157,125,78,46204,62,46210,39,46210,Serum ALT level,9,46210,Serum alkaline phosphatase,82,46210,,,,9,46210,77,46210,3.6,46210,143,46210,10.1,46210,38,46210,,,Alcohol units consumed per week,0,46157,Constipation (10/05/2023),,,Dizzy spells (21/06/2024),,,0,,0,,0,,,"Retention of urine (29/07/2026)
Third degree uterine prolapse (29/03/2022)",,,,,,1,0,Seen in urology clinic (08/05/2024),,Seen in gynaecology clinic (19/03/2026),,0,0,0,,,Parkinson's disease (13/02/2026),,,,,,,,,,,,,,,,,,,,,,,,,,,"Mirabegron 50mg modified-release tablets (02/07/2026)
()","Constipation (10/05/2023)
Dizzy spells (21/06/2024)",Alcohol units consumed per week - 0 (15/05/2026),0,1,0,2,46269,,,Y,Overactive Bladder,,,,,Y,Mirabegron 50mg modified-release tablets (02/07/2026),,,,,,0,,Y,"Constipation (10/05/2023)
Dizzy spells (21/06/2024)",,,,,2 - Patients with OAB currently receiving beta-3 agonist therapy only,,Action: facilitate overactive bladder management review,Action - invite to pharmacist led clinic,Y,Letter,46274,,,,,,,,,,69,154,29.1,Overweight (25-29.9),,,Y,,,,,,1,0,Y,,Y,,Y,,,Y,,,,,,,,,,,,,,,,,,,Y,,,Y,,,,,,,,,,,,,,,,Current,,,125/78,46204,62,46210,143,46210,3.6,46210,10.1,46210,77,46210,9,46210,,,82,46210,9,46210,38,46210,39,46210,,,,,,,,0,,,,,,,,,,,,,,,,,,,,,,,,,,,,,,,,,,,,,,,,,,,,,,,,,,,,,,,,,,,,,,0,1,1,1,1,0,0,0,0,0,0
84,0,0,9745,90,Female,White British - ethnic category 2001 census,,,Housebound,45254,,,,,,,,,,,,,,,,,,,Constipation,46252,,,,,,,,,,,,,,,,,,,,,,,,,,,,,,,,,,,,,,,,,SEEN IN GYNAECOLOGY CLINIC,34779,,,Ischaemic heart disease,42209,Essential hypertension,42608,,,Atrial fibrillation,44238,Ischaemic heart disease,42209,,,Depression,45014,,,,,,,Falls,45922,,,Urge incontinence of urine,46192,,,,,,,,,,,ECG,43229,Positive exercise ECG test,40653,,,,,,,Solifenacin 5mg tablets,46245,,,,,,,,,,,,,,,,,,,,,,,,,,,,,,,,,,,,,,,,,,,,Solifenacin 5mg tablets,46245,57,46161,152,46161,24.7,46178,125,79,46262,47,46178,41,45134,Serum ALT level,30,46157,Serum alkaline phosphatase,77,46157,,,,4,46157,97,46178,4.3,46178,139,46178,13.4,46178,44,46157,,,Trivial drinker - <1u/day,,46161,Constipation (18/08/2026),,,,,,0,,0,,1,Solifenacin 5mg tablets,,,,,,,,2,1,,,SEEN IN GYNAECOLOGY CLINIC (21/03/1995),,1,0,1,,,,,,,,,,,Ischaemic heart disease (24/07/2015),,Atrial fibrillation (11/02/2021),,Ischaemic heart disease (24/07/2015),Essential hypertension (26/08/2016),Positive exercise ECG test (20/04/2011),,,,Depression (29/03/2023),,Falls (22/09/2025),Urge incontinence of urine (19/06/2026),,,,,Solifenacin 5mg tablets (11/08/2026),,"Constipation (18/08/2026)
Essential hypertension (26/08/2016)
Positive exercise ECG test (20/04/2011)",Trivial drinker - <1u/day -  (19/05/2026),1,0,0,1,46269,,,Y,Overactive Bladder,Y,Solifenacin 5mg tablets (11/08/2026),,,,,,,,,Y,3,Solifenacin 5mg tablets,Y,"Constipation (18/08/2026)
Essential hypertension (26/08/2016)
Positive exercise ECG test (20/04/2011)",,,,,1 - Patients with OAB currently receiving antimuscarinic therapy only,,Action: facilitate overactive bladder management review,Action - invite to pharmacist led clinic,Y,Letter,46274,,,,,,,,,,57,152,24.7,Healthy weight (18.5-24.9),,,,,,,,,2,1,,,Y,,Y,,,,,,,,,,,Y,,Y,,Y,Y,ECG,43229,Y,,,Y,,,,,,,Y,,Y,,,Y,,,,,,Current,,,,125/79,46262,47,46178,139,46178,4.3,46178,13.4,46178,97,46178,30,46157,,,77,46157,4,46157,44,46157,41,45134,,,,,,,,3,Solifenacin 5mg tablets,,,,,,,,,,,,,,,,,,,,,,,,,,,,,,,,,,,,,,,,,,,,,,,,,,,,,,,,,,,,,0,1,1,1,1,0,0,0,0,0,0
85,0,0,9770,92,Female,White British - ethnic category 2001 census,,,,,,,,,,,,,,,,,,,,,,,,,,,,,,,Dizziness symptom,39132,,,Incontinence of urine,39419,,,,,,,,,,,,,,,,,,,,,,,,,,,,,Seen in gynaecology clinic,39496,Type 2 diabetes mellitus,44029,,,Hypertensive disease,42278,,,,,,,,,,,,,,,,,,,,,,,,,,,,,,,,,ECG,38239,,,,,,,,,Tolterodine 4mg modified-release capsules,46261,,,,,,,,,,,,,,,,,,,,,,,Tolterodine 2mg modified-release capsules,46020,,,,,,,,,,,,,,Co-codamol 15mg/500mg tablets,46261,,,,,Tolterodine 4mg modified-release capsules,46261,85.4,46104,162,46104,32.5,46104,120,65,46104,51,46022,54,46022,Serum ALT level,21,46022,Serum alkaline phosphatase,105,46022,,,,6,46022,90,46022,4.4,46022,143,46022,9.5,46022,44,46022,,,Alcohol units consumed per week,0,46104,,,,Dizziness symptom (19/02/2007),,,1,Co-codamol 15mg/500mg tablets,0,,1,Tolterodine 4mg modified-release capsules,,,,,,,,0,0,,,Seen in gynaecology clinic (18/02/2008),,0,0,0,,,,,,,,Type 2 diabetes mellitus (17/07/2020),,,,,,,,Hypertensive disease (01/10/2015),,,,,,,,,Incontinence of urine (03/12/2007),,,,"Tolterodine 4mg modified-release capsules (27/08/2026)
(Tolterodine 2mg modified-release capsules (29/12/2025))",,"Dizziness symptom (19/02/2007)
Hypertensive disease (01/10/2015)",Alcohol units consumed per week - 0 (23/03/2026),1,0,1,1,46269,,,Y,Overactive Bladder,Y,Tolterodine 4mg modified-release capsules (27/08/2026),Y,Tolterodine 2mg modified-release capsules (29/12/2025),,,,,Y,,Y,4,"Co-codamol 15mg/500mg tablets
Tolterodine 4mg modified-release capsules",Y,"Dizziness symptom (19/02/2007)
Hypertensive disease (01/10/2015)",,,,,1 - Patients with OAB currently receiving antimuscarinic therapy only,,Action: facilitate overactive bladder management review,Action - invite to pharmacist led clinic,Y,Letter,46274,,,,,,,,,,85.4,162,32.5,Obesity I (30-34.9),,,,,,,,,0,0,,,Y,,Y,,,,,,,,Y,,,,,,,,Y,ECG,38239,,,,,,,Y,,,,,,,,,,Y,,,,,Current,,,,120/65,46104,51,46022,143,46022,4.4,46022,9.5,46022,90,46022,21,46022,,,105,46022,6,46022,44,46022,54,46022,,,,,,,,4,"Co-codamol 15mg/500mg tablets
Tolterodine 4mg modified-release capsules",,,,,,,,,,,,,,,,,,,,,,,,,,,,,,,,,,,,,,,,,,,,,,,,,,,,,,,,,,,,,0,1,1,1,1,0,0,0,0,0,0
86,0,0,9772,58,Male,White British - ethnic category 2001 census,,,,,,,,,,,,,,,,,,,,,,,,,,,,,,,Dizziness symptom,39695,,,,,,,,,,,,,,,,,,,,,,,,,Malignant neoplasm of prostate,45841,Malignant neoplasm of prostate,45841,Seen in urology clinic,46238,,,,,,,,,Hypertension,45184,,,,,,,,,Depression,45299,,,,,Anxiousness - symptom,37263,,,,,Urge incontinence of urine,46238,,,,,,,,,,,Exercise ECG,39351,,,,,,,,,Darifenacin 7.5mg modified-release tablets,46259,,,,,,,,,,,,,,,,,,,,,,,,,,,,,,,,,,,,,,Dihydrocodeine 30mg tablets,46259,,,,,Darifenacin 7.5mg modified-release tablets,46259,78,46148,185.42,46148,22.69,46148,139,85,46148,90,46037,30,46037,Serum ALT level,62,46037,Serum alkaline phosphatase,95,46037,,,,20,46037,59,46037,4.5,46037,145,46037,4,46037,44,46037,1.2,46238,Alcohol units consumed per week,14,46148,,,,Dizziness symptom (04/09/2008),,,1,Dihydrocodeine 30mg tablets,0,,1,Darifenacin 7.5mg modified-release tablets,,Malignant neoplasm of prostate (03/07/2025),,,,,,0,0,Seen in urology clinic (04/08/2026),,,,1,0,1,,,,Malignant neoplasm of prostate (03/07/2025),,,,,,Malignant neoplasm of prostate (03/07/2025),,,,,,Hypertension (15/09/2023),,,,Anxiousness - symptom (07/01/2002),Depression (08/01/2024),,,Urge incontinence of urine (04/08/2026),,,,,Darifenacin 7.5mg modified-release tablets (25/08/2026),,"Dizziness symptom (04/09/2008)
Hypertension (15/09/2023)",Alcohol units consumed per week - 14 (06/05/2026),1,0,0,1,46269,,,Y,Overactive Bladder,Y,Darifenacin 7.5mg modified-release tablets (25/08/2026),,,,,,,Y,,Y,4,"Dihydrocodeine 30mg tablets
Darifenacin 7.5mg modified-release tablets",Y,"Dizziness symptom (04/09/2008)
Hypertension (15/09/2023)",,,,,1 - Patients with OAB currently receiving antimuscarinic therapy only,,Action: facilitate overactive bladder management review,Action - invite to pharmacist led clinic,Y,Letter,46274,,,,,,,,,,78,185.42,22.69,Healthy weight (18.5-24.9),,,Y,,,,,,0,0,Y,,,,Y,,,,Y,,,,,,Y,,,,,,Y,Exercise ECG,39351,,,,,,,Y,,,Y,Y,,,1.2,46238,Y,,,,,,Current,,,,139/85,46148,90,46037,145,46037,4.5,46037,4,46037,59,46037,62,46037,,,95,46037,20,46037,44,46037,30,46037,,,,,,,,4,"Dihydrocodeine 30mg tablets
Darifenacin 7.5mg modified-release tablets",,,,,,,,,,,,,,,,,,,,,,,,,,,,,,,,,,,,,,,,,,,,,,,,,,,,,,,,,,,,,0,1,1,1,1,0,0,0,0,0,0
87,0,0,9912,84,Female,White: English or Welsh or Scottish or Northern Irish or British - England and Wales ethnic category 2011 census,,,,,,,,,,,,,,,,,,,,,,,Constipation,45598,,,,,MSG:Palpitations,41445,,,,,Incontinence of urine,42059,,,,,,,,,,,,,,,,,,,,,,,,,,,,,,,,,,,Hypertensive disease,42059,,,Atrial fibrillation,45100,,,,,Mixed anxiety and depressive disorder,45621,,,,,ANXIETY,35607,,,,,,,Urinary frequency,41127,,,,,,,,,ECG,42401,,,,,,,,,Solifenacin 5mg tablets,46247,,,,,,,,,,,,,,,,,,,,,,,Oxybutynin 5mg tablets,41127,,,,,,,,,,,,,,,,,,,,Solifenacin 5mg tablets,46247,94,46077,162,46077,35.82,46077,135,85,46182,71,46154,45,46077,Serum ALT level,16,46154,Serum alkaline phosphatase,49,46154,,,,10,46154,68,46154,4.7,46154,139,46154,5.1,46154,45,46154,,,Alcohol units consumed per week,16,46091,Constipation (02/11/2024),,,,MSG:Palpitations (20/06/2013),,0,,0,,1,Solifenacin 5mg tablets,,,,,,,,1,1,,,,,0,0,0,,,,,,,,,,,,,Atrial fibrillation (23/06/2023),,,Hypertensive disease (24/02/2015),,,,ANXIETY (26/06/1997),Mixed anxiety and depressive disorder (25/11/2024),,,,Incontinence of urine (24/02/2015),Urinary frequency (06/08/2012),,,"Solifenacin 5mg tablets (13/08/2026)
(Oxybutynin 5mg tablets (06/08/2012))",,"Constipation (02/11/2024)
MSG:Palpitations (20/06/2013)
Hypertensive disease (24/02/2015)",Alcohol units consumed per week - 16 (10/03/2026),1,0,1,1,46269,,,Y,Overactive Bladder,Y,Solifenacin 5mg tablets (13/08/2026),Y,Oxybutynin 5mg tablets (06/08/2012),,,,,,,Y,3,Solifenacin 5mg tablets,Y,"Constipation (02/11/2024)
MSG:Palpitations (20/06/2013)
Hypertensive disease (24/02/2015)",,,,,1 - Patients with OAB currently receiving antimuscarinic therapy only,,Action: facilitate overactive bladder management review,Action - invite to pharmacist led clinic,Y,Letter,46274,,,,,,,,,,94,162,35.82,Obesity II (35-39.9),,,,,,,,,1,1,,,,,Y,,,,,,,,,,,,,Y,,,Y,ECG,42401,,,,Y,,,,Y,,Y,Y,,,,,,Y,Y,,,,Current,,,,135/85,46182,71,46154,139,46154,4.7,46154,5.1,46154,68,46154,16,46154,,,49,46154,10,46154,45,46154,45,46077,,,,,,,,3,Solifenacin 5mg tablets,,,,,,,,,,,,,,,,,,,,,,,,,,,,,,,,,,,,,,,,,,,,,,,,,,,,,,,,,,,,,0,1,1,1,1,0,0,0,0,0,0
88,0,0,9927,79,Male,White: English or Welsh or Scottish or Northern Irish or British - England and Wales ethnic category 2011 census,,,,,,,,,Blood in urine,46199,,,,,,,,,,,,,Constipation symptom,40386,,,,,,,,,,,Incontinence of urine,39681,,,,,INCONTINENCE FAECES,36143,,,,,,,,,,,,,,,Benign prostatic hyperplasia,45176,Malignant neoplasm of prostate,41480,Seen in urology clinic,46199,Transurethral prostatectomy,40522,,,,,,,Hypertensive disease,43416,,,,,,,,,[X]Single episode of depressive reaction,42888,,,,,ANXIETY,35626,,,,,,,FREQUENCY MICTURITION,36012,,,,,,,,,,,ECG: right bundle branch block,34646,,,,,,,Solifenacin 10mg tablets,46244,,Mirabegron 50mg modified-release tablets,46244,,Finasteride 5mg tablets,46244,,,,,Duloxetine 30mg gastro-resistant capsules,46244,[X]Single episode of depressive reaction,,,,,,,,,,Oxybutynin 2.5mg tablets,45684,,,,,Tamsulosin 400microgram modified-release capsules,38252,,,,,Duloxetine 60mg gastro-resistant capsules,44881,[X]Single episode of depressive reaction,Co-codamol 30mg/500mg tablets,46244,,,,,Solifenacin 10mg tablets,46244,116.3,45635,172,45635,39.31,45635,140,80,45635,62,46080,39,46080,Serum ALT level,23,46080,Serum alkaline phosphatase,90,46080,,,,6,46080,101,46080,4.4,46080,145,46080,8.2,46080,44,46080,4.6,45568,Alcohol units consumed per week,0,45635,Constipation symptom (27/07/2010),,,,,,1,Co-codamol 30mg/500mg tablets,0,,1,Solifenacin 10mg tablets,INCONTINENCE FAECES (14/12/1998),Malignant neoplasm of prostate (25/07/2013),,,,Blood in urine (26/06/2026),,0,0,Seen in urology clinic (26/06/2026),Transurethral prostatectomy (10/12/2010),,,0,0,0,,,,Benign prostatic hyperplasia (07/09/2023),,,,,,Malignant neoplasm of prostate (25/07/2013),,,,,,Hypertensive disease (12/11/2018),ECG: right bundle branch block (08/11/1994),,,ANXIETY (15/07/1997),[X]Single episode of depressive reaction (02/06/2017),,,,Incontinence of urine (21/08/2008),FREQUENCY MICTURITION (05/08/1998),,Finasteride 5mg tablets (10/08/2026),"Solifenacin 10mg tablets (10/08/2026)
(Oxybutynin 2.5mg tablets (27/01/2025))","Mirabegron 50mg modified-release tablets (10/08/2026)
()","Constipation symptom (27/07/2010)
Hypertensive disease (12/11/2018)
ECG: right bundle branch block (08/11/1994)",Alcohol units consumed per week - 0 (09/12/2024),1,1,1,3,46269,,,Y,Overactive Bladder,Y,Solifenacin 10mg tablets (10/08/2026),Y,Oxybutynin 2.5mg tablets (27/01/2025),Y,Mirabegron 50mg modified-release tablets (10/08/2026),,,Y,,Y,4,"Co-codamol 30mg/500mg tablets
Solifenacin 10mg tablets",Y,"Constipation symptom (27/07/2010)
Hypertensive disease (12/11/2018)
ECG: right bundle branch block (08/11/1994)",,,,,3 - Patients with OAB currently receiving antimuscarinic therapy and beta-3 agonist therapy,,Action: facilitate overactive bladder management review,Action - invite to pharmacist led clinic,Y,Letter,46274,,,,,,,,,,116.3,172,39.31,Obesity II (35-39.9),,Y,Y,,,,Y,,0,0,Y,Y,,,Y,,,,Y,,,,,,Y,,,,,,Y,,,Y,,,Y,,,,,,Y,Y,,,4.6,45568,,Y,Y,,,Y,Current,Current,,,140/80,45635,62,46080,145,46080,4.4,46080,8.2,46080,101,46080,23,46080,,,90,46080,6,46080,44,46080,39,46080,,,,,,,,4,"Co-codamol 30mg/500mg tablets
Solifenacin 10mg tablets",,,,,,,,,,,,,,,,,,,,,,,,,,,,,,,,,,,,,,,,,,,,,,,,,,,,,,,,,,,,,0,1,1,1,1,0,0,0,0,0,1
89,0,0,10165,79,Male,White British - ethnic category 2001 census,,,,,,,,,,,,,,,,,,,,,,,Constipation,45800,,,,,,,Dizziness symptom,37841,,,,,,,,,Incontinence of faeces,45754,,,,,,,,,,,,,,,Benign prostatic hyperplasia,44182,,,Seen in urology clinic,44239,,,,,Type 2 diabetes mellitus,45754,Transient ischaemic attack,42821,Hypertensive disease,42662,CVA unspecified,42821,,,,,,,,,,,,,,,,,,,,,Urinary frequency,41992,,,,,,,,,ECG,42311,,,,,,,,,,,,Mirabegron 50mg modified-release tablets,46266,Urinary symptoms,,,,,,,,,,,,,,,,,,,Solifenacin 10mg tablets,45861,,,,,Tamsulosin 400microgram modified-release capsules,,Urinary frequency,Dutasteride 500microgram capsules,,BPH - benign prostatic hypertrophy,,,,,,,,,,,,109.2,46192,176,46192,35.25,46192,130,80,46170,42,46268,46,46079,Serum ALT level,26,46268,Serum alkaline phosphatase,105,46268,,,,10,46268,142,46268,4.5,46268,139,46268,9.3,46268,42,46268,3.2,43360,Alcohol units consumed per week,0,46104,Constipation (23/05/2025),,,Dizziness symptom (08/08/2003),,,0,,0,,0,,Incontinence of faeces (07/04/2025),,,,,,,0,0,Seen in urology clinic (12/02/2021),,,,0,0,0,,,,Benign prostatic hyperplasia (17/12/2020),,,,Type 2 diabetes mellitus (07/04/2025),,,Transient ischaemic attack (27/03/2017),CVA unspecified (27/03/2017),,,,Hypertensive disease (19/10/2016),,,,,,,,,,Urinary frequency (19/12/2014),,,(Solifenacin 10mg tablets (23/07/2025)),"Mirabegron 50mg modified-release tablets (01/09/2026)
()","Constipation (23/05/2025)
Dizziness symptom (08/08/2003)
Hypertensive disease (19/10/2016)",Alcohol units consumed per week - 0 (23/03/2026),0,1,1,2,46269,,,Y,Overactive Bladder,,,Y,Solifenacin 10mg tablets (23/07/2025),Y,Mirabegron 50mg modified-release tablets (01/09/2026),,,,,,0,,Y,"Constipation (23/05/2025)
Dizziness symptom (08/08/2003)
Hypertensive disease (19/10/2016)",,,,,2 - Patients with OAB currently receiving beta-3 agonist therapy only,,Action: facilitate overactive bladder management review,Action - invite to pharmacist led clinic,Y,Letter,46274,,,,,,,,,,109.2,176,35.25,Obesity II (35-39.9),,Y,,,,,,,0,0,Y,,,,Y,,,,Y,,,,Y,,,Y,Y,,,,Y,ECG,42311,,,,Y,,,Y,,,,,,,3.2,43360,,,Y,,,,Past,Current,,,130/80,46170,42,46268,139,46268,4.5,46268,9.3,46268,142,46268,26,46268,,,105,46268,10,46268,42,46268,46,46079,,,,,,,,0,,,,,,,,,,,,,,,,,,,,,,,,,,,,,,,,,,,,,,,,,,,,,,,,,,,,,,,,,,,,,,0,1,1,1,1,0,0,0,0,0,0
90,0,0,10287,62,Female,White: English or Welsh or Scottish or Northern Irish or British - England and Wales ethnic category 2011 census,,,,,,,,,,,,,,,,,,,,,,,Constipation symptom,41116,,,,,,,,,,,Incontinence of urine,43515,,,,,,,,,,,,,,,,,,,,,,,,,,,,,Seen in gynaecology clinic,41095,,,,,Essential hypertension,46149,,,,,,,,,Anxiety with depression,43689,,,,,Anxious,39910,,,,,Urge incontinence of urine,41109,,,,,,,,,,,,,,,,,,,,,Darifenacin 7.5mg modified-release tablets,46237,Incontinence of urine,,,,,,,,,,,,,,,,,,,,,,Darifenacin 7.5mg modified-release tablets,43178,Incontinence of urine,,,,,,,,,,,,,Co-codamol 30mg/500mg capsules,46111,,,Amitriptyline 25mg tablets,46237,Darifenacin 7.5mg modified-release tablets,46237,46,46219,154,45678,19.4,46219,160,90,46149,90,46247,35,46247,Serum ALT level,10,46247,Serum alkaline phosphatase,102,46247,,,,6,46247,58,46247,4.3,46247,142,46247,3.3,46247,43,46247,,,Alcohol units consumed per week,0,45678,Constipation symptom (26/07/2012),,,,,,3,"Co-codamol 30mg/500mg capsules
Morphine 15mg modified-release tablets
Morphine sulfate 10mg/5ml oral solution",0,,2,"Amitriptyline 25mg tablets
Darifenacin 7.5mg modified-release tablets",,,,,,,,0,0,,,Seen in gynaecology clinic (05/07/2012),,0,4,4,,,,,,,,,,,,,,,,Essential hypertension (07/05/2026),,,,Anxious (07/04/2009),Anxiety with depression (12/08/2019),,,Urge incontinence of urine (19/07/2012),Incontinence of urine (19/02/2019),,,,"Darifenacin 7.5mg modified-release tablets (03/08/2026)
(Darifenacin 7.5mg modified-release tablets (19/03/2018))",,"Constipation symptom (26/07/2012)
Essential hypertension (07/05/2026)",Alcohol units consumed per week - 0 (21/01/2025),1,0,1,1,46269,,,Y,Overactive Bladder,Y,Darifenacin 7.5mg modified-release tablets (03/08/2026),Y,Darifenacin 7.5mg modified-release tablets (19/03/2018),,,,,Y,,Y,9,"Co-codamol 30mg/500mg capsules
Morphine 15mg modified-release tablets
Morphine sulfate 10mg/5ml oral solution
Amitriptyline 25mg tablets
Darifenacin 7.5mg modified-release tablets",Y,"Constipation symptom (26/07/2012)
Essential hypertension (07/05/2026)",,,,,1 - Patients with OAB currently receiving antimuscarinic therapy only,,Action: facilitate overactive bladder management review,Action - invite to pharmacist led clinic,Y,Letter,46274,,,,,,,,,,46,154,19.4,Healthy weight (18.5-24.9),,,,,,,,,0,0,,,Y,,Y,,,,,,,,,,,,,,,,Y,,,,,,Y,,,,,,Y,Y,,,,,Y,Y,,,,,Current,,,,160/90,46149,90,46247,142,46247,4.3,46247,3.3,46247,58,46247,10,46247,,,102,46247,6,46247,43,46247,35,46247,,,,,,,,9,"Co-codamol 30mg/500mg capsules
Morphine 15mg modified-release tablets
Morphine sulfate 10mg/5ml oral solution
Amitriptyline 25mg tablets
Darifenacin 7.5mg modified-release tablets",,,,,,,,,,,,,,,,,,,,,,,,,,,,,,,,,,,,,,,,,,,,,,,,,,,,,,,,,,,,,0,1,1,1,1,0,0,0,0,0,0
91,0,0,10468,77,Female,White: English or Welsh or Scottish or Northern Irish or British - England and Wales ethnic category 2011 census,,,,,,,,,,,,,,,,,,,,,,,,,,,,,,,Dizziness symptom,41670,,,,,Overactive bladder,45314,Overactive bladder,45923,,,,,,,,,,,,,,,,,,,,,Seen in urology clinic,46136,,,Seen in gynaecology clinic,45034,,,,,,,,,,,,,,,Anxiety with depression,43661,,,,,,,,,,,Urgent desire to urinate,44623,,,,,,,,,,,,,,,,,,,,,,,,,,,,,,,,,,,,,,,,,,,,,Solifenacin 10mg tablets,45359,Female stress incontinence,Betmiga 25mg modified-release tablets (Astellas Pharma Ltd),45359,Overactive bladder,,,,,,,,,,,,,,,,,,,,,,,,115,70,46164,72,46139,38,45859,Serum ALT level,15,45859,Serum alkaline phosphatase,74,45859,,,,6,45859,69,46139,4.4,46139,137,46139,4.5,46139,40,45859,,,,,,,,,Dizziness symptom (31/01/2014),,,0,,0,,0,,,,,,,,,1,2,Seen in urology clinic (24/04/2026),,Seen in gynaecology clinic (18/04/2023),,1,1,2,,,,,,,,,,,,,,,,,,,,,Anxiety with depression (15/07/2019),,,Urgent desire to urinate (03/03/2022),,,,,(Solifenacin 10mg tablets (08/03/2024)),(Betmiga 25mg modified-release tablets (Astellas Pharma Ltd) (08/03/2024)),Dizziness symptom (31/01/2014),,0,0,1,4,46269,Overactive bladder (23/01/2024),Overactive bladder (23/09/2025),Y,Overactive Bladder,,,Y,Solifenacin 10mg tablets (08/03/2024),,,Y,Betmiga 25mg modified-release tablets (Astellas Pharma Ltd) (08/03/2024),,,,0,,Y,Dizziness symptom (31/01/2014),,,,,"4 - Patients with OAB symptoms who are not currently receiving active treatment, have evidence of previous treatment failure, and who may benefit from management optimisation and/or initiation of pharmacological therapy",,Action: facilitate overactive bladder management review,Action - invite to pharmacist led clinic,Y,Letter,46274,,,,,,,,,,,,,,,,,,,,,,1,2,Y,,Y,,Y,,,,,,,,,,,,,,,,,,,,,,,,,Y,,,,Y,,,,,Y,,,,,,Past,Past,,,115/70,46164,72,46139,137,46139,4.4,46139,4.5,46139,69,46139,15,45859,,,74,45859,6,45859,40,45859,38,45859,,,,,,,,0,,,,,,,,,,,,,,,,,,,,,,,,,,,,,,,,,,,,,,,,,,,,,,,,,,,,,,,,,,,,,,0,1,1,1,1,0,0,0,0,0,0
92,0,0,10475,54,Female,White British - ethnic category 2001 census,,,,,,,,,Haematuria,42893,,,,,,,,,,,,,Constipation,45093,,,,,,,[D]Dizziness,43682,,,,,,,,,,,,,,,,,PREGNANT,33584,Recurrent urinary tract infection,45730,,,,,,,,,Seen in urology clinic,46183,,,Seen in gynaecology clinic,43901,,,,,,,,,,,,,,,,,,,,,,,,,,,Urge incontinence of urine,42262,,,,,,,,,Acute cystitis,43377,ECG done,45236,,,,,,,,,Fesoterodine 8mg modified-release tablets,46252,Medication requested,,,,,,,,,,,,,,,,,,,,,,Darifenacin 7.5mg modified-release tablets,43789,Nausea,,,,,,,,,,,,,Codeine 30mg tablets,46251,,,,,Fesoterodine 8mg modified-release tablets,46252,91,46224,170,46065,31.49,46224,100,70,46209,64,46112,34,46112,Serum ALT level,33,46112,Serum alkaline phosphatase,47,46126,,,,7,46112,81,46112,3.9,46112,138,46112,4.9,46112,36,46126,,,Occasional drinker,,46216,Constipation (16/06/2023),,,[D]Dizziness (05/08/2019),,,1,Codeine 30mg tablets,0,,1,Fesoterodine 8mg modified-release tablets,,,,,,Haematuria (07/06/2017),Recurrent urinary tract infection (14/03/2025),4,5,Seen in urology clinic (10/06/2026),,Seen in gynaecology clinic (11/03/2020),PREGNANT (12/12/1991),0,0,0,,,,,,,Acute cystitis (04/10/2018),,,,,,,,,,,,,,,,,Urge incontinence of urine (15/09/2015),,,,,"Fesoterodine 8mg modified-release tablets (18/08/2026)
(Darifenacin 7.5mg modified-release tablets (20/11/2019))",,"Constipation (16/06/2023)
[D]Dizziness (05/08/2019)",Occasional drinker -  (13/07/2026),1,0,1,1,46269,,,Y,Overactive Bladder,Y,Fesoterodine 8mg modified-release tablets (18/08/2026),Y,Darifenacin 7.5mg modified-release tablets (20/11/2019),,,,,Y,,Y,4,"Codeine 30mg tablets
Fesoterodine 8mg modified-release tablets",Y,"Constipation (16/06/2023)
[D]Dizziness (05/08/2019)",,,,,1 - Patients with OAB currently receiving antimuscarinic therapy only,,Action: facilitate overactive bladder management review,Action - invite to pharmacist led clinic,Y,Letter,46274,,,,,,,,,,91,170,31.49,Obesity I (30-34.9),,,,,,,Y,Y,4,5,Y,,Y,Y,Y,,,,,,,Y,,,,,,,,,,ECG done,45236,,,,Y,,,Y,,,,,,,,,Y,,,,,,Current,,,,100/70,46209,64,46112,138,46112,3.9,46112,4.9,46112,81,46112,33,46112,,,47,46126,7,46112,36,46126,34,46112,,,,,,,,4,"Codeine 30mg tablets
Fesoterodine 8mg modified-release tablets",,,,,,,,,,,,,,,,,,,,,,,,,,,,,,,,,,,,,,,,,,,,,,,,,,,,,,,,,,,,,0,1,1,1,1,0,0,0,0,0,0
93,0,0,10521,70,Female,White British - ethnic category 2001 census,,,,,,,,,,,,,,,,,,,,,,,,,,,,,Palpitations,44088,LIGHTHEADED,34765,,,Urinary incontinence,45824,Detrusor overactivity,44732,Detrusor overactivity,44732,,,,,,,,,,,,,,,,,,,,,SEEN IN UROLOGY CLINIC,36069,,,Seen in gynaecology clinic,45985,Type 2 diabetes mellitus,45842,,,Essential hypertension,44796,,,,,,,,,"Recurrent major depressive episodes, severe, with psychosis",44263,,,,,Anxious,40430,,,,,Urge incontinence of urine,45643,,,,,,,,,CYSTITIS,33766,12 lead ECG,46246,Abnormal ECG,45945,,,,,,,,,,Mirabegron 25mg modified-release tablets,46269,,,,,,,,,,,,,,,,,,,,Solifenacin 10mg tablets,45621,Urinary incontinence,,,,,,,,,,Duloxetine 60mg gastro-resistant capsules,39654,,Risperidone 1mg tablets,46269,,,,,,,104,46246,170,46246,35.99,46246,134,82,46246,55,46253,62,46253,Serum ALT level,17,46253,Serum alkaline phosphatase,120,46253,,,,3,46253,88,46253,4.5,46253,138,46253,10.7,46253,49,46253,,,Alcohol units consumed per week,0,46246,,,,LIGHTHEADED (07/03/1995),Palpitations (14/09/2020),,3,"Risperidone 1mg tablets
Venlafaxine 150mg modified-release capsules
Venlafaxine 75mg modified-release capsules",0,,0,,,,,,,,,3,1,SEEN IN UROLOGY CLINIC (01/10/1998),,Seen in gynaecology clinic (24/11/2025),,0,1,1,,,,,,,CYSTITIS (11/06/1992),Type 2 diabetes mellitus (04/07/2025),,,,,,,,Essential hypertension (23/08/2022),Abnormal ECG (15/10/2025),,,Anxious (09/09/2010),"Recurrent major depressive episodes, severe, with psychosis (08/03/2021)",,,Urge incontinence of urine (17/12/2024),Urinary incontinence (16/06/2025),,,,(Solifenacin 10mg tablets (25/11/2024)),"Mirabegron 25mg modified-release tablets (04/09/2026)
()","LIGHTHEADED (07/03/1995)
Palpitations (14/09/2020)
Essential hypertension (23/08/2022)
Abnormal ECG (15/10/2025)",Alcohol units consumed per week - 0 (12/08/2026),0,1,1,2,46269,Detrusor overactivity (20/06/2022),Detrusor overactivity (20/06/2022),Y,Overactive Bladder,,,Y,Solifenacin 10mg tablets (25/11/2024),Y,Mirabegron 25mg modified-release tablets (04/09/2026),,,Y,,,3,"Risperidone 1mg tablets
Venlafaxine 150mg modified-release capsules
Venlafaxine 75mg modified-release capsules",Y,"LIGHTHEADED (07/03/1995)
Palpitations (14/09/2020)
Essential hypertension (23/08/2022)
Abnormal ECG (15/10/2025)",,,,,2 - Patients with OAB currently receiving beta-3 agonist therapy only,,Action: facilitate overactive bladder management review,Action - invite to pharmacist led clinic,Y,Letter,46274,,,,,,,,,,104,170,35.99,Obesity II (35-39.9),,,,,,,,,3,1,Y,,Y,,Y,,,,,,,Y,Y,,,,,,,,Y,12 lead ECG,46246,Y,,,,,,Y,Y,,Y,Y,,,,,Y,Y,,,,,Past,Current,,,134/82,46246,55,46253,138,46253,4.5,46253,10.7,46253,88,46253,17,46253,,,120,46253,3,46253,49,46253,62,46253,,,,,,,,3,"Risperidone 1mg tablets
Venlafaxine 150mg modified-release capsules
Venlafaxine 75mg modified-release capsules",,,,,,,,,,,,,,,,,,,,,,,,,,,,,,,,,,,,,,,,,,,,,,,,,,,,,,,,,,,,,0,1,1,1,1,0,0,0,0,0,0
94,0,0,10524,63,Female,White: English or Welsh or Scottish or Northern Irish or British - England and Wales ethnic category 2011 census,,,,,,,,,,,,,,,Neurogenic dysfunction of urinary bladder,45667,,,,,,,,,,,,,,,,,,,,,,,,,,,,,,,,,,,,,,,,,,,,,,,,,Seen in gynaecology clinic,38285,,,,,Essential hypertension,46241,,,,,,,,,,,,,,,,,,,,,Urge incontinence of urine,45702,,,,,,,,,,,,,,,,,,,,,Tolterodine 4mg modified-release capsules,46247,,,,,,,,,,,,,,,,,,,,,,,Solifenacin 5mg tablets,45623,,Mirabegron 25mg modified-release tablets,45667,Neurogenic dysfunction of urinary bladder,,,,,,,,,,,,,,,,Tolterodine 4mg modified-release capsules,46247,91,46241,169,46241,31.86,46241,128,80,46241,76,46241,38,46241,Serum ALT level,21,46241,Serum alkaline phosphatase,102,46241,,,,6,46241,68,46241,4.2,46241,139,46241,6.1,46241,45,46241,,,Trivial drinker - <1u/day,,46241,,,,,,,0,,0,,1,Tolterodine 4mg modified-release capsules,,,,,,,,0,0,,,Seen in gynaecology clinic (25/10/2004),,0,0,0,,,,,,,,,,,,,,,,Essential hypertension (07/08/2026),,,,,,,,Urge incontinence of urine (14/02/2025),,,,,"Tolterodine 4mg modified-release capsules (13/08/2026)
(Solifenacin 5mg tablets (27/11/2024))",(Mirabegron 25mg modified-release tablets (10/01/2025)),Essential hypertension (07/08/2026),Trivial drinker - <1u/day -  (07/08/2026),1,0,1,1,46269,,,Y,Overactive Bladder,Y,Tolterodine 4mg modified-release capsules (13/08/2026),Y,Solifenacin 5mg tablets (27/11/2024),,,Y,Mirabegron 25mg modified-release tablets (10/01/2025),,,Y,3,Tolterodine 4mg modified-release capsules,Y,Essential hypertension (07/08/2026),,,,,1 - Patients with OAB currently receiving antimuscarinic therapy only,,Action: facilitate overactive bladder management review,Action - invite to pharmacist led clinic,Y,Letter,46274,,,,,,,,,,91,169,31.86,Obesity I (30-34.9),,,,,,,,,0,0,,,Y,,Y,,,,,,,,,,,,,,,,Y,,,,,,,,,,,,,,,,,,Y,,,,,,Current,Past,,,128/80,46241,76,46241,139,46241,4.2,46241,6.1,46241,68,46241,21,46241,,,102,46241,6,46241,45,46241,38,46241,,,,,,,,3,Tolterodine 4mg modified-release capsules,,,,,,,,,,,,,,,,,,,,,,,,,,,,,,,,,,,,,,,,,,,,,,,,,,,,,,,,,,,,,0,1,1,1,1,0,0,0,0,0,0
95,0,0,10895,69,Female,White British - ethnic category 2001 census,,,,,,,,,Haematuria,43178,,,,,,,,,,,,,Constipation symptom,41366,,,,,,,,,,,,,,,,,,,,,,,,,,,,,,,,,,,,,Seen in urology clinic,43188,,,,,,,Transient cerebral ischaemia,45348,,,,,,,Ischaemic heart disease,45348,Heart failure,45348,Depressive disorder NEC,37172,,,,,,,,,,,,,,,SWEATING BOUTS,35461,,,,,,,12 lead ECG,44706,Echocardiogram shows left ventricular systolic dysfunction,44867,,,,,,,,,,,,,,,,,,,Duloxetine 20mg gastro-resistant capsules,46233,,Dapagliflozin 10mg tablets,46269,Heart failure,Eplerenone 25mg tablets,46269,Left ventricular systolic dysfunction,,,,,,,,,,,,,,,,,,,Warfarin 1mg tablets,46269,,,,,,,60.5,45741,154,45741,25.51,45741,120,80,46259,63,46178,39,46111,Serum ALT level,31,46178,Serum alkaline phosphatase,109,46178,,,,6,46178,79,46178,4.7,46178,140,46178,6.1,46178,45,46178,,,Alcohol units consumed per week,21,45741,Constipation symptom (02/04/2013),,,,,,1,Warfarin 1mg tablets,0,,0,,,,,,,Haematuria (19/03/2018),,0,0,Seen in urology clinic (29/03/2018),,,,0,0,0,,,,,SWEATING BOUTS (31/01/1997),,,,,,Transient cerebral ischaemia (26/02/2024),,,Heart failure (26/02/2024),Ischaemic heart disease (26/02/2024),,Echocardiogram shows left ventricular systolic dysfunction (02/11/2022),Dapagliflozin 10mg tablets (04/09/2026),Eplerenone 25mg tablets (04/09/2026),,Depressive disorder NEC (08/10/2001),,,,,,,,,,"Constipation symptom (02/04/2013)
Echocardiogram shows left ventricular systolic dysfunction (02/11/2022)",Alcohol units consumed per week - 21 (25/03/2025),0,0,0,0,46269,,,Y,Overactive Bladder,,,,,,,,,Y,,,1,Warfarin 1mg tablets,Y,"Constipation symptom (02/04/2013)
Echocardiogram shows left ventricular systolic dysfunction (02/11/2022)",,,,,X - Not meeting cohort criteria,,No action: not meeting review criteria,No Action,N,,,,,,,,,,,,60.5,154,25.51,Overweight (25-29.9),,,,,,,Y,,0,0,Y,,,,Y,,,,,Y,,,,,,Y,,,Y,Y,,12 lead ECG,44706,Y,Y,Y,Y,,,,,,,Y,,,,,,,,,,,,,,,120/80,46259,63,46178,140,46178,4.7,46178,6.1,46178,79,46178,31,46178,,,109,46178,6,46178,45,46178,39,46111,,,,,,,,1,Warfarin 1mg tablets,,,,,,,,,,,,,,,,,,,,,,,,,,,,,,,,,,,,,,,,,,,,,,,,,,,,,,,,,,,,,0,0,0,0,0,0,0,0,0,0,1
96,0,0,11300,68,Male,White: English or Welsh or Scottish or Northern Irish or British - England and Wales ethnic category 2011 census,,,,,,,,,,,,,,,,,,,,,,,,,,,,,,,,,,,,,Overactive bladder,45924,Overactive bladder,46042,,,,,,,,,,,,,,,,,,,,,,,,,,,,,,,,,,,,,,,,,,,,,,,,,,,,,,,,,,,,,,,,,,,,,,,,,,,Solifenacin 10mg tablets,46108,Overactive bladder,,,,,,,,,,,,,,,,,,,,,,,,,Mirabegron 50mg modified-release tablets,45953,,Tamsulosin 400microgram modified-release capsules,45747,Had a chat to patient,,,,,,,,,,,,,Solifenacin 10mg tablets,46108,,,,,25.6,45755,122,80,45924,78,45755,38,45755,Serum ALT level,36,45755,Serum alkaline phosphatase,67,45755,,,,10,45755,85,45755,4.5,45755,141,45755,7.2,45755,46,45755,1.5,45755,,,,,,,,,,0,,0,,1,Solifenacin 10mg tablets,,,,,,,,0,0,,,,,0,0,0,,,,,,,,,,,,,,,,,,,,,,,,,,,,,Solifenacin 10mg tablets (27/03/2026),(Mirabegron 50mg modified-release tablets (23/10/2025)),,,1,0,1,1,46269,Overactive bladder (24/09/2025),Overactive bladder (20/01/2026),Y,Overactive Bladder,Y,Solifenacin 10mg tablets (27/03/2026),,,,,Y,Mirabegron 50mg modified-release tablets (23/10/2025),,,Y,3,Solifenacin 10mg tablets,,,,,,,1 - Patients with OAB currently receiving antimuscarinic therapy only,,Action: facilitate overactive bladder management review,Action - invite to pharmacist led clinic,Y,Letter,46274,,,,,,,,,,,,25.6,Overweight (25-29.9),,,,,,,,,0,0,,,,,Y,,,,,,,,,,,,,,,,,,,,,,,,,,,,,,,,1.5,45755,,,,,,,Current,Past,,,122/80,45924,78,45755,141,45755,4.5,45755,7.2,45755,85,45755,36,45755,,,67,45755,10,45755,46,45755,38,45755,,,,,,,,3,Solifenacin 10mg tablets,,,,,,,,,,,,,,,,,,,,,,,,,,,,,,,,,,,,,,,,,,,,,,,,,,,,,,,,,,,,,0,1,1,1,1,0,0,0,0,0,0
97,0,0,11401,74,Male,White British - ethnic category 2001 census,,,,,,,,,,,Malignant melanoma of skin,46186,,,,,,,,,,,,,,,,,,,,,,,,,Overactive bladder,46042,Overactive bladder,46070,,,,,,,,,,,,,,,,,,,Renal cell carcinoma,46096,Seen in urology clinic,46096,Partial nephrectomy,44113,,,,,,,,,,,,,,,,,,,,,,,,,,,,,,,,,,,,,,,,,,,,,,,,,,,Solifenacin 10mg tablets,46268,Overactive bladder,,,,,,,,,,,,,,,,,,,,,,Solifenacin 5mg tablets,46042,,,,,,,,,,,,,,Prednisolone 5mg tablets,46268,,,,,Solifenacin 10mg tablets,46268,84.37,45918,177,45467,26.93,45918,125,80,46042,54,46055,36,45567,Serum ALT level,22,45947,Serum alkaline phosphatase,70,46237,,,,23,45947,116,46055,4.1,45694,142,46055,7.5,46055,41,46237,13,46055,Alcohol units consumed per week,4,45918,,,,,,,1,Prednisolone 5mg tablets,0,,1,Solifenacin 10mg tablets,,Renal cell carcinoma (15/03/2026),,,,,,0,0,Seen in urology clinic (15/03/2026),Partial nephrectomy (09/10/2020),,,0,0,0,,,,,,,,,Malignant melanoma of skin (13/06/2026),Renal cell carcinoma (15/03/2026),,,,,,,,,,,,,,,,,,,"Solifenacin 10mg tablets (03/09/2026)
(Solifenacin 5mg tablets (20/01/2026))",,,Alcohol units consumed per week - 4 (18/09/2025),1,0,1,1,46269,Overactive bladder (20/01/2026),Overactive bladder (17/02/2026),Y,Overactive Bladder,Y,Solifenacin 10mg tablets (03/09/2026),Y,Solifenacin 5mg tablets (20/01/2026),,,,,Y,,Y,4,"Prednisolone 5mg tablets
Solifenacin 10mg tablets",,,,,,,1 - Patients with OAB currently receiving antimuscarinic therapy only,,Action: facilitate overactive bladder management review,Action - invite to pharmacist led clinic,Y,Letter,46274,,,,,,,,,,84.37,177,26.93,Overweight (25-29.9),,,Y,,,,,,0,0,Y,Y,,,Y,,,,,,,,,Y,Y,,,,,,,,,,,,,,,,,,,,,,13,46055,,,,,,,Current,,,,125/80,46042,54,46055,142,46055,4.1,45694,7.5,46055,116,46055,22,45947,,,70,46237,23,45947,41,46237,36,45567,,,,,,,,4,"Prednisolone 5mg tablets
Solifenacin 10mg tablets",,,,,,,,,,,,,,,,,,,,,,,,,,,,,,,,,,,,,,,,,,,,,,,,,,,,,,,,,,,,,0,1,1,1,1,0,0,0,0,0,0
98,0,0,11441,51,Female,White British - ethnic category 2001 census,,,Housebound,45943,,,,,,,,,,,,,,,,,,,Constipation,43290,,,,,,,Dizziness,45743,,,Urinary incontinence,45079,,,,,,,,,,,,,PREGNANCY,35537,,,,,,,,,,,,,,,Seen in gynaecology clinic,38127,,,,,,,,,,,,,,,Anxiety with depression,41759,,,,,,,Falls,45362,,,Urge incontinence of urine,44057,,,,,,,,,Cystitis,39700,12 lead ECG,46178,,,,,,,,,,,,Vibegron 75mg tablets,46252,Continence care,,,,,,,,,,,,,Furosemide 20mg tablets,46268,,,,,Oxybutynin 5mg tablets,44131,,,,,,,,,,,,,,Aripiprazole 10mg tablets,46252,,,Amitriptyline 50mg tablets,46252,,,121,45943,152.4,45881,52.1,46206,135,80,46195,55,46224,40,46224,Serum ALT level,20,46189,Serum alkaline phosphatase,161,46189,,,,4,46189,93,46224,4.5,46224,144,46224,7.5,46224,41,46189,,,Alcohol units consumed per week,0,45665,Constipation (09/07/2018),,,Dizziness (27/03/2025),,,4,"Aripiprazole 10mg tablets
Co-codamol 15mg/500mg capsules
Furosemide 20mg tablets
Zomorph 30mg modified-release capsules (Ethypharm UK Ltd)",0,,2,"Amitriptyline 50mg tablets
Quetiapine 100mg tablets",,,,,,,,3,2,,,Seen in gynaecology clinic (20/05/2004),PREGNANCY (17/04/1997),2,0,2,,,,,,,Cystitis (09/09/2008),,,,,,,,,,,,Furosemide 20mg tablets (03/09/2026),,Anxiety with depression (30/04/2014),,Falls (11/03/2024),Urge incontinence of urine (14/08/2020),Urinary incontinence (02/06/2023),,,,(Oxybutynin 5mg tablets (27/10/2020)),"Vibegron 75mg tablets (18/08/2026)
()","Constipation (09/07/2018)
Dizziness (27/03/2025)",Alcohol units consumed per week - 0 (08/01/2025),0,1,1,2,46269,,,Y,Overactive Bladder,,,Y,Oxybutynin 5mg tablets (27/10/2020),Y,Vibegron 75mg tablets (18/08/2026),,,Y,,Y,10,"Aripiprazole 10mg tablets
Co-codamol 15mg/500mg capsules
Furosemide 20mg tablets
Zomorph 30mg modified-release capsules (Ethypharm UK Ltd)
Amitriptyline 50mg tablets
Quetiapine 100mg tablets",Y,"Constipation (09/07/2018)
Dizziness (27/03/2025)",,,,,2 - Patients with OAB currently receiving beta-3 agonist therapy only,,Action: facilitate overactive bladder management review,Action - invite to pharmacist led clinic,Y,Letter,46274,,,,,,,,,,121,152.4,52.1,Obesity III (40 or more),,,,,,,,,3,2,,,Y,Y,Y,,,,,,,Y,,,,,,,,,,12 lead ECG,46178,,,Y,Y,,,Y,,,,Y,,Y,,,Y,Y,,,,,Past,Current,,,135/80,46195,55,46224,144,46224,4.5,46224,7.5,46224,93,46224,20,46189,,,161,46189,4,46189,41,46189,40,46224,,,,,,,,10,"Aripiprazole 10mg tablets
Co-codamol 15mg/500mg capsules
Furosemide 20mg tablets
Zomorph 30mg modified-release capsules (Ethypharm UK Ltd)
Amitriptyline 50mg tablets
Quetiapine 100mg tablets",,,,,,,,,,,,,,,,,,,,,,,,,,,,,,,,,,,,,,,,,,,,,,,,,,,,,,,,,,,,,0,1,1,1,1,0,0,0,0,0,0
99,0,0,11572,88,Female,White: English or Welsh or Scottish or Northern Irish or British - England and Wales ethnic category 2011 census,,,Housebound,44740,,,Gold standards framework prognostic indicator stage B (green) - months prognosis,46134,,,Malignant neoplasm of breast,46260,,,,,,,,,,,Constipation,46142,,,,,Palpitations,43437,Dizziness,45901,,,Incontinence of urine,42864,Overactive bladder,44967,Overactive bladder,45334,,,,,,,,,,,,,,,,,,,,,,,,,,,,,,,Essential hypertension,46051,,,Atrial fibrillation,46051,,,,,,,,,,,Anxiousness,42958,,,Frailty,45415,Urge incontinence of urine,45911,FREQUENCY MICTURITION,33802,,,,,,,CYSTITIS,34170,Electrocardiographic procedure,45399,ECG: atrial fibrillation,45996,,,,,,,Solifenacin 5mg tablets,45938,,,,,,,,,,,,,,Dapagliflozin 10mg tablets,46258,,Furosemide 40mg tablets,46168,,,,,Darifenacin 7.5mg modified-release tablets,45007,Overactive bladder,Mirabegron 25mg modified-release tablets,42836,Incontinence of urine,,,,,,,,,,Digoxin 62.5microgram tablets,46258,,,,,,,51.257,46246,161,46246,19.8,46246,130,80,46266,34,46175,41,45938,Serum ALT level,18,46175,Serum alkaline phosphatase,126,46175,,,,8,46175,130,46246,3.8,46175,139,46175,14.7,46175,37,46175,,,Alcohol units consumed per week,0,46073,Constipation (30/04/2026),,,Dizziness (01/09/2025),Palpitations (03/12/2018),,3,"Digoxin 62.5microgram tablets
Furosemide 40mg tablets
Oxycodone 5mg/5ml oral solution sugar free",0,,0,,,,,,,,,0,0,,,,,3,0,3,,,,,,,CYSTITIS (20/07/1993),,Malignant neoplasm of breast (26/08/2026),,,,Atrial fibrillation (29/01/2026),,,Essential hypertension (29/01/2026),ECG: atrial fibrillation (05/12/2025),Dapagliflozin 10mg tablets (24/08/2026),Furosemide 40mg tablets (26/05/2026),Anxiousness (11/08/2017),,Frailty (03/05/2024),,Urge incontinence of urine (11/09/2025),Incontinence of urine (09/05/2017),FREQUENCY MICTURITION (17/07/1992),,,"Solifenacin 5mg tablets (08/10/2025)
(Darifenacin 7.5mg modified-release tablets (22/03/2023))",(Mirabegron 25mg modified-release tablets (11/04/2017)),"Constipation (30/04/2026)
Dizziness (01/09/2025)
Palpitations (03/12/2018)
Essential hypertension (29/01/2026)
ECG: atrial fibrillation (05/12/2025)",Alcohol units consumed per week - 0 (20/02/2026),1,0,1,1,46269,Overactive bladder (10/02/2023),Overactive bladder (12/02/2024),Y,Overactive Bladder,Y,Solifenacin 5mg tablets (08/10/2025),Y,Darifenacin 7.5mg modified-release tablets (22/03/2023),,,Y,Mirabegron 25mg modified-release tablets (11/04/2017),Y,,,3,"Digoxin 62.5microgram tablets
Furosemide 40mg tablets
Oxycodone 5mg/5ml oral solution sugar free",Y,"Constipation (30/04/2026)
Dizziness (01/09/2025)
Palpitations (03/12/2018)
Essential hypertension (29/01/2026)
ECG: atrial fibrillation (05/12/2025)",,,,,1 - Patients with OAB currently receiving antimuscarinic therapy only,,Action: facilitate overactive bladder management review,Action - invite to pharmacist led clinic,Y,Letter,46274,,,,,,,,,,51.257,161,19.8,Healthy weight (18.5-24.9),,,,,,,,,0,0,,,,,Y,,,,,,,Y,,Y,,,,Y,,,Y,Electrocardiographic procedure,45399,Y,Y,Y,Y,,,Y,Y,,Y,,Y,,,,Y,Y,Y,,,,Current,Past,,,130/80,46266,34,46175,139,46175,3.8,46175,14.7,46175,130,46246,18,46175,,,126,46175,8,46175,37,46175,41,45938,,,,,,,,3,"Digoxin 62.5microgram tablets
Furosemide 40mg tablets
Oxycodone 5mg/5ml oral solution sugar free",,,,,,,,,,,,,,,,,,,,,,,,,,,,,,,,,,,,,,,,,,,,,,,,,,,,,,,,,,,,,0,1,1,1,1,0,0,0,0,0,0
100,0,0,11585,85,Female,White: English or Welsh or Scottish or Northern Irish or British - England and Wales ethnic category 2011 census,,,,,,,,,,,,,,,,,,,,,,,Constipation symptom,38666,Dry mouth,38786,,,,,Dizziness symptom,38376,,,,,Overactive bladder,46191,Overactive bladder,46191,,,,,,,,,,,Recurrent urinary tract infection,45657,,,,,,,,,Seen in urology clinic,45684,,,Seen in gynaecology clinic,46191,,,Ischaemic heart disease,45175,,,,,,,Ischaemic heart disease,45175,,,DEPRESSION,36027,,,,,,,,,,,Urge incontinence of urine,45828,FREQUENCY MICTURITION,35916,,,,,,,Cystitis,36619,ECG,40505,,,,,,,,,,,,Vibegron 75mg tablets,46269,,,,,,,,,,,,,,Furosemide 20mg tablets,46269,,,,,Solifenacin 5mg tablets,41317,,,,,,,,,,,,,,Codeine 30mg tablets,46269,,,,,,,60,46150,151,46150,26.31,46150,136,76,45936,63,46041,38,45937,Serum ALT level,17,46098,Serum alkaline phosphatase,87,46098,,,,10,46098,76,46041,4.2,45937,138,46041,5.6,46041,45,46098,,,Occasional drinker,,46209,Constipation symptom (10/11/2005),,Dry mouth (10/03/2006),Dizziness symptom (24/01/2005),,,3,"Codeine 30mg tablets
Furosemide 20mg tablets
Isosorbide mononitrate 60mg modified-release tablets",0,,0,,,,,,,,Recurrent urinary tract infection (31/12/2024),0,0,Seen in urology clinic (27/01/2025),,Seen in gynaecology clinic (18/06/2026),,0,0,0,,,,,,,Cystitis (03/04/2000),,,,Ischaemic heart disease (06/09/2023),,,,Ischaemic heart disease (06/09/2023),,,,Furosemide 20mg tablets (04/09/2026),,DEPRESSION (20/08/1998),,,Urge incontinence of urine (20/06/2025),,FREQUENCY MICTURITION (01/05/1998),,,(Solifenacin 5mg tablets (12/02/2013)),"Vibegron 75mg tablets (04/09/2026)
()","Constipation symptom (10/11/2005)
Dry mouth (10/03/2006)
Dizziness symptom (24/01/2005)",Occasional drinker -  (06/07/2026),0,1,1,2,46269,Overactive bladder (18/06/2026),Overactive bladder (18/06/2026),Y,Overactive Bladder,,,Y,Solifenacin 5mg tablets (12/02/2013),Y,Vibegron 75mg tablets (04/09/2026),,,Y,,,3,"Codeine 30mg tablets
Furosemide 20mg tablets
Isosorbide mononitrate 60mg modified-release tablets",Y,"Constipation symptom (10/11/2005)
Dry mouth (10/03/2006)
Dizziness symptom (24/01/2005)",,,,,2 - Patients with OAB currently receiving beta-3 agonist therapy only,,Action: facilitate overactive bladder management review,Action - invite to pharmacist led clinic,Y,Letter,46274,,,,,,,,,,60,151,26.31,Overweight (25-29.9),,,,,,,,Y,0,0,Y,,Y,,Y,,,,,,,Y,,,,Y,,,,Y,,ECG,40505,,,Y,Y,,Y,Y,,,,Y,,,,,Y,,Y,,,,Past,Current,,,136/76,45936,63,46041,138,46041,4.2,45937,5.6,46041,76,46041,17,46098,,,87,46098,10,46098,45,46098,38,45937,,,,,,,,3,"Codeine 30mg tablets
Furosemide 20mg tablets
Isosorbide mononitrate 60mg modified-release tablets",,,,,,,,,,,,,,,,,,,,,,,,,,,,,,,,,,,,,,,,,,,,,,,,,,,,,,,,,,,,,0,1,1,1,1,0,0,0,0,0,0
101,0,0,11603,61,Male,Other ethnic group: any other ethnic group - England and Wales ethnic category 2011 census,,,,,,,,,,,,,,,,,,,,,,,,,,,,,,,,,,,,,,,,,,,,,,,,,,,,,,,,,Prostatism,38847,,,Seen in urology clinic,45709,,,,,,,,,Essential hypertension,44137,,,,,,,,,[X]Depression NOS,40560,,,,,,,,,,,Urge incontinence of urine,45817,,,,,,,,,,,Electrocardiographic monitoring,44103,,,,,,,,,Solifenacin 10mg tablets,46264,,,,,,,,Tamsulosin 400microgram modified-release capsules,46223,,,,,,,,,,,,,,Solifenacin 5mg tablets,42086,,,,,,,,,,,,,,,,,,,,Solifenacin 10mg tablets,46264,,,,,,,143,87,44376,73,45604,33,45604,Serum ALT level,35,45604,Serum alkaline phosphatase,92,45604,,,,31,45604,92,45604,4.6,45604,141,45604,5.4,45604,42,45604,1.2,45390,,,,,,,,,,0,,0,,1,Solifenacin 10mg tablets,,,,,,,,0,0,Seen in urology clinic (21/02/2025),,,,0,0,0,,,,Prostatism (10/05/2006),,,,,,,,,,,,Essential hypertension (02/11/2020),,,,,[X]Depression NOS (17/01/2011),,,Urge incontinence of urine (09/06/2025),,,Tamsulosin 400microgram modified-release capsules (20/07/2026),,"Solifenacin 10mg tablets (30/08/2026)
(Solifenacin 5mg tablets (23/03/2015))",,Essential hypertension (02/11/2020),,1,0,1,1,46269,,,Y,Overactive Bladder,Y,Solifenacin 10mg tablets (30/08/2026),Y,Solifenacin 5mg tablets (23/03/2015),,,,,,,Y,3,Solifenacin 10mg tablets,Y,Essential hypertension (02/11/2020),,,,,1 - Patients with OAB currently receiving antimuscarinic therapy only,,Action: facilitate overactive bladder management review,Action - invite to pharmacist led clinic,Y,Letter,46274,,,,,,,,,,,,,,,,,,,,,,0,0,Y,,,,Y,,,,Y,,,,,,,,,,,,Y,Electrocardiographic monitoring,44103,,,,,,,,,,,Y,,,1.2,45390,Y,,,,Y,,Current,,,,143/87,44376,73,45604,141,45604,4.6,45604,5.4,45604,92,45604,35,45604,,,92,45604,31,45604,42,45604,33,45604,,,,,,,,3,Solifenacin 10mg tablets,,,,,,,,,,,,,,,,,,,,,,,,,,,,,,,,,,,,,,,,,,,,,,,,,,,,,,,,,,,,,0,1,1,1,1,0,0,0,0,0,1
102,0,0,11648,77,Male,White British - ethnic category 2001 census,,,,,,,,,Blood in urine,45945,,,,,,,,,,,,,Constipation,45085,,,,,,,,,,,,,Overactive bladder,46091,Overactive bladder,46091,,,,,,,,,,,,,,,,,Prostatism,44846,Malignant tumour of kidney,44141,Seen in urology clinic,46079,Total nephrectomy,44939,,,Type 2 diabetes mellitus,46010,,,Hypertension,46010,,,,,,,,,,,,,,,,,,,,,,,Increased frequency of urination,45056,,,,,,,,,ECG done,44895,,,,,,,,,,,,,,,Finasteride 5mg tablets,46247,Prostatism,,,,,,,,,,,,,,,,Oxybutynin 2.5mg tablets,44258,Patient review,,,,,,,,,,,,,Atenolol 50mg tablets,46247,,,,,,,100,46010,181,46010,30.52,46010,127,80,46091,36,46184,38,46184,Serum ALT level,11,45978,Serum alkaline phosphatase,123,45978,,,,7,45978,163,46184,5.2,46184,142,46184,10.7,46184,42,45978,0.5,45915,Alcohol units consumed per week,0,45994,Constipation (08/06/2023),,,,,,1,Atenolol 50mg tablets,0,,0,,,Malignant tumour of kidney (06/11/2020),,,,Blood in urine (15/10/2025),,1,3,Seen in urology clinic (26/02/2026),Total nephrectomy (13/01/2023),,,0,0,0,,,,Prostatism (12/10/2022),,,,Type 2 diabetes mellitus (19/12/2025),,Malignant tumour of kidney (06/11/2020),,,,,,Hypertension (19/12/2025),,,,,,,,,,Increased frequency of urination (10/05/2023),,Finasteride 5mg tablets (13/08/2026),(Oxybutynin 2.5mg tablets (03/03/2021)),,"Constipation (08/06/2023)
Hypertension (19/12/2025)",Alcohol units consumed per week - 0 (03/12/2025),0,0,1,4,46269,Overactive bladder (10/03/2026),Overactive bladder (10/03/2026),Y,Overactive Bladder,,,Y,Oxybutynin 2.5mg tablets (03/03/2021),,,,,Y,,,1,Atenolol 50mg tablets,Y,"Constipation (08/06/2023)
Hypertension (19/12/2025)",,,,,"4 - Patients with OAB symptoms who are not currently receiving active treatment, have evidence of previous treatment failure, and who may benefit from management optimisation and/or initiation of pharmacological therapy",,Action: facilitate overactive bladder management review,Action - invite to pharmacist led clinic,Y,Letter,46274,,,,,,,,,,100,181,30.52,Obesity I (30-34.9),,,Y,,,,Y,,1,3,Y,Y,,,Y,,,,Y,,,,Y,,Y,,,,,,Y,ECG done,44895,,,,Y,,,,,,,,,,0.5,45915,,,Y,,,Y,Past,,,,127/80,46091,36,46184,142,46184,5.2,46184,10.7,46184,163,46184,11,45978,,,123,45978,7,45978,42,45978,38,46184,,,,,,,,1,Atenolol 50mg tablets,,,,,,,,,,,,,,,,,,,,,,,,,,,,,,,,,,,,,,,,,,,,,,,,,,,,,,,,,,,,,0,1,1,1,1,0,0,0,0,0,1
103,0,0,11942,55,Female,White: English or Welsh or Scottish or Northern Irish or British - England and Wales ethnic category 2011 census,,,,,,,,,Haematuria,43445,,,,,Neurogenic dysfunction of urinary bladder,45525,,,,,,,Constipation,36718,,,,,,,DIZZINESS,34002,,,,,,,,,,,,,,,,,Antenatal care,36689,,,,,,,,,,,Seen in urology clinic,43482,,,Seen in gynaecology clinic,40602,,,,,,,,,,,,,,,DEPRESSION,35843,,,,,Anxiousness - symptom,37907,,,,,Urge incontinence of urine,41309,Increased frequency of urination,46059,,,,,,,Cystitis,39526,ECG,45236,,,,,,,,,Solifenacin 5mg tablets,46259,,,,,,,,,,,,,,,,,,,,,,,Solifenacin 5mg tablets,45525,,,,,,,,,,,,,,,,,,,,Solifenacin 5mg tablets,46259,69.7,45808,155,45808,29.01,45808,116,89,46192,88,46169,36,46077,Serum ALT level,16,46169,Serum alkaline phosphatase,56,46169,,,,13,46169,61,46169,4.2,46169,140,46169,4,46169,48,46169,,,,,,Constipation (11/07/2000),,,DIZZINESS (02/02/1993),,,0,,0,,1,Solifenacin 5mg tablets,,,,,,Haematuria (11/12/2018),,0,0,Seen in urology clinic (17/01/2019),,Seen in gynaecology clinic (28/02/2011),Antenatal care (12/06/2000),0,0,0,,,,,,,Cystitis (19/03/2008),,,,,,,,,,,,,Anxiousness - symptom (13/10/2003),DEPRESSION (17/02/1998),,,Urge incontinence of urine (04/02/2013),,Increased frequency of urination (06/02/2026),,,"Solifenacin 5mg tablets (25/08/2026)
(Solifenacin 5mg tablets (21/08/2024))",,"Constipation (11/07/2000)
DIZZINESS (02/02/1993)",,1,0,1,1,46269,,,Y,Overactive Bladder,Y,Solifenacin 5mg tablets (25/08/2026),Y,Solifenacin 5mg tablets (21/08/2024),,,,,,,Y,3,Solifenacin 5mg tablets,Y,"Constipation (11/07/2000)
DIZZINESS (02/02/1993)",,,,,1 - Patients with OAB currently receiving antimuscarinic therapy only,,Action: facilitate overactive bladder management review,Action - invite to pharmacist led clinic,Y,Letter,46274,,,,,,,,,,69.7,155,29.01,Overweight (25-29.9),,,,,,,Y,,0,0,Y,,Y,Y,Y,,,,,,,Y,,,,,,,,,,ECG,45236,,,,Y,,,Y,,,Y,Y,,,,,Y,,Y,,,,Current,,,,116/89,46192,88,46169,140,46169,4.2,46169,4,46169,61,46169,16,46169,,,56,46169,13,46169,48,46169,36,46077,,,,,,,,3,Solifenacin 5mg tablets,,,,,,,,,,,,,,,,,,,,,,,,,,,,,,,,,,,,,,,,,,,,,,,,,,,,,,,,,,,,,0,1,1,1,1,0,0,0,0,0,0
104,0,0,12163,81,Female,White: English or Welsh or Scottish or Northern Irish or British - England and Wales ethnic category 2011 census,,,,,,,,,MSG:Haematuria,40864,,,,,,,,,,,Primary open-angle glaucoma,45107,CONSTIPATION,33816,,,,,,,,,,,,,Overactive bladder,45181,Overactive bladder,45181,,,,,,,,,,,Recurrent urinary tract infection,45181,,,,,,,,,Seen in urology clinic,45400,,,SEEN IN GYNAECOLOGY CLINIC,34272,,,,,Essential hypertension,45694,,,,,,,,,,,,,,,,,Falls,46240,,,,,Urinary frequency,39031,,,,,,,Acute cystitis,42514,,,,,,,,,,,Solifenacin 10mg tablets,46232,Irritable bladder,,,,,,,,,,,,,,,,,,,,,,Oxybutynin 5mg modified-release tablets,39031,,,,,,,,,,,,,,Co-codamol 30mg/500mg capsules,46232,,,,,Solifenacin 10mg tablets,46232,74,45260,168,45260,26.22,45260,134,64,45947,71,46132,38,46132,Serum ALT level,11,46132,Serum alkaline phosphatase,90,46132,,,,8,46132,69,46132,4,46132,137,46132,6.7,46132,44,46132,,,Alcohol consumption,0,45260,CONSTIPATION (31/07/1992),Primary open-angle glaucoma (30/06/2023),,,,,2,"Co-codamol 30mg/500mg capsules
Hydrocortisone 10mg tablets",0,,1,Solifenacin 10mg tablets,,,,,,MSG:Haematuria (17/11/2011),Recurrent urinary tract infection (12/09/2023),0,0,Seen in urology clinic (18/04/2024),,SEEN IN GYNAECOLOGY CLINIC (30/10/1993),,0,0,0,,,,,,,Acute cystitis (24/05/2016),,,,,,,,,Essential hypertension (06/02/2025),,,,,,,Falls (06/08/2026),,,Urinary frequency (10/11/2006),,,"Solifenacin 10mg tablets (29/07/2026)
(Oxybutynin 5mg modified-release tablets (10/11/2006))",,"CONSTIPATION (31/07/1992)
Primary open-angle glaucoma (30/06/2023)
Essential hypertension (06/02/2025)",Alcohol consumption - 0 (30/11/2023),1,0,1,1,46269,Overactive bladder (12/09/2023),Overactive bladder (12/09/2023),Y,Overactive Bladder,Y,Solifenacin 10mg tablets (29/07/2026),Y,Oxybutynin 5mg modified-release tablets (10/11/2006),,,,,Y,,Y,5,"Co-codamol 30mg/500mg capsules
Hydrocortisone 10mg tablets
Solifenacin 10mg tablets",Y,"CONSTIPATION (31/07/1992)
Primary open-angle glaucoma (30/06/2023)
Essential hypertension (06/02/2025)",,,,,1 - Patients with OAB currently receiving antimuscarinic therapy only,,Action: facilitate overactive bladder management review,Action - invite to pharmacist led clinic,Y,Letter,46274,,,,,,,,,,74,168,26.22,Overweight (25-29.9),,,,,,,Y,Y,0,0,Y,,Y,,Y,,,,,,,Y,,,,,,,,,Y,,,,,,Y,Y,,,,,,,,Y,,,,,Y,,,,Current,,,,134/64,45947,71,46132,137,46132,4,46132,6.7,46132,69,46132,11,46132,,,90,46132,8,46132,44,46132,38,46132,,,,,,,,5,"Co-codamol 30mg/500mg capsules
Hydrocortisone 10mg tablets
Solifenacin 10mg tablets",,,,,,,,,,,,,,,,,,,,,,,,,,,,,,,,,,,,,,,,,,,,,,,,,,,,,,,,,,,,,0,1,1,1,1,0,0,0,0,0,0
105,0,0,12312,80,Male,White: English or Welsh or Scottish or Northern Irish or British - England and Wales ethnic category 2011 census,,,,,,,,,Haematuria,43515,,,,,,,,,URINARY RETENTION,36241,,,,,,,,,,,,,,,,,,,,,,,,,,,,,,,,,,,,,Malignant tumour of prostate,45706,Malignant tumour of prostate,45706,Seen in urology clinic,46244,Transurethral prostatectomy,37505,,,Type 2 diabetes mellitus,45968,Left heart failure,45968,,,,,,,,,Left heart failure,45968,,,,,,,,,,,,,Urgency of micturition,40017,FREQUENCY MICTURITION,35741,,,Allergy : Fesoterodine 4mg modified-release tablets,41676,Adverse reaction to Mirabegron,43950,,,ECG,43108,ECG: left bundle branch block,45848,,,,,,,,,,Mirabegron 25mg modified-release tablets,46133,[RFC] TURP & other prostectomies,,,,,,,,,,,,,,,,,,,Fesoterodine 4mg modified-release tablets,40017,,Mirabegron 25mg modified-release tablets,,Detrusor instability,Alfuzosin 2.5mg tablets,43420,BPH - Benign prostatic hypertrophy,Dutasteride 500microgram capsules,43895,,,,,Loperamide 2mg capsules,46252,,,,,,,76.2,45968,162,45968,29.04,45968,112,68,45968,90,46251,47,46160,Serum ALT level,22,46251,Serum alkaline phosphatase,74,46251,,,,14,46251,70,46251,4.5,46251,136,46251,5.2,46251,43,46251,1.3,46244,Alcohol units consumed per week,0,45939,,,,,,,1,Loperamide 2mg capsules,0,,0,,,"URINARY RETENTION (22/03/1999)
Malignant tumour of prostate (18/02/2025)",,,,Haematuria (19/02/2019),,0,0,Seen in urology clinic (10/08/2026),Transurethral prostatectomy (06/09/2002),,,0,0,0,,,,Malignant tumour of prostate (18/02/2025),,,,Type 2 diabetes mellitus (07/11/2025),,Malignant tumour of prostate (18/02/2025),Left heart failure (07/11/2025),,,Left heart failure (07/11/2025),,,ECG: left bundle branch block (10/07/2025),,,,,,,Urgency of micturition (23/07/2009),,FREQUENCY MICTURITION (07/11/1997),,,(Fesoterodine 4mg modified-release tablets (23/07/2009)),"Mirabegron 25mg modified-release tablets (21/04/2026)
()",ECG: left bundle branch block (10/07/2025),Alcohol units consumed per week - 0 (09/10/2025),0,1,1,2,46269,,,Y,Overactive Bladder,,,Y,Fesoterodine 4mg modified-release tablets (23/07/2009),Y,Mirabegron 25mg modified-release tablets (21/04/2026),,,Y,,,1,Loperamide 2mg capsules,Y,ECG: left bundle branch block (10/07/2025),Y,Allergy : Fesoterodine 4mg modified-release tablets (06/02/2014),Y,Adverse reaction to Mirabegron (29/04/2020),2 - Patients with OAB currently receiving beta-3 agonist therapy only,,Action: facilitate overactive bladder management review,Action - invite to pharmacist led clinic,Y,Letter,46274,,,,,,,,,,76.2,162,29.04,Overweight (25-29.9),,,Y,,,,Y,,0,0,Y,Y,,,Y,,,,Y,,,,Y,,Y,Y,,,Y,,,ECG,43108,Y,,,,,,,,,,,,,1.3,46244,Y,,Y,,,,Past,Current,,,112/68,45968,90,46251,136,46251,4.5,46251,5.2,46251,70,46251,22,46251,,,74,46251,14,46251,43,46251,47,46160,,,,,,,,1,Loperamide 2mg capsules,Allergy : Fesoterodine 4mg modified-release tablets (06/02/2014),Adverse reaction to Mirabegron (29/04/2020),,,,,,,,,,,,,,,,,,,,,,,,,,,,,,,,,,,,,,,,,,,,,,,,,,,,,,,,,,,0,1,1,1,1,0,0,0,0,0,0
106,0,0,12536,71,Male,White: English or Welsh or Scottish or Northern Irish or British - England and Wales ethnic category 2011 census,,,,,,,On gold standards palliative care framework,45902,,,,,,,,,,,,,Primary open-angle glaucoma,46148,,,,,,,,,,,,,,,Overactive bladder,45334,Overactive bladder,45343,,,,,,,,,,,,,,,Parkinson's disease,46195,Prostatitis and other inflammatory diseases of prostate,42334,,,Seen in urology clinic,45334,,,,,,,,,,,,,,,,,,,,,,,,,,,,,,,Urgency of micturition,42402,,,,,,,,,,,Electrocardiographic procedure,44382,,,,,,,,,Fesoterodine 4mg modified-release tablets,46248,,,,,,,,,,,,,,,,,,,,,,,Fesoterodine 8mg modified-release tablets,42453,Irritable bladder,,,,,,,,,,,,,Morphine 5mg modified-release tablets,46259,,,,,Fesoterodine 4mg modified-release tablets,46248,65.77,46251,168,46219,22.32,46219,130,84,46195,50,46251,40,46204,Serum ALT level,17,46204,Serum alkaline phosphatase,83,46204,,,,12,46204,124,46251,4.2,46251,139,46251,16.5,46251,42,46204,4.3,46204,Alcohol units consumed per week,10,46041,,Primary open-angle glaucoma (06/05/2026),,,,,2,"Morphine 5mg modified-release tablets
Prednisolone 1mg tablets",0,,1,Fesoterodine 4mg modified-release tablets,,,,,,,,1,1,Seen in urology clinic (12/02/2024),,,,0,0,0,,,Parkinson's disease (22/06/2026),Prostatitis and other inflammatory diseases of prostate (26/11/2015),,,,,,,,,,,,,,,,,,,,Urgency of micturition (02/02/2016),,,,,"Fesoterodine 4mg modified-release tablets (14/08/2026)
(Fesoterodine 8mg modified-release tablets (24/03/2016))",,Primary open-angle glaucoma (06/05/2026),Alcohol units consumed per week - 10 (19/01/2026),1,0,1,1,46269,Overactive bladder (12/02/2024),Overactive bladder (21/02/2024),Y,Overactive Bladder,Y,Fesoterodine 4mg modified-release tablets (14/08/2026),Y,Fesoterodine 8mg modified-release tablets (24/03/2016),,,,,Y,,Y,5,"Morphine 5mg modified-release tablets
Prednisolone 1mg tablets
Fesoterodine 4mg modified-release tablets",Y,Primary open-angle glaucoma (06/05/2026),,,,,1 - Patients with OAB currently receiving antimuscarinic therapy only,,Action: facilitate overactive bladder management review,Action - invite to pharmacist led clinic,Y,Letter,46274,,,,,,,,,,65.77,168,22.32,Healthy weight (18.5-24.9),,,,,,,,,1,1,Y,,,,Y,,,Y,Y,,,,,,,,,,,,,Electrocardiographic procedure,44382,,,,,Y,,,,,,,,,4.3,46204,Y,,,,,,Current,,,,130/84,46195,50,46251,139,46251,4.2,46251,16.5,46251,124,46251,17,46204,,,83,46204,12,46204,42,46204,40,46204,,,,,,,,5,"Morphine 5mg modified-release tablets
Prednisolone 1mg tablets
Fesoterodine 4mg modified-release tablets",,,,,,,,,,,,,,,,,,,,,,,,,,,,,,,,,,,,,,,,,,,,,,,,,,,,,,,,,,,,,0,1,1,1,1,0,0,0,0,0,0
107,0,0,12608,44,Female,White British - ethnic category 2001 census,,,,,,,,,,,,,,,,,,,,,,,Constipation,44613,,,,,,,DIZZINESS,33932,,,,,,,,,,,,,,,,,Patient pregnant,39835,,,,,,,,,,,,,,,Seen in gynaecology clinic,44883,,,,,Essential hypertension,43595,,,,,,,,,[X]Depression NOS,42648,,,,,,,,,,,,,,,,,,,,,,,ECG,43357,,,,,,,,,,,,,,,,,,,,,Duloxetine 20mg gastro-resistant capsules,46255,,,,,,,,,,,,,,,,,,,,,,,,,,,,,,Amitriptyline 50mg tablets,46237,,,55.8,46203,162,46203,21.26,46203,120,70,46203,85,46150,32,46061,Serum ALT level,64,46150,Serum alkaline phosphatase,86,46150,,,,4,46150,66,46150,4.2,46150,138,46150,5.4,46150,43,46150,,,Alcohol units consumed per week,4,45889,Constipation (21/02/2022),,,DIZZINESS (24/11/1992),,,0,,0,,1,Amitriptyline 50mg tablets,,,,,,,,2,2,,,Seen in gynaecology clinic (18/11/2022),Patient pregnant (22/01/2009),0,0,0,,,,,,,,,,,,,,,,Essential hypertension (10/05/2019),,,,,[X]Depression NOS (05/10/2016),,,,,,,,,,"Constipation (21/02/2022)
DIZZINESS (24/11/1992)
Essential hypertension (10/05/2019)",Alcohol units consumed per week - 4 (20/08/2025),0,0,0,0,46269,,,Y,Overactive Bladder,,,,,,,,,,,Y,3,Amitriptyline 50mg tablets,Y,"Constipation (21/02/2022)
DIZZINESS (24/11/1992)
Essential hypertension (10/05/2019)",,,,,X - Not meeting cohort criteria,,No action: not meeting review criteria,No Action,N,,,,,,,,,,,,55.8,162,21.26,Healthy weight (18.5-24.9),,,,,,,,,2,2,,,Y,Y,Y,,,,,,,,,,,,,,,,Y,ECG,43357,,,,Y,,,Y,,,,Y,,,,,,,,,,,,,,,120/70,46203,85,46150,138,46150,4.2,46150,5.4,46150,66,46150,64,46150,,,86,46150,4,46150,43,46150,32,46061,,,,,,,,3,Amitriptyline 50mg tablets,,,,,,,,,,,,,,,,,,,,,,,,,,,,,,,,,,,,,,,,,,,,,,,,,,,,,,,,,,,,,0,0,0,0,0,0,0,0,0,0,1
108,0,0,13172,78,Female,White British - ethnic category 2001 census,,,,,,,,,MSG:Haematuria,42241,,,Cervical spondylosis with myelopathy,41823,,,,,,,,,Constipation symptom,40809,,,,,,,,,,,,,,,,,,,,,,,,,,,,,,,,,,,,,Seen in urology clinic,40653,,,Seen in gynaecology clinic,39954,,,Ischaemic heart disease,45986,Essential hypertension,45986,,,,,Ischaemic heart disease,45986,,,,,,,,,Anxiousness,42775,,,,,,,,,,,Adverse Effect : Detrusitol xl 4mg Capsule (Pharmacia Ltd),38412,,,Cystitis,40302,ECG,42139,,,,,,,,,Vesicare 5mg tablets (Astellas Pharma Ltd),46021,Frequency of micturition,,,,,,,,,,,,,,,,,,,,,,Oxybutynin 2.5mg tablets,38412,,,,,,,,,,,,,,Co-codamol 30mg/500mg capsules,46261,,,,,,,65,45986,149,45986,29.28,45986,139,70,45986,63,45897,35,45897,Serum ALT level,19,45897,Serum alkaline phosphatase,122,45897,,,,11,45897,77,45897,4.3,45897,139,45897,3.6,45897,47,45897,,,Alcohol units consumed per week,0,45944,Constipation symptom (23/09/2011),,,,,,2,"Co-codamol 30mg/500mg capsules
Isosorbide mononitrate 60mg modified-release capsules",0,,0,,,,,,,MSG:Haematuria (25/08/2015),,0,0,Seen in urology clinic (20/04/2011),,Seen in gynaecology clinic (21/05/2009),,0,0,0,,,,,,,Cystitis (04/05/2010),,,,Ischaemic heart disease (25/11/2025),,,,Ischaemic heart disease (25/11/2025),Essential hypertension (25/11/2025),,,,Anxiousness (09/02/2017),,,,,,,,,"Vesicare 5mg tablets (Astellas Pharma Ltd) (30/12/2025)
(Oxybutynin 2.5mg tablets (01/03/2005))",,"Constipation symptom (23/09/2011)
Essential hypertension (25/11/2025)",Alcohol units consumed per week - 0 (14/10/2025),1,0,1,1,46269,,,Y,Overactive Bladder,Y,Vesicare 5mg tablets (Astellas Pharma Ltd) (30/12/2025),Y,Oxybutynin 2.5mg tablets (01/03/2005),,,,,Y,,,2,"Co-codamol 30mg/500mg capsules
Isosorbide mononitrate 60mg modified-release capsules",Y,"Constipation symptom (23/09/2011)
Essential hypertension (25/11/2025)",Y,Adverse Effect : Detrusitol xl 4mg Capsule (Pharmacia Ltd) (01/03/2005),,,1 - Patients with OAB currently receiving antimuscarinic therapy only,,Action: facilitate overactive bladder management review,Action - invite to pharmacist led clinic,Y,Letter,46274,,,,,,,,,,65,149,29.28,Overweight (25-29.9),,,,,,,Y,,0,0,Y,,Y,,Y,,,,,,,Y,,,,Y,,,,Y,Y,ECG,42139,,,,Y,,,,,,Y,,,,,,,,,,,,Current,,,,139/70,45986,63,45897,139,45897,4.3,45897,3.6,45897,77,45897,19,45897,,,122,45897,11,45897,47,45897,35,45897,,,,,,,,2,"Co-codamol 30mg/500mg capsules
Isosorbide mononitrate 60mg modified-release capsules",Adverse Effect : Detrusitol xl 4mg Capsule (Pharmacia Ltd) (01/03/2005),,,,,,,,,,,,,,,,,,,,,,,,,,,,,,,,,,,,,,,,,,,,,,,,,,,,,,,,,,,,0,1,1,1,1,0,0,0,0,0,0
109,0,0,13243,83,Male,White British - ethnic category 2001 census,,,,,,,,,,,,,,,,,,,,,,,Constipation,45786,,,,,,,,,,,,,,,,,,,,,,,,,,,,,,,,,Prostatism,45429,,,Seen in urology clinic,45701,,,,,Type 2 diabetes mellitus,45972,,,Hypertension,45972,,,,,,,,,,,,,,,,,,,,,,,,,,,,,,,,,ECG,39349,,,,,,,,,,,,Mirabegron 50mg modified-release tablets,46252,,Finasteride 5mg tablets,46252,Nocturia,Tamsulosin 400microgram modified-release capsules,46252,Prostatism,,,,Dapagliflozin 10mg tablets,46252,Type 2 diabetes mellitus,,,,,,,,,,,,,,,,,,,,,,Co-codamol 8mg/500mg capsules,46221,,,,,,,90,45972,168,45972,31.9,45972,134,80,45972,63,46227,53,45947,Serum ALT level,10,45947,Serum alkaline phosphatase,98,45947,,,,9,45947,99,46227,4,46227,139,46227,6.7,46227,43,45947,0.75,45841,Alcohol units consumed per week,0,45758,Constipation (09/05/2025),,,,,,1,Co-codamol 8mg/500mg capsules,0,,0,,,,,,,,,0,0,Seen in urology clinic (13/02/2025),,,,0,0,0,,,,Prostatism (17/05/2024),,,,Type 2 diabetes mellitus (11/11/2025),,,,,,,,Hypertension (11/11/2025),,Dapagliflozin 10mg tablets (18/08/2026),,,,,,,,,Tamsulosin 400microgram modified-release capsules (18/08/2026),Finasteride 5mg tablets (18/08/2026),,"Mirabegron 50mg modified-release tablets (18/08/2026)
()","Constipation (09/05/2025)
Hypertension (11/11/2025)",Alcohol units consumed per week - 0 (11/04/2025),0,1,0,2,46269,,,Y,Overactive Bladder,,,,,Y,Mirabegron 50mg modified-release tablets (18/08/2026),,,Y,,,1,Co-codamol 8mg/500mg capsules,Y,"Constipation (09/05/2025)
Hypertension (11/11/2025)",,,,,2 - Patients with OAB currently receiving beta-3 agonist therapy only,,Action: facilitate overactive bladder management review,Action - invite to pharmacist led clinic,Y,Letter,46274,,,,,,,,,,90,168,31.9,Obesity I (30-34.9),,,,,,,,,0,0,Y,,,,Y,,,,Y,,,,Y,,,,,,,,Y,ECG,39349,,Y,,Y,,,,,,,,,,0.75,45841,,,,,Y,Y,,Current,,,134/80,45972,63,46227,139,46227,4,46227,6.7,46227,99,46227,10,45947,,,98,45947,9,45947,43,45947,53,45947,,,,,,,,1,Co-codamol 8mg/500mg capsules,,,,,,,,,,,,,,,,,,,,,,,,,,,,,,,,,,,,,,,,,,,,,,,,,,,,,,,,,,,,,0,1,1,1,1,0,0,0,0,0,1
110,0,0,13251,72,Female,White British - ethnic category 2001 census,,,,,,,,,,,,,,,,,,,,,,,Constipation,46247,,,,,Palpitations,42191,Dizziness symptom,41922,,,URINARY INCONTINENCE,35766,,,,,,,,,,,,,,,Recurrent urinary tract infection,42710,,,,,,,,,,,,,Seen in gynaecology clinic,43564,,,,,Hypertensive disease,42347,,,,,,,,,Mixed anxiety and depressive disorder,46064,,,,,Anxiousness - symptom,39282,,,,,,,,,SWEATING NIGHT,35489,,,,,,,12 lead ECG,45296,,,,,,,,,Solifenacin 5mg tablets,46156,Urinary symptoms,,,,,,,,,,Duloxetine 60mg gastro-resistant capsules,46258,,,,,,,,Prosys all silicone catheter male 12Ch PCF12M10 10ml balloon (Clinisupplies Ltd),46267,,Flavoxate 200mg tablets,35465,,,,,,,,,,,Duloxetine 30mg gastro-resistant capsules,44109,,Aripiprazole 10mg tablets,46156,,,,,Solifenacin 5mg tablets,46156,56.9,46220,159,46105,22.2,46220,142,78,46245,90,46224,41,45932,Serum ALT level,23,46224,Serum alkaline phosphatase,91,46224,,,,5,46224,47,46237,4.4,46237,136,46237,4.5,46237,37,46224,,,Alcohol units consumed per week,0,46099,Constipation (13/08/2026),,,Dizziness symptom (10/10/2014),Palpitations (06/07/2015),,2,"Aripiprazole 10mg tablets
Morphine sulfate 10mg/5ml oral solution",0,,1,Solifenacin 5mg tablets,,,,,,,Recurrent urinary tract infection (06/12/2016),1,1,,,Seen in gynaecology clinic (09/04/2019),,0,1,1,,,,,SWEATING NIGHT (28/02/1997),,,,,,,,,,,Hypertensive disease (09/12/2015),,,,Anxiousness - symptom (19/07/2007),Mixed anxiety and depressive disorder (11/02/2026),,,,URINARY INCONTINENCE (02/12/1997),,,,"Solifenacin 5mg tablets (14/05/2026)
(Flavoxate 200mg tablets (04/02/1997))",,"Constipation (13/08/2026)
Dizziness symptom (10/10/2014)
Palpitations (06/07/2015)
Hypertensive disease (09/12/2015)",Alcohol units consumed per week - 0 (18/03/2026),1,0,1,1,46269,,,Y,Overactive Bladder,Y,Solifenacin 5mg tablets (14/05/2026),Y,Flavoxate 200mg tablets (04/02/1997),,,,,Y,,Y,5,"Aripiprazole 10mg tablets
Morphine sulfate 10mg/5ml oral solution
Solifenacin 5mg tablets",Y,"Constipation (13/08/2026)
Dizziness symptom (10/10/2014)
Palpitations (06/07/2015)
Hypertensive disease (09/12/2015)",,,,,1 - Patients with OAB currently receiving antimuscarinic therapy only,,Action: facilitate overactive bladder management review,Action - invite to pharmacist led clinic,Y,Letter,46274,,,,,,,,,,56.9,159,22.2,Healthy weight (18.5-24.9),,,,,,,,Y,1,1,,,Y,,Y,,,,,Y,,,,,,,,,,,Y,12 lead ECG,45296,,,,Y,,,Y,Y,,Y,Y,,,,,,Y,,,,,Current,,,,142/78,46245,90,46224,136,46237,4.4,46237,4.5,46237,47,46237,23,46224,,,91,46224,5,46224,37,46224,41,45932,,,,,,,,5,"Aripiprazole 10mg tablets
Morphine sulfate 10mg/5ml oral solution
Solifenacin 5mg tablets",,,,,,,,,,,,,,,,,,,,,,,,,,,,,,,,,,,,,,,,,,,,,,,,,,,,,,,,,,,,,0,1,1,1,1,0,0,0,0,0,1
111,0,0,13447,59,Male,White British - ethnic category 2001 census,,,,,,,,,HAEMATURIA,35293,,,,,,,,,,,,,,,,,,,PALPITATIONS,35909,,,,,,,Overactive bladder,46114,Overactive bladder,46114,,,,,,,,,,,,,,,,,,,,,Seen in urology clinic,45708,,,,,,,,,Hypertensive disease,37215,,,,,,,,,,,,,,,,,,,,,,,,,,,,,,,,,,,,,,,,,,,,,,,,,,,,,,,,,,,,,,,,,,,Solifenacin 5mg tablets,46114,,,,,,,,,,,,,,,,,,,,,,98,45621,172.5,45621,32.9,45621,138,95,46146,70,46108,36,46108,Serum ALT level,35,45677,Serum alkaline phosphatase,56,45677,,,,6,45677,96,46108,4.3,45677,140,46108,7.5,46108,47,45677,0.64,46108,Alcohol units consumed per week,10,45029,,,,,PALPITATIONS (24/04/1998),,0,,0,,0,,,,,,,HAEMATURIA (16/08/1996),,0,0,Seen in urology clinic (20/02/2025),,,,0,0,0,,,,,,,,,,,,,,,,Hypertensive disease (20/11/2001),,,,,,,,,,,,,(Solifenacin 5mg tablets (02/04/2026)),,"PALPITATIONS (24/04/1998)
Hypertensive disease (20/11/2001)",Alcohol units consumed per week - 10 (13/04/2023),0,0,1,0,46269,Overactive bladder (02/04/2026),Overactive bladder (02/04/2026),Y,Overactive Bladder,,,Y,Solifenacin 5mg tablets (02/04/2026),,,,,,,,0,,Y,"PALPITATIONS (24/04/1998)
Hypertensive disease (20/11/2001)",,,,,X - Not meeting cohort criteria,,No action: not meeting review criteria,No Action,N,,,,,,,,,,,,98,172.5,32.9,Obesity I (30-34.9),,,,,,,Y,,0,0,Y,,,,Y,,,,,,,,,,,,,,,,Y,,,,,,,,,,Y,,,,,,0.64,46108,,,,,,,Past,,,,138/95,46146,70,46108,140,46108,4.3,45677,7.5,46108,96,46108,35,45677,,,56,45677,6,45677,47,45677,36,46108,,,,,,,,0,,,,,,,,,,,,,,,,,,,,,,,,,,,,,,,,,,,,,,,,,,,,,,,,,,,,,,,,,,,,,,0,0,0,0,0,0,0,0,0,0,0
112,0,0,13503,69,Female,White: English or Welsh or Scottish or Northern Irish or British - England and Wales ethnic category 2011 census,,,,,,,,,,,,,,,,,,,,,,,,,,,,,,,,,,,,,,,,,,,,,,,,,PREGNANT,35528,,,,,,,,,,,Seen in urology clinic,46072,,,Seen in gynaecology clinic,37845,,,,,,,,,Atrial fibrillation,46021,,,,,,,,,,,,,,,,,,,,,,,,,,,,,24 Hour ECG,45824,,,,,,,,,Solifenacin 5mg tablets,46262,,,,,,,,,,,,,,,,,,,,,,,,,,,,,,,,,,,,,,,,,,,,Solifenacin 5mg tablets,46262,105,46224,158,46224,42.1,46224,134,75,46239,43,46170,35,46170,Serum ALT level,19,46170,Serum alkaline phosphatase,75,46170,,,,21,46170,110,46224,4.5,46170,141,46170,8.6,46170,41,46170,,,Alcohol units consumed per week,4,45742,,,,,,,0,,0,,1,Solifenacin 5mg tablets,,,,,,,,0,3,Seen in urology clinic (19/02/2026),,Seen in gynaecology clinic (12/08/2003),PREGNANT (08/04/1997),0,0,0,,,,,,,,,,,,,Atrial fibrillation (30/12/2025),,,,,,,,,,,,,,,,Solifenacin 5mg tablets (28/08/2026),,,Alcohol units consumed per week - 4 (26/03/2025),1,0,0,1,46269,,,Y,Overactive Bladder,Y,Solifenacin 5mg tablets (28/08/2026),,,,,,,,,Y,3,Solifenacin 5mg tablets,,,,,,,1 - Patients with OAB currently receiving antimuscarinic therapy only,,Action: facilitate overactive bladder management review,Action - invite to pharmacist led clinic,Y,Letter,46274,,,,,,,,,,105,158,42.1,Obesity III (40 or more),,,,,,,,,0,3,Y,,Y,Y,Y,,,,,,,,,,,,,Y,,,,24 Hour ECG,45824,,,,,,,,,,,,,,,,,,,,,,Current,,,,134/75,46239,43,46170,141,46170,4.5,46170,8.6,46170,110,46224,19,46170,,,75,46170,21,46170,41,46170,35,46170,,,,,,,,3,Solifenacin 5mg tablets,,,,,,,,,,,,,,,,,,,,,,,,,,,,,,,,,,,,,,,,,,,,,,,,,,,,,,,,,,,,,0,1,1,1,1,0,0,0,0,0,0
113,0,0,13527,69,Male,White British - ethnic category 2001 census,,,,,,,,,,,,,,,,,Bladder outflow obstruction,42754,,,Primary open-angle glaucoma,45915,,,,,,,,,,,,,,,Overactive bladder,42704,Overactive bladder,45755,,,,,,,,,,,,,,,,,BPH - Benign prostatic hypertrophy,43607,,,Seen in urology clinic,46196,Transurethral prostatectomy,43607,,,,,,,Essential hypertension,45876,,,,,,,,,DEPRESSION,35264,,,,,,,,,,,,,Urinary frequency,42649,,,,,,,,,ECG,39909,,,,,,,,,Solifenacin 10mg tablets,46254,Bladder outflow obstruction,Mirabegron 50mg modified-release tablets,46254,,,,,,,,,,,,,,Bendroflumethiazide 2.5mg tablets,46254,Hypertensive disease,,,,Solifenacin 10mg tablets,45741,Bladder outflow obstruction,,,,,,,,,,,,,Co-codamol 30mg/500mg tablets,46254,,,,,Solifenacin 10mg tablets,46254,110,46097,170,46097,38.06,46097,135,83,46258,58,46177,38,46177,Serum ALT level,39,46177,Serum alkaline phosphatase,54,46177,,,,22,46177,110,46177,3.6,46177,143,46177,7.5,46177,42,46177,3,46177,Alcohol units consumed per week,0,45358,,Primary open-angle glaucoma (15/09/2025),,,,,1,Co-codamol 30mg/500mg tablets,0,,1,Solifenacin 10mg tablets,,,,,,,,0,0,Seen in urology clinic (23/06/2026),Transurethral prostatectomy (22/05/2019),,,0,0,0,,,,BPH - Benign prostatic hypertrophy (22/05/2019),,,,,,,,,,,,Essential hypertension (07/08/2025),,,Bendroflumethiazide 2.5mg tablets (20/08/2026),,DEPRESSION (18/07/1996),,,,,Urinary frequency (06/10/2016),,,"Solifenacin 10mg tablets (20/08/2026)
(Solifenacin 10mg tablets (25/03/2025))","Mirabegron 50mg modified-release tablets (20/08/2026)
()","Primary open-angle glaucoma (15/09/2025)
Essential hypertension (07/08/2025)",Alcohol units consumed per week - 0 (07/03/2024),1,1,1,3,46269,Overactive bladder (30/11/2016),Overactive bladder (08/04/2025),Y,Overactive Bladder,Y,Solifenacin 10mg tablets (20/08/2026),Y,Solifenacin 10mg tablets (25/03/2025),Y,Mirabegron 50mg modified-release tablets (20/08/2026),,,Y,,Y,4,"Co-codamol 30mg/500mg tablets
Solifenacin 10mg tablets",Y,"Primary open-angle glaucoma (15/09/2025)
Essential hypertension (07/08/2025)",,,,,3 - Patients with OAB currently receiving antimuscarinic therapy and beta-3 agonist therapy,,Action: facilitate overactive bladder management review,Action - invite to pharmacist led clinic,Y,Letter,46274,,,,,,,,,,110,170,38.06,Obesity II (35-39.9),,,,,,,,,0,0,Y,Y,,,Y,,,,Y,,,,,,,,,,,,Y,ECG,39909,,,Y,,Y,,,,,,Y,,,3,46177,,,Y,,,,Current,Current,,,135/83,46258,58,46177,143,46177,3.6,46177,7.5,46177,110,46177,39,46177,,,54,46177,22,46177,42,46177,38,46177,,,,,,,,4,"Co-codamol 30mg/500mg tablets
Solifenacin 10mg tablets",,,,,,,,,,,,,,,,,,,,,,,,,,,,,,,,,,,,,,,,,,,,,,,,,,,,,,,,,,,,,0,1,1,1,1,0,0,0,0,0,0
114,0,0,13535,62,Male,White British - ethnic category 2001 census,,,,,,,,,,,,,,,,,,,,,,,,,,,,,,,Dizziness,43699,,,,,,,,,,,,,,,,,,,,,,,,,Prostatism,44497,,,Seen in urology clinic,45777,,,,,Diabetic - poor control,46157,Stroke,46157,Hypertension,46157,Stroke,46157,,,,,,,,,,,,,,,,,,,,,,,Sweats,43699,,,,,,,12 lead ECG,46235,,,,,,,,,,,,Mirabegron 50mg modified-release tablets,46258,,Dutasteride 500microgram capsules,46258,,Tamsulosin 400microgram modified-release capsules,46258,Patient reviewed,,,,,,,,,,,,,Tolterodine 2mg modified-release capsules,44999,,Mirabegron 50mg modified-release tablets,45197,,Alfuzosin 10mg modified-release tablets,45197,,Dutasteride 500microgram capsules,42926,,,,,,,,,,,,,72,46238,176,46157,23.24,46238,130,70,46238,89,46230,100,46125,Serum ALT level,11,46230,Serum alkaline phosphatase,90,46230,,,,7,46230,77,46230,4.9,46230,136,46230,5.9,46230,39,46230,2,46230,Alcohol units consumed per week,0,45568,,,,Dizziness (22/08/2019),,,0,,0,,0,,,,,,,,,0,0,Seen in urology clinic (30/04/2025),,,,0,0,0,,,,Prostatism (28/10/2021),Sweats (22/08/2019),,,Diabetic - poor control (15/05/2026),,,Stroke (15/05/2026),Stroke (15/05/2026),,,,Hypertension (15/05/2026),,,,,,,,,,,Tamsulosin 400microgram modified-release capsules (24/08/2026),Dutasteride 500microgram capsules (24/08/2026),(Tolterodine 2mg modified-release capsules (14/03/2023)),"Mirabegron 50mg modified-release tablets (24/08/2026)
(Mirabegron 50mg modified-release tablets (28/09/2023))","Dizziness (22/08/2019)
Hypertension (15/05/2026)",Alcohol units consumed per week - 0 (03/10/2024),0,1,1,2,46269,,,Y,Overactive Bladder,,,Y,Tolterodine 2mg modified-release capsules (14/03/2023),Y,Mirabegron 50mg modified-release tablets (24/08/2026),Y,Mirabegron 50mg modified-release tablets (28/09/2023),,,,0,,Y,"Dizziness (22/08/2019)
Hypertension (15/05/2026)",,,,,2 - Patients with OAB currently receiving beta-3 agonist therapy only,,Action: facilitate overactive bladder management review,Action - invite to pharmacist led clinic,Y,Letter,46274,,,,,,,,,,72,176,23.24,Healthy weight (18.5-24.9),,,,,,,,,0,0,Y,,,,Y,,,,Y,Y,,,Y,,,Y,Y,,,,Y,12 lead ECG,46235,,,,,,,Y,,,,,,,2,46230,,,,,Y,Y,Past,Current,,,130/70,46238,89,46230,136,46230,4.9,46230,5.9,46230,77,46230,11,46230,,,90,46230,7,46230,39,46230,100,46125,,,,,,,,0,,,,,,,,,,,,,,,,,,,,,,,,,,,,,,,,,,,,,,,,,,,,,,,,,,,,,,,,,,,,,,0,1,1,1,1,0,0,0,0,0,1
115,0,0,13584,85,Female,White: English or Welsh or Scottish or Northern Irish or British - England and Wales ethnic category 2011 census,,,,,,,,,,,,,,,,,,,,,,,,,,,Mild cognitive disorder,45187,Palpitations,42513,Dizziness symptom,40483,,,Incontinence of urine,44701,,,,,,,,,,,,,,,Recurrent urinary tract infection,45839,,,,,,,,,Seen in urology clinic,45833,,,Seen in gynaecology clinic,37571,,,,,Hypertensive disease,42293,,,,,,,,,[X]Single episode of depressive reaction,41617,,,,,,,Falls,43959,,,Urgent desire to urinate,44881,,,,,,,,,Cystitis,42104,ECG done,45632,,,,,,,,,,,,Mirabegron 25mg modified-release tablets,46266,Urgent desire to urinate,,,,,,,,,,,,,,,,,,,Solifenacin 10mg tablets,45827,Urgent desire to urinate,,,,,,,,,,,,,Co-tenidone 50mg/12.5mg tablets,46266,,,,,,,73,45842,162,45842,27.82,45842,149,90,46014,58,46020,38,45854,Serum ALT level,16,46014,Serum alkaline phosphatase,98,46014,,,,6,46014,81,46020,4.4,46020,140,46020,9.9,46020,44,46014,,,Alcohol consumption,0,44701,,,,Dizziness symptom (01/11/2010),Palpitations (23/05/2016),Mild cognitive disorder (18/09/2023),2,"Co-tenidone 50mg/12.5mg tablets
Codeine 30mg tablets",0,,0,,,,,,,,Recurrent urinary tract infection (01/07/2025),1,16,Seen in urology clinic (25/06/2025),,Seen in gynaecology clinic (11/11/2002),,0,0,0,,,,,,,Cystitis (10/04/2015),,,,,,,,,Hypertensive disease (16/10/2015),,,,,[X]Single episode of depressive reaction (09/12/2013),,Falls (08/05/2020),Urgent desire to urinate (16/11/2022),Incontinence of urine (20/05/2022),,,,(Solifenacin 10mg tablets (19/06/2025)),"Mirabegron 25mg modified-release tablets (01/09/2026)
()","Dizziness symptom (01/11/2010)
Palpitations (23/05/2016)
Mild cognitive disorder (18/09/2023)
Hypertensive disease (16/10/2015)",Alcohol consumption - 0 (20/05/2022),0,1,1,2,46269,,,Y,Overactive Bladder,,,Y,Solifenacin 10mg tablets (19/06/2025),Y,Mirabegron 25mg modified-release tablets (01/09/2026),,,Y,,,2,"Co-tenidone 50mg/12.5mg tablets
Codeine 30mg tablets",Y,"Dizziness symptom (01/11/2010)
Palpitations (23/05/2016)
Mild cognitive disorder (18/09/2023)
Hypertensive disease (16/10/2015)",,,,,2 - Patients with OAB currently receiving beta-3 agonist therapy only,,Action: facilitate overactive bladder management review,Action - invite to pharmacist led clinic,Y,Letter,46274,,,,,,,,,,73,162,27.82,Overweight (25-29.9),,,,,,,,Y,1,16,Y,,Y,,Y,,,,,,,Y,,,,,,,,,Y,ECG done,45632,,,,,,,Y,Y,Y,,Y,,Y,,,Y,Y,,,,,Past,Current,,,149/90,46014,58,46020,140,46020,4.4,46020,9.9,46020,81,46020,16,46014,,,98,46014,6,46014,44,46014,38,45854,,,,,,,,2,"Co-tenidone 50mg/12.5mg tablets
Codeine 30mg tablets",,,,,,,,,,,,,,,,,,,,,,,,,,,,,,,,,,,,,,,,,,,,,,,,,,,,,,,,,,,,,0,1,1,1,1,0,0,0,0,0,0
116,0,0,13590,88,Female,White: English or Welsh or Scottish or Northern Irish or British - England and Wales ethnic category 2011 census,,,,,,,,,,,,,,,,,,,,,,,Constipation,36529,,,,,Palpitations,38988,,,,,Incontinence of urine,44672,Overactive bladder,45874,Overactive bladder,46211,,,,,,,,,,,Recurrent urinary tract infection,44392,,,,,,,,,,,,,Seen in gynaecology clinic,46217,,,Angina pectoris,46259,Essential hypertension,46259,,,,,Angina pectoris,46259,,,,,,,,,,,,,,,Urge incontinence of urine,42675,,,,,,,,,CYSTITIS,33095,ECG,40885,,,,,,,Uterine prolapse,44537,,,,Mirabegron 25mg modified-release tablets,45940,,,,,,,,,,,,,,,,,,,,Flavoxate 200mg tablets,35388,,,,,,,,,,,,,,Atenolol 50mg tablets,46253,,,,,,,66,46259,154,46259,27.8,46259,130,71,46259,70,46191,40,46191,Serum ALT level,24,46191,Serum alkaline phosphatase,115,46191,,,,16,46191,69,46191,4.5,46191,140,46191,6.7,46191,43,46191,,,Alcohol units consumed per week,6,46259,Constipation (04/01/2000),,,,Palpitations (28/09/2006),,1,Atenolol 50mg tablets,0,,0,,,Uterine prolapse (07/12/2021),,,,,Recurrent urinary tract infection (15/07/2021),3,2,,,Seen in gynaecology clinic (14/07/2026),,0,1,1,,,,,,,CYSTITIS (10/08/1990),,,,Angina pectoris (25/08/2026),,,,Angina pectoris (25/08/2026),Essential hypertension (25/08/2026),,,,,,,,Urge incontinence of urine (01/11/2016),Incontinence of urine (21/04/2022),,,,(Flavoxate 200mg tablets (19/11/1996)),"Mirabegron 25mg modified-release tablets (10/10/2025)
()","Constipation (04/01/2000)
Palpitations (28/09/2006)
Essential hypertension (25/08/2026)",Alcohol units consumed per week - 6 (25/08/2026),0,1,1,2,46269,Overactive bladder (05/08/2025),Overactive bladder (08/07/2026),Y,Overactive Bladder,,,Y,Flavoxate 200mg tablets (19/11/1996),Y,Mirabegron 25mg modified-release tablets (10/10/2025),,,Y,,,1,Atenolol 50mg tablets,Y,"Constipation (04/01/2000)
Palpitations (28/09/2006)
Essential hypertension (25/08/2026)",,,,,2 - Patients with OAB currently receiving beta-3 agonist therapy only,,Action: facilitate overactive bladder management review,Action - invite to pharmacist led clinic,Y,Letter,46274,,,,,,,,,,66,154,27.8,Overweight (25-29.9),,,Y,,,,,Y,3,2,,,Y,,Y,,,,,,,Y,,,,Y,,,,Y,Y,ECG,40885,,,,Y,,,,Y,,,,,,,,Y,Y,,,,,Past,Current,,,130/71,46259,70,46191,140,46191,4.5,46191,6.7,46191,69,46191,24,46191,,,115,46191,16,46191,43,46191,40,46191,,,,,,,,1,Atenolol 50mg tablets,,,,,,,,,,,,,,,,,,,,,,,,,,,,,,,,,,,,,,,,,,,,,,,,,,,,,,,,,,,,,0,1,1,1,1,0,0,0,0,0,0
117,0,0,13873,75,Female,White: English or Welsh or Scottish or Northern Irish or British - England and Wales ethnic category 2011 census,,,,,,,,,,,,,,,,,,,,,,,Constipation,45202,,,,,Palpitations,45790,Lightheadedness,46269,,,Incontinence of urine,37511,,,,,,,,,,,,,,,Recurrent urinary tract infection,45068,,,,,,,,,Seen in urology clinic,45051,,,Seen in gynaecology clinic,45096,,,Stroke,44397,Essential hypertension,45498,Stroke,44397,,,,,,,[X]Depression NOS,42235,,,,,Anxiousness - symptom,39318,Falls,45185,,,Urge incontinence of urine,37697,,,Night sweats,43039,,,,,Cystitis,38260,24 Hour ECG,45849,,,,,,,,,Darifenacin 7.5mg modified-release tablets,46259,Urinary symptoms,,,,,,,,,,,,,,,,,,,,,,Darifenacin 7.5mg modified-release tablets,45034,Urinary symptoms,,,,,,,,,,,,,Co-codamol 30mg/500mg tablets,46268,,,,,Darifenacin 7.5mg modified-release tablets,46259,88.906,45568,165,45568,32.66,45568,133,68,45790,77,46119,39,45799,Serum ALT level,17,46119,Serum alkaline phosphatase,66,46119,,,,14,46119,65,46119,4.1,46119,140,46119,4.5,46119,43,46119,,,Alcohol intake within recommended sensible limits,,45790,Constipation (03/10/2023),,,Lightheadedness (04/09/2026),Palpitations (13/05/2025),,2,"Co-codamol 30mg/500mg tablets
Zapain 30mg/500mg tablets (Advanz Pharma)",0,,1,Darifenacin 7.5mg modified-release tablets,,,,,,,Recurrent urinary tract infection (22/05/2023),1,4,Seen in urology clinic (05/05/2023),,Seen in gynaecology clinic (19/06/2023),,1,0,1,,,,,Night sweats (31/10/2017),,Cystitis (30/09/2004),,,,Stroke (20/07/2021),Stroke (20/07/2021),,,,Essential hypertension (25/07/2024),,,,Anxiousness - symptom (24/08/2007),[X]Depression NOS (19/08/2015),,Falls (16/09/2023),Urge incontinence of urine (17/03/2003),Incontinence of urine (12/09/2002),,,,"Darifenacin 7.5mg modified-release tablets (25/08/2026)
(Darifenacin 7.5mg modified-release tablets (18/04/2023))",,"Constipation (03/10/2023)
Lightheadedness (04/09/2026)
Palpitations (13/05/2025)
Essential hypertension (25/07/2024)",Alcohol intake within recommended sensible limits -  (13/05/2025),1,0,1,1,46269,,,Y,Overactive Bladder,Y,Darifenacin 7.5mg modified-release tablets (25/08/2026),Y,Darifenacin 7.5mg modified-release tablets (18/04/2023),,,,,Y,,Y,5,"Co-codamol 30mg/500mg tablets
Zapain 30mg/500mg tablets (Advanz Pharma)
Darifenacin 7.5mg modified-release tablets",Y,"Constipation (03/10/2023)
Lightheadedness (04/09/2026)
Palpitations (13/05/2025)
Essential hypertension (25/07/2024)",,,,,1 - Patients with OAB currently receiving antimuscarinic therapy only,,Action: facilitate overactive bladder management review,Action - invite to pharmacist led clinic,Y,Letter,46274,,,,,,,,,,88.906,165,32.66,Obesity I (30-34.9),,,,,,,,Y,1,4,Y,,Y,,Y,,,,,Y,,Y,,,,Y,Y,,,,Y,24 Hour ECG,45849,,,,Y,,,Y,Y,,Y,Y,,Y,,,Y,Y,,,,,Current,,,,133/68,45790,77,46119,140,46119,4.1,46119,4.5,46119,65,46119,17,46119,,,66,46119,14,46119,43,46119,39,45799,,,,,,,,5,"Co-codamol 30mg/500mg tablets
Zapain 30mg/500mg tablets (Advanz Pharma)
Darifenacin 7.5mg modified-release tablets",,,,,,,,,,,,,,,,,,,,,,,,,,,,,,,,,,,,,,,,,,,,,,,,,,,,,,,,,,,,,0,1,1,1,1,0,0,0,0,0,0
118,0,0,13919,49,Male,White: English or Welsh or Scottish or Northern Irish or British - England and Wales ethnic category 2011 census,,,Housebound,41802,,,,,,,,,,,,,,,,,,,Constipation symptom,39385,,,,,,,,,,,Incontinence of urine,40119,,,,,Incontinent of faeces,42597,,,,,,,,,Recurrent urinary tract infection,45967,,,,,,,,,Seen in urology clinic,41711,,,,,Type 2 diabetes mellitus,45974,,,Hypertension,45974,,,,,,,,,,,,,,,Anxiousness,42566,,,,,,,,,,,,,,,Cystitis,37960,ECG done,46000,,,,,,,,,Flavoxate 200mg tablets,46259,Recurrent urinary tract infections,Vibegron 75mg tablets,46259,,,,,,,,,,,,,,,,,Cath-It Catheter Insertion/Removal Pack medium/large 908420 (Richardson Healthcare Ltd),46252,,Flavoxate 200mg tablets,,,,,,,,,,,,,,,Codeine 30mg tablets,46266,,,,,Flavoxate 200mg tablets,46259,67,46262,149,46262,30.18,46262,135,70,46262,43,46155,33,45997,Serum ALT level,15,45997,Serum alkaline phosphatase,125,46113,,,,7,45997,151,46155,5.3,46155,133,46155,5,46155,40,46113,,,Alcohol consumption,0,44753,Constipation symptom (30/10/2007),,,,,,2,"Codeine 30mg tablets
Tramadol 50mg capsules",0,,1,Flavoxate 200mg tablets,Incontinent of faeces (15/08/2016),,,,,,Recurrent urinary tract infection (06/11/2025),5,22,Seen in urology clinic (13/03/2014),,,,0,0,0,,,,,,,Cystitis (05/12/2003),Type 2 diabetes mellitus (13/11/2025),,,,,,,,Hypertension (13/11/2025),,,,Anxiousness (15/07/2016),,,,,Incontinence of urine (02/11/2009),,,,Flavoxate 200mg tablets (25/08/2026),"Vibegron 75mg tablets (25/08/2026)
()","Constipation symptom (30/10/2007)
Hypertension (13/11/2025)",Alcohol consumption - 0 (11/07/2022),1,1,0,3,46269,,,Y,Overactive Bladder,Y,Flavoxate 200mg tablets (25/08/2026),,,Y,Vibegron 75mg tablets (25/08/2026),,,Y,,Y,5,"Codeine 30mg tablets
Tramadol 50mg capsules
Flavoxate 200mg tablets",Y,"Constipation symptom (30/10/2007)
Hypertension (13/11/2025)",,,,,3 - Patients with OAB currently receiving antimuscarinic therapy and beta-3 agonist therapy,,Action: facilitate overactive bladder management review,Action - invite to pharmacist led clinic,Y,Letter,46274,,,,,,,,,,67,149,30.18,Obesity I (30-34.9),,Y,,,,,,Y,5,22,Y,,,,Y,,,,,,,Y,Y,,,,,,,,Y,ECG done,46000,,,,Y,,,,,,Y,,,,,,,Y,,,,,Current,Current,,,135/70,46262,43,46155,133,46155,5.3,46155,5,46155,151,46155,15,45997,,,125,46113,7,45997,40,46113,33,45997,,,,,,,,5,"Codeine 30mg tablets
Tramadol 50mg capsules
Flavoxate 200mg tablets",,,,,,,,,,,,,,,,,,,,,,,,,,,,,,,,,,,,,,,,,,,,,,,,,,,,,,,,,,,,,0,1,1,1,1,0,0,0,0,0,0
119,0,0,14113,83,Male,White: English or Welsh or Scottish or Northern Irish or British - England and Wales ethnic category 2011 census,,,,,,,,,Haematuria,39995,,,,,,,,,,,,,Constipation,43633,,,,,Ventricular tachycardia,44732,,,,,,,,,,,,,,,,,,,,,,,,,,,BPH - benign prostatic hypertrophy,40114,,,Seen in urology clinic,40372,Endoscopic resection of prostate,40058,,,Type 2 diabetes mellitus,46269,,,,,,,,,,,,,[X]Depression NOS,41515,,,,,,,,,,,Urgency of micturition,38127,[D]Frequency of micturit.unsp.,36801,Sweating symptom,42181,,,,,,,Ambulatory ECG,44732,,,,,,,,,Solifenacin 10mg tablets,46252,Detrusor instability,,,,,,,,,,,,,Dapagliflozin 10mg tablets,46252,,,,,,,,Solifenacin 10mg tablets,40235,,,,,Tamsulosin 400microgram modified-release capsules,37298,,,,,Duloxetine 40mg gastro-resistant capsules,,,,,,,Promethazine hydrochloride 10mg tablets,46252,Solifenacin 10mg tablets,46252,89,46269,171,46269,30.4,46269,120,70,46269,70,46205,45,46205,Serum ALT level,22,46205,Serum alkaline phosphatase,57,46205,,,,13,46205,90,46205,4.4,46205,140,46205,5.3,46205,43,46205,1.1,44986,Alcohol units consumed per week,2,45916,Constipation (17/06/2019),,,,Ventricular tachycardia (20/06/2022),,0,,0,,2,"Promethazine hydrochloride 10mg tablets
Solifenacin 10mg tablets",,,,,,Haematuria (01/07/2009),,0,0,Seen in urology clinic (13/07/2010),Endoscopic resection of prostate (02/09/2009),,,0,1,1,,,,BPH - benign prostatic hypertrophy (28/10/2009),Sweating symptom (26/06/2015),,,Type 2 diabetes mellitus (04/09/2026),,,,,,,,,,Dapagliflozin 10mg tablets (18/08/2026),,,[X]Depression NOS (29/08/2013),,,Urgency of micturition (20/05/2004),,[D]Frequency of micturit.unsp. (02/10/2000),,,"Solifenacin 10mg tablets (18/08/2026)
(Solifenacin 10mg tablets (26/02/2010))",,"Constipation (17/06/2019)
Ventricular tachycardia (20/06/2022)",Alcohol units consumed per week - 2 (16/09/2025),1,0,1,1,46269,,,Y,Overactive Bladder,Y,Solifenacin 10mg tablets (18/08/2026),Y,Solifenacin 10mg tablets (26/02/2010),,,,,,,Y,6,"Promethazine hydrochloride 10mg tablets
Solifenacin 10mg tablets",Y,"Constipation (17/06/2019)
Ventricular tachycardia (20/06/2022)",,,,,1 - Patients with OAB currently receiving antimuscarinic therapy only,,Action: facilitate overactive bladder management review,Action - invite to pharmacist led clinic,Y,Letter,46274,,,,,,,,,,89,171,30.4,Obesity I (30-34.9),,,,,,,Y,,0,0,Y,Y,,,Y,,,,Y,Y,,,Y,,,,,,,,,Ambulatory ECG,44732,,Y,,Y,,,,Y,,,Y,,,1.1,44986,Y,,Y,,,,Current,,,,120/70,46269,70,46205,140,46205,4.4,46205,5.3,46205,90,46205,22,46205,,,57,46205,13,46205,43,46205,45,46205,,,,,,,,6,"Promethazine hydrochloride 10mg tablets
Solifenacin 10mg tablets",,,,,,,,,,,,,,,,,,,,,,,,,,,,,,,,,,,,,,,,,,,,,,,,,,,,,,,,,,,,,0,1,1,1,1,0,0,0,0,0,0
120,0,0,14123,79,Male,White: English or Welsh or Scottish or Northern Irish or British - England and Wales ethnic category 2011 census,,,,,,,,,,,Malignant neoplasm of prostate,46218,,,,,,,,,,,,,,,,,,,Dizziness symptom,39948,,,,,,,,,,,,,,,,,,,,,,,,,Malignant neoplasm of prostate,46218,Malignant neoplasm of prostate,46218,Seen in urology clinic,45869,,,,,,,,,Hypertensive disease,40759,,,,,,,,,,,,,,,,,,,,,,,,,,,,,,,,,ECG,40042,,,,,,,,,Solifenacin 5mg tablets,46266,Had a chat to patient,,,,,,,Tamsulosin 400microgram modified-release capsules,46266,,,,,,,,,,,,,,,,,,,,,,,,,,,,,,,,,,,Solifenacin 5mg tablets,46266,102,46059,168,46059,36.14,46059,145,72,46059,78,45873,38,45873,Serum ALT level,17,45873,Serum alkaline phosphatase,70,45873,,,,8,45873,83,45873,4.3,45873,140,45873,6.5,45873,43,45873,0.1,46218,Alcohol units consumed per week,0,45638,,,,Dizziness symptom (15/05/2009),,,0,,0,,1,Solifenacin 5mg tablets,,Malignant neoplasm of prostate (15/07/2026),,,,,,0,0,Seen in urology clinic (31/07/2025),,,,0,0,0,,,,Malignant neoplasm of prostate (15/07/2026),,,,,Malignant neoplasm of prostate (15/07/2026),Malignant neoplasm of prostate (15/07/2026),,,,,,Hypertensive disease (04/08/2011),,,,,,,,,,,Tamsulosin 400microgram modified-release capsules (01/09/2026),,Solifenacin 5mg tablets (01/09/2026),,"Dizziness symptom (15/05/2009)
Hypertensive disease (04/08/2011)",Alcohol units consumed per week - 0 (12/12/2024),1,0,0,1,46269,,,Y,Overactive Bladder,Y,Solifenacin 5mg tablets (01/09/2026),,,,,,,,,Y,3,Solifenacin 5mg tablets,Y,"Dizziness symptom (15/05/2009)
Hypertensive disease (04/08/2011)",,,,,1 - Patients with OAB currently receiving antimuscarinic therapy only,,Action: facilitate overactive bladder management review,Action - invite to pharmacist led clinic,Y,Letter,46274,,,,,,,,,,102,168,36.14,Obesity II (35-39.9),,,Y,,,,,,0,0,Y,,,,Y,,,,Y,,,,,Y,Y,,,,,,Y,ECG,40042,,,,,,,Y,,,,,,,0.1,46218,,,,,Y,,Current,,,,145/72,46059,78,45873,140,45873,4.3,45873,6.5,45873,83,45873,17,45873,,,70,45873,8,45873,43,45873,38,45873,,,,,,,,3,Solifenacin 5mg tablets,,,,,,,,,,,,,,,,,,,,,,,,,,,,,,,,,,,,,,,,,,,,,,,,,,,,,,,,,,,,,0,1,1,1,1,0,0,0,0,0,1
,,,14142,82,Male,White British - ethnic category 2001 census,,,,,,,,,Haematuria,42289,Malignant neoplasm of urinary bladder,45996,,,,,,,,,,,CONSTIPATION,33154,,,,,Supraventricular tachycardia NOS,38189,,,,,,,,,,,,,,,,,,,,,,,,,,,,,Malignant neoplasm of urinary bladder,45996,Seen in urology clinic,46247,,,,,,,Ischaemic heart disease,44883,Hypertensive disease,38680,CVA unspecified,33151,Atrial fibrillation,42446,Ischaemic heart disease,44883,,,,,,,,,,,,,,,Urge incontinence of urine,46002,,,,,,,,,,,ECG,42279,ECG: atrial flutter,42346,,,,,,,,,,Vibegron 75mg tablets,46247,Cancer care review,,,,,,,,,,,,,Furosemide 20mg tablets,46247,,,,,Solifenacin 5mg tablets,45917,,,,,,,,,,,,,,Furosemide 20mg tablets,46247,,,,,,,90.45,46230,173,46230,30.2,46230,145,78,46083,34,46239,39,45925,Serum ALT level,14,46239,Serum alkaline phosphatase,69,46239,,,,12,46239,168,46239,4.7,46239,140,46239,16.9,46239,40,46239,1.3,45191,Alcohol units consumed per week,4,46083,CONSTIPATION (08/10/1990),,,,Supraventricular tachycardia NOS (21/07/2004),,2,"Furosemide 20mg tablets
Isosorbide mononitrate 30mg modified-release tablets",0,,0,,,Malignant neoplasm of urinary bladder (05/12/2025),,,,Haematuria (12/10/2015),,1,2,Seen in urology clinic (13/08/2026),,,,0,0,0,,,,,,,,,Malignant neoplasm of urinary bladder (05/12/2025),Malignant neoplasm of urinary bladder (05/12/2025),Ischaemic heart disease (18/11/2022),CVA unspecified (05/10/1990),Atrial fibrillation (17/03/2016),,Ischaemic heart disease (18/11/2022),Hypertensive disease (24/11/2005),ECG: atrial flutter (08/12/2015),,Furosemide 20mg tablets (13/08/2026),,,,,Urge incontinence of urine (11/12/2025),,,,,(Solifenacin 5mg tablets (17/09/2025)),"Vibegron 75mg tablets (13/08/2026)
()","CONSTIPATION (08/10/1990)
Supraventricular tachycardia NOS (21/07/2004)
Hypertensive disease (24/11/2005)
ECG: atrial flutter (08/12/2015)",Alcohol units consumed per week - 4 (02/03/2026),0,1,1,2,46269,,,Y,Overactive Bladder,,,Y,Solifenacin 5mg tablets (17/09/2025),Y,Vibegron 75mg tablets (13/08/2026),,,Y,,,2,"Furosemide 20mg tablets
Isosorbide mononitrate 30mg modified-release tablets",Y,"CONSTIPATION (08/10/1990)
Supraventricular tachycardia NOS (21/07/2004)
Hypertensive disease (24/11/2005)
ECG: atrial flutter (08/12/2015)",,,,,2 - Patients with OAB currently receiving beta-3 agonist therapy only,,Action: facilitate overactive bladder management review,Action - invite to pharmacist led clinic,Y,Letter,46274,,,,,,,,,,90.45,173,30.2,Obesity I (30-34.9),,,Y,,,,Y,,1,2,Y,,,,Y,,,,,,,,,Y,Y,Y,Y,Y,,Y,Y,ECG,42279,Y,,Y,Y,,,,Y,,,,,,1.3,45191,Y,,,,,,Past,Current,,,145/78,46083,34,46239,140,46239,4.7,46239,16.9,46239,168,46239,14,46239,,,69,46239,12,46239,40,46239,39,45925,,,,,,,,2,"Furosemide 20mg tablets
Isosorbide mononitrate 30mg modified-release tablets",,,,,,,,,,,,,,,,,,,,,,,,,,,,,,,,,,,,,,,,,,,,,,,,,,,,,,,,,,,,,0,1,1,1,1,0,0,0,0,0,0
,,,14381,55,Male,White British - ethnic category 2001 census,,,,,,,,,,,,,,,,,,,,,,,,,,,,,,,DIZZINESS,34318,,,,,Overactive bladder,42818,Overactive bladder,42818,,,,,,,,,,,,,,,,,Benign prostatic hyperplasia,45924,,,Seen in urology clinic,45401,,,,,,,,,,,,,,,,,,,,,,,,,,,,,,,,,,,,,,,,,,,Electrocardiographic monitoring,44245,,,,,,,,,Solifenacin 10mg tablets,46125,,,,,,,,,,,,,,,,,,,,,,,Solifenacin 5mg tablets,45315,,,,,,,,,,,,,,,,,,,,Solifenacin 10mg tablets,46125,76,45323,173,45323,25.39,45323,125,80,45924,90,46149,38,46149,Serum ALT level,36,46149,Serum alkaline phosphatase,57,46149,,,,6,46149,73,46149,4.6,46149,143,46149,9.7,46149,42,46149,0.57,46149,Alcohol units consumed per week,0,45323,,,,DIZZINESS (15/12/1993),,,0,,0,,1,Solifenacin 10mg tablets,,,,,,,,0,0,Seen in urology clinic (19/04/2024),,,,0,0,0,,,,Benign prostatic hyperplasia (24/09/2025),,,,,,,,,,,,,,,,,,,,,,,,,"Solifenacin 10mg tablets (13/04/2026)
(Solifenacin 5mg tablets (24/01/2024))",,DIZZINESS (15/12/1993),Alcohol units consumed per week - 0 (01/02/2024),1,0,1,1,46269,Overactive bladder (24/03/2017),Overactive bladder (24/03/2017),Y,Overactive Bladder,Y,Solifenacin 10mg tablets (13/04/2026),Y,Solifenacin 5mg tablets (24/01/2024),,,,,,,Y,3,Solifenacin 10mg tablets,Y,DIZZINESS (15/12/1993),,,,,1 - Patients with OAB currently receiving antimuscarinic therapy only,,Action: facilitate overactive bladder management review,Action - invite to pharmacist led clinic,Y,Letter,46274,,,,,,,,,,76,173,25.39,Overweight (25-29.9),,,,,,,,,0,0,Y,,,,Y,,,,Y,,,,,,,,,,,,,Electrocardiographic monitoring,44245,,,,,,,Y,,,,,,,0.57,46149,,,,,,,Current,,,,125/80,45924,90,46149,143,46149,4.6,46149,9.7,46149,73,46149,36,46149,,,57,46149,6,46149,42,46149,38,46149,,,,,,,,3,Solifenacin 10mg tablets,,,,,,,,,,,,,,,,,,,,,,,,,,,,,,,,,,,,,,,,,,,,,,,,,,,,,,,,,,,,,0,1,1,1,1,0,0,0,0,0,0
,,,14516,68,Female,White: English or Welsh or Scottish or Northern Irish or British - England and Wales ethnic category 2011 census,,,,,,,,,Haematuria,43483,,,,,,,,,,,,,Constipation,36969,,,,,,,[D]Dizziness,36788,,,,,,,,,,,,,,,,,Patient pregnant,36440,,,,,,,,,,,Seen in urology clinic,41765,,,Seen in gynaecology clinic,43640,,,,,,,,,,,,,,,ANXIETY DEPRESSION,36070,,,,,,,,,,,,,,,,,,,,,,,,,,,,,,,,,Solifenacin 5mg tablets,46262,Irritable bladder,,,,,,,,,,,,,,,,,,,,,,Solifenacin 5mg tablets,41389,Irritable bladder,,,,,,,,,,,,,,,,,,,Solifenacin 5mg tablets,46262,,,,,32.4,45244,142,88,46190,73,46140,42,45705,Serum ALT level,20,46140,Serum alkaline phosphatase,91,46140,,,,14,46140,69,46140,4.6,46140,141,46140,4.5,46140,45,46140,,,Alcohol units consumed per week,4,45251,Constipation (19/03/2001),,,[D]Dizziness (19/09/2000),,,0,,0,,1,Solifenacin 5mg tablets,,,,,,Haematuria (18/01/2019),,1,0,Seen in urology clinic (06/05/2014),,Seen in gynaecology clinic (24/06/2019),Patient pregnant (07/10/1999),1,0,1,,,,,,,,,,,,,,,,,,,,,ANXIETY DEPRESSION (02/10/1998),,,,,,,,"Solifenacin 5mg tablets (28/08/2026)
(Solifenacin 5mg tablets (25/04/2013))",,"Constipation (19/03/2001)
[D]Dizziness (19/09/2000)",Alcohol units consumed per week - 4 (21/11/2023),1,0,1,1,46269,,,Y,Overactive Bladder,Y,Solifenacin 5mg tablets (28/08/2026),Y,Solifenacin 5mg tablets (25/04/2013),,,,,,,Y,3,Solifenacin 5mg tablets,Y,"Constipation (19/03/2001)
[D]Dizziness (19/09/2000)",,,,,1 - Patients with OAB currently receiving antimuscarinic therapy only,,Action: facilitate overactive bladder management review,Action - invite to pharmacist led clinic,Y,Letter,46274,,,,,,,,,,,,32.4,Obesity I (30-34.9),,,,,,,Y,,1,0,Y,,Y,Y,Y,,,,,,,,,,,,,,,,,,,,,,Y,,,Y,,,,Y,,,,,,,,,,,Current,,,,142/88,46190,73,46140,141,46140,4.6,46140,4.5,46140,69,46140,20,46140,,,91,46140,14,46140,45,46140,42,45705,,,,,,,,3,Solifenacin 5mg tablets,,,,,,,,,,,,,,,,,,,,,,,,,,,,,,,,,,,,,,,,,,,,,,,,,,,,,,,,,,,,,0,1,1,1,1,0,0,0,0,0,0
,,,14599,72,Male,White British - ethnic category 2001 census,,,,,,,,,,,Adenocarcinoma of prostate,46233,,,,,,,,,,,Constipation,43007,,,,,,,,,,,,,,,,,,,,,,,,,,,,,,,,,Adenocarcinoma of prostate,46233,Adenocarcinoma of prostate,46233,Seen in urology clinic,46235,,,,,,,,,,,,,,,,,,,Mixed anxiety and depressive disorder,44617,,,,,,,,,,,Urgent desire to urinate,45576,,,Sweating symptom,40057,,,,,,,Exercise ECG,40101,,,,,,,,,,,,Mirabegron 25mg modified-release tablets,46269,Medication review,Finasteride 5mg tablets,46269,Benign prostatic hyperplasia,Tamsulosin 400microgram modified-release capsules,46269,Benign prostatic hyperplasia,,,,,,,,,,,,,Solifenacin 10mg tablets,,,,,,,,,,,,,,,,,,,,,,,105,46153,182,46153,31.7,46153,136,68,46153,71,46170,41,46170,Serum ALT level,26,46170,Serum alkaline phosphatase,78,46170,,,,10,46170,91,46170,4.3,46170,140,46170,7.2,46170,42,46170,4.5,46224,Alcohol units consumed per week,25,45300,Constipation (29/09/2017),,,,,,0,,0,,0,,,Adenocarcinoma of prostate (30/07/2026),,,,,,0,0,Seen in urology clinic (01/08/2026),,,,0,0,0,,,,Adenocarcinoma of prostate (30/07/2026),Sweating symptom (01/09/2009),,,,Adenocarcinoma of prostate (30/07/2026),Adenocarcinoma of prostate (30/07/2026),,,,,,,,,,,Mixed anxiety and depressive disorder (25/02/2022),,,Urgent desire to urinate (11/10/2024),,,Tamsulosin 400microgram modified-release capsules (04/09/2026),Finasteride 5mg tablets (04/09/2026),,"Mirabegron 25mg modified-release tablets (04/09/2026)
()",Constipation (29/09/2017),Alcohol units consumed per week - 25 (09/01/2024),0,1,0,2,46269,,,Y,Overactive Bladder,,,,,Y,Mirabegron 25mg modified-release tablets (04/09/2026),,,,,,0,,Y,Constipation (29/09/2017),,,,,2 - Patients with OAB currently receiving beta-3 agonist therapy only,,Action: facilitate overactive bladder management review,Action - invite to pharmacist led clinic,Y,Letter,46274,,,,,,,,,,105,182,31.7,Obesity I (30-34.9),,,Y,,,,,,0,0,Y,,,,Y,,,,Y,Y,,,,Y,Y,,,,,,,Exercise ECG,40101,,,,Y,,,,,,,Y,,,4.5,46224,Y,,,,Y,Y,,Current,,,136/68,46153,71,46170,140,46170,4.3,46170,7.2,46170,91,46170,26,46170,,,78,46170,10,46170,42,46170,41,46170,,,,,,,,0,,,,,,,,,,,,,,,,,,,,,,,,,,,,,,,,,,,,,,,,,,,,,,,,,,,,,,,,,,,,,,0,1,1,1,1,0,0,0,0,0,1
,,,14915,63,Female,White: English or Welsh or Scottish or Northern Irish or British - England and Wales ethnic category 2011 census,,,,,,,,,,,,,,,,,,,,,,,,,,,,,,,[D]Light-headedness,43741,,,,,Overactive bladder,46133,Overactive bladder,46133,,,,,,,,,Antenatal care,36817,,,,,,,,,,,,,,,Seen in gynaecology clinic,40729,Type 2 diabetes mellitus,45355,,,Essential hypertension,43727,,,,,,,,,[X]Depression NOS,37273,,,,,ANXIETY,35695,,,,,URGENCY MICTURITION/URINATION,33038,,,,,,,,,Cystitis,39324,24 Hour ECG,46085,Abnormal ECG,46058,,,,,,,Solifenacin 5mg tablets,46265,,,,,,,,,,,,,,,,,,,,,,,Solifenacin 5mg tablets,46133,,,,,,,,,,,,,,,,,,,,Solifenacin 5mg tablets,46265,70.5,45861,159,45861,27.89,45861,150,82,46133,90,46174,44,46058,Serum ALT level,23,46058,Serum alkaline phosphatase,83,46058,,,,4,46058,50,46174,4.7,46174,142,46174,3.5,46174,50,46058,,,Alcohol units consumed per week,0,45603,,,,[D]Light-headedness (03/10/2019),,,0,,0,,1,Solifenacin 5mg tablets,,,,,,,,0,0,,,Seen in gynaecology clinic (05/07/2011),Antenatal care (18/10/2000),0,0,0,,,,,,,Cystitis (30/08/2007),Type 2 diabetes mellitus (04/03/2024),,,,,,,,Essential hypertension (19/09/2019),Abnormal ECG (05/02/2026),,,ANXIETY (22/09/1997),[X]Depression NOS (17/01/2002),,,URGENCY MICTURITION/URINATION (14/06/1990),,,,,"Solifenacin 5mg tablets (31/08/2026)
(Solifenacin 5mg tablets (21/04/2026))",,"[D]Light-headedness (03/10/2019)
Essential hypertension (19/09/2019)
Abnormal ECG (05/02/2026)",Alcohol units consumed per week - 0 (07/11/2024),1,0,1,1,46269,Overactive bladder (21/04/2026),Overactive bladder (21/04/2026),Y,Overactive Bladder,Y,Solifenacin 5mg tablets (31/08/2026),Y,Solifenacin 5mg tablets (21/04/2026),,,,,,,Y,3,Solifenacin 5mg tablets,Y,"[D]Light-headedness (03/10/2019)
Essential hypertension (19/09/2019)
Abnormal ECG (05/02/2026)",,,,,1 - Patients with OAB currently receiving antimuscarinic therapy only,,Action: facilitate overactive bladder management review,Action - invite to pharmacist led clinic,Y,Letter,46274,,,,,,,,,,70.5,159,27.89,Overweight (25-29.9),,,,,,,,,0,0,,,Y,Y,Y,,,,,,,Y,Y,,,,,,,,Y,24 Hour ECG,46085,Y,,,,,,Y,,,Y,Y,,,,,Y,,,,,,Current,,,,150/82,46133,90,46174,142,46174,4.7,46174,3.5,46174,50,46174,23,46058,,,83,46058,4,46058,50,46058,44,46058,,,,,,,,3,Solifenacin 5mg tablets,,,,,,,,,,,,,,,,,,,,,,,,,,,,,,,,,,,,,,,,,,,,,,,,,,,,,,,,,,,,,0,1,1,1,1,0,0,0,0,0,0
,,,15001,80,Male,White: English or Welsh or Scottish or Northern Irish or British - England and Wales ethnic category 2011 census,,,,,,,,,,,Adenocarcinoma of prostate,46107,,,,,,,,,,,,,,,,,,,,,,,,,,,,,,,,,,,,,,,,,,,,,Adenocarcinoma of prostate,46107,Adenocarcinoma of prostate,46107,Seen in urology clinic,46107,,,,,,,,,Hypertension,45902,,,,,,,,,DEPRESSION,35828,,,,,,,Recurrent falls,45848,,,,,,,,,,,,,,,ECG,38489,,,,,,,,,Solifenacin 5mg tablets,46248,,,,,,,,,,,,,,,,,Bendroflumethiazide 2.5mg tablets,46248,Hypertensive disease,,,,,,,,,,Tamsulosin 400microgram modified-release capsules,45848,,,,,,,,,,,,,,Solifenacin 5mg tablets,46248,71,46234,164,46234,26.4,46234,132,77,46234,90,46212,39,46212,Serum ALT level,12,46212,Serum alkaline phosphatase,74,46212,,,,12,46212,69,46212,4.1,46212,140,46212,7.7,46212,44,46212,6.7,46107,Alcohol units consumed per week,4,46234,,,,,,,0,,0,,1,Solifenacin 5mg tablets,,Adenocarcinoma of prostate (26/03/2026),,,,,,0,0,Seen in urology clinic (26/03/2026),,,,0,0,0,,,,Adenocarcinoma of prostate (26/03/2026),,,,,Adenocarcinoma of prostate (26/03/2026),Adenocarcinoma of prostate (26/03/2026),,,,,,Hypertension (02/09/2025),,,Bendroflumethiazide 2.5mg tablets (14/08/2026),,DEPRESSION (02/02/1998),,Recurrent falls (10/07/2025),,,,,,Solifenacin 5mg tablets (14/08/2026),,Hypertension (02/09/2025),Alcohol units consumed per week - 4 (31/07/2026),1,0,0,1,46269,,,Y,Overactive Bladder,Y,Solifenacin 5mg tablets (14/08/2026),,,,,,,,,Y,3,Solifenacin 5mg tablets,Y,Hypertension (02/09/2025),,,,,1 - Patients with OAB currently receiving antimuscarinic therapy only,,Action: facilitate overactive bladder management review,Action - invite to pharmacist led clinic,Y,Letter,46274,,,,,,,,,,71,164,26.4,Overweight (25-29.9),,,Y,,,,,,0,0,Y,,,,Y,,,,Y,,,,,Y,Y,,,,,,Y,ECG,38489,,,Y,,,,,,,,Y,,Y,6.7,46107,,,,,,,Current,,,,132/77,46234,90,46212,140,46212,4.1,46212,7.7,46212,69,46212,12,46212,,,74,46212,12,46212,44,46212,39,46212,,,,,,,,3,Solifenacin 5mg tablets,,,,,,,,,,,,,,,,,,,,,,,,,,,,,,,,,,,,,,,,,,,,,,,,,,,,,,,,,,,,,0,1,1,1,1,0,0,0,0,0,0
,,,15127,71,Female,White British - ethnic category 2001 census,,,,,,,,,,,,,,,,,,,,,,,Constipation,45945,,,,,Palpitations,45268,Dizziness symptom,39727,,,Urinary incontinence,45138,,,,,,,,,,,,,,,,,,,,,,,,,,,,,Seen in gynaecology clinic,43895,,,,,,,,,,,,,,,Mild depression,44350,,,,,Anxious,40953,,,,,Urge incontinence of urine,45966,FREQUENCY MICTURITION,35864,,,,,,,Cystitis,37306,24 Hour ECG,45279,,,,,,,,,,,,,,,,,,,,,,,,,,,,,,,,,Solifenacin 5mg tablets,45966,,,,,,,,,,,,,,,,,,,,,,69,45604,164,45604,25.7,45604,130,79,46150,75,45413,41,46204,Serum ALT level,21,45413,Serum alkaline phosphatase,73,45413,,,,5,45413,68,45413,4.3,45271,139,45413,6.1,45413,41,45413,,,,,,Constipation (15/10/2025),,,Dizziness symptom (06/10/2008),Palpitations (08/12/2023),,0,,0,,0,,,,,,,,,0,0,,,Seen in gynaecology clinic (05/03/2020),,0,0,0,,,,,,,Cystitis (19/02/2002),,,,,,,,,,,,,Anxious (14/02/2012),Mild depression (03/06/2021),,,Urge incontinence of urine (05/11/2025),Urinary incontinence (31/07/2023),FREQUENCY MICTURITION (10/03/1998),,,(Solifenacin 5mg tablets (05/11/2025)),,"Constipation (15/10/2025)
Dizziness symptom (06/10/2008)
Palpitations (08/12/2023)",,0,0,1,4,46269,,,Y,Overactive Bladder,,,Y,Solifenacin 5mg tablets (05/11/2025),,,,,,,,0,,Y,"Constipation (15/10/2025)
Dizziness symptom (06/10/2008)
Palpitations (08/12/2023)",,,,,"4 - Patients with OAB symptoms who are not currently receiving active treatment, have evidence of previous treatment failure, and who may benefit from management optimisation and/or initiation of pharmacological therapy",,Action: facilitate overactive bladder management review,Action - invite to pharmacist led clinic,Y,Letter,46274,,,,,,,,,,69,164,25.7,Overweight (25-29.9),,,,,,,,,0,0,,,Y,,Y,,,,,,,Y,,,,,,,,,,24 Hour ECG,45279,,,,Y,,,Y,Y,,Y,Y,,,,,Y,Y,Y,,,,Past,,,,130/79,46150,75,45413,139,45413,4.3,45271,6.1,45413,68,45413,21,45413,,,73,45413,5,45413,41,45413,41,46204,,,,,,,,0,,,,,,,,,,,,,,,,,,,,,,,,,,,,,,,,,,,,,,,,,,,,,,,,,,,,,,,,,,,,,,0,1,1,1,1,0,0,0,0,0,0
,,,15282,75,Female,White British - ethnic category 2001 census,,,,,,,,,,,,,,,,,,,,,Glaucoma,40400,Constipation,43815,Dry mouth,44312,,,Palpitations,46238,DIZZINESS,36027,,,Incontinence of urine,42835,,,,,,,,,,,,,,,,,,,,,,,,,,,,,Seen in gynaecology clinic,41288,,,,,Essential hypertension,42720,,,,,,,,,Recurrent depression,40548,,,,,,,,,,,Urgency of micturition,40213,,,,,,,,,Cystitis,42396,ECG,45995,,,,,,,,,Solifenacin 10mg tablets,46254,Incontinence of urine,,,,,,,,,,,,,,,,,,,,,,Propiverine 15mg tablets,40213,,,,,,,,,,,,,,Loratadine 10mg tablets,46254,,,Amitriptyline 10mg tablets,46254,Solifenacin 10mg tablets,46254,75,46101,154,46101,31.62,46101,125,80,46261,73,46196,45,46196,Serum ALT level,117,46239,Serum alkaline phosphatase,652,46239,,,,7,46239,68,46196,4.3,46196,138,46196,5.6,46196,48,46239,,,Alcohol intake within recommended sensible limits,,46240,Constipation (16/12/2019),Glaucoma (10/08/2010),Dry mouth (26/04/2021),DIZZINESS (20/08/1998),Palpitations (04/08/2026),,1,Loratadine 10mg tablets,0,,2,"Amitriptyline 10mg tablets
Solifenacin 10mg tablets",,,,,,,,1,1,,,Seen in gynaecology clinic (14/01/2013),,0,0,0,,,,,,,Cystitis (27/01/2016),,,,,,,,,Essential hypertension (16/12/2016),,,,,Recurrent depression (05/01/2011),,,Urgency of micturition (04/02/2010),Incontinence of urine (10/04/2017),,,,"Solifenacin 10mg tablets (20/08/2026)
(Propiverine 15mg tablets (04/02/2010))",,"Constipation (16/12/2019)
Glaucoma (10/08/2010)
Dry mouth (26/04/2021)
DIZZINESS (20/08/1998)
Palpitations (04/08/2026)
Essential hypertension (16/12/2016)",Alcohol intake within recommended sensible limits -  (06/08/2026),1,0,1,1,46269,,,Y,Overactive Bladder,Y,Solifenacin 10mg tablets (20/08/2026),Y,Propiverine 15mg tablets (04/02/2010),,,,,Y,,Y,7,"Loratadine 10mg tablets
Amitriptyline 10mg tablets
Solifenacin 10mg tablets",Y,"Constipation (16/12/2019)
Glaucoma (10/08/2010)
Dry mouth (26/04/2021)
DIZZINESS (20/08/1998)
Palpitations (04/08/2026)
Essential hypertension (16/12/2016)",,,,,1 - Patients with OAB currently receiving antimuscarinic therapy only,,Action: facilitate overactive bladder management review,Action - invite to pharmacist led clinic,Y,Letter,46274,,,,,,,,,,75,154,31.62,Obesity I (30-34.9),,,,,,,,,1,1,,,Y,,Y,,,,,,,Y,,,,,,,,,Y,ECG,45995,,,,Y,Y,Y,Y,Y,,,Y,,,,,Y,Y,,,,,Current,,,,125/80,46261,73,46196,138,46196,4.3,46196,5.6,46196,68,46196,117,46239,,,652,46239,7,46239,48,46239,45,46196,,,,,,,,7,"Loratadine 10mg tablets
Amitriptyline 10mg tablets
Solifenacin 10mg tablets",,,,,,,,,,,,,,,,,,,,,,,,,,,,,,,,,,,,,,,,,,,,,,,,,,,,,,,,,,,,,0,1,1,1,1,0,0,0,0,0,0
,,,15319,68,Female,White: English or Welsh or Scottish or Northern Irish or British - England and Wales ethnic category 2011 census,,,,,,,,,,,,,,,,,,,,,,,,,,,,,,,,,,,Incontinence of urine,43004,Overactive bladder,45114,Overactive bladder,45135,,,,,,,,,,,,,,,,,,,,,,,,,Seen in gynaecology clinic,41199,,,,,Essential hypertension,45009,,,,,,,,,,,,,,,,,,,,,,,,,,,,,,,,,,,,,,,,,,,Solifenacin 10mg tablets,46258,,,,,,,,,,,,,,,,,,,,,,,Darifenacin 15mg modified-release tablets,45679,Varicose veins of lower extremity,,,,,,,,,,,,,,,,,,,Solifenacin 10mg tablets,46258,102,46106,173,46106,34.08,46106,117,74,46106,40,46106,42,46106,Serum ALT level,20,46106,Serum alkaline phosphatase,103,46106,,,,18,46106,117,46106,4.3,46106,144,46106,7.5,46106,43,46106,,,Alcohol units consumed per week,4,46106,,,,,,,0,,0,,1,Solifenacin 10mg tablets,,,,,,,,0,0,,,Seen in gynaecology clinic (17/10/2012),,0,0,0,,,,,,,,,,,,,,,,Essential hypertension (24/03/2023),,,,,,,,,Incontinence of urine (26/09/2017),,,,"Solifenacin 10mg tablets (24/08/2026)
(Darifenacin 15mg modified-release tablets (22/01/2025))",,Essential hypertension (24/03/2023),Alcohol units consumed per week - 4 (25/03/2026),1,0,1,1,46269,Overactive bladder (07/07/2023),Overactive bladder (28/07/2023),Y,Overactive Bladder,Y,Solifenacin 10mg tablets (24/08/2026),Y,Darifenacin 15mg modified-release tablets (22/01/2025),,,,,,,Y,3,Solifenacin 10mg tablets,Y,Essential hypertension (24/03/2023),,,,,1 - Patients with OAB currently receiving antimuscarinic therapy only,,Action: facilitate overactive bladder management review,Action - invite to pharmacist led clinic,Y,Letter,46274,,,,,,,,,,102,173,34.08,Obesity I (30-34.9),,,,,,,,,0,0,,,Y,,Y,,,,,,,,,,,,,,,,Y,,,,,,,,,,,,,,,,,,,Y,,,,,Current,,,,117/74,46106,40,46106,144,46106,4.3,46106,7.5,46106,117,46106,20,46106,,,103,46106,18,46106,43,46106,42,46106,,,,,,,,3,Solifenacin 10mg tablets,,,,,,,,,,,,,,,,,,,,,,,,,,,,,,,,,,,,,,,,,,,,,,,,,,,,,,,,,,,,,0,1,1,1,1,0,0,0,0,0,0
,,,15374,77,Male,White: English or Welsh or Scottish or Northern Irish or British - England and Wales ethnic category 2011 census,,,,,,,,,,,Malignant neoplasm of prostate,45936,,,,,,,,,,,,,,,,,,,,,,,,,Overactive bladder,46148,Overactive bladder,46148,,,,,,,,,,,,,,,,,Malignant neoplasm of prostate,45936,Malignant neoplasm of prostate,45936,Seen in urology clinic,46097,,,,,,,,,,,,,,,,,,,,,,,,,,,,,,,Urgency of micturition,42674,,,,,,,,,,,,,,,,,,,,,,,,,,,,,,Tamsulosin 400microgram modified-release capsules,46108,,,,,,,,,,,,,,Solifenacin 5mg tablets,46148,,,,,Tamsulosin 400microgram modified-release capsules,43851,,,,,,,,,,,,,,,,81,45169,,,26.45,45169,136,80,46185,64,46093,44,46093,Serum ALT level,27,46093,Serum alkaline phosphatase,64,46093,,,,8,46093,99,46093,4.4,46093,138,46093,8.9,46093,42,46093,0.04,46223,Alcohol units consumed per week,0,45427,,,,,,,0,,0,,0,,,Malignant neoplasm of prostate (06/10/2025),,,,,,0,0,Seen in urology clinic (16/03/2026),,,,0,0,0,,,,Malignant neoplasm of prostate (06/10/2025),,,,,Malignant neoplasm of prostate (06/10/2025),Malignant neoplasm of prostate (06/10/2025),,,,,,,,,,,,,,Urgency of micturition (31/10/2016),,,Tamsulosin 400microgram modified-release capsules (27/03/2026),,(Solifenacin 5mg tablets (06/05/2026)),,,Alcohol units consumed per week - 0 (15/05/2024),0,0,1,4,46269,Overactive bladder (06/05/2026),Overactive bladder (06/05/2026),Y,Overactive Bladder,,,Y,Solifenacin 5mg tablets (06/05/2026),,,,,,,,0,,,,,,,,"4 - Patients with OAB symptoms who are not currently receiving active treatment, have evidence of previous treatment failure, and who may benefit from management optimisation and/or initiation of pharmacological therapy",,Action: facilitate overactive bladder management review,Action - invite to pharmacist led clinic,Y,Letter,46274,,,,,,,,,,81,,26.45,Overweight (25-29.9),,,Y,,,,,,0,0,Y,,,,Y,,,,Y,,,,,Y,Y,,,,,,,,,,,,,,,,,,,,,,0.04,46223,Y,,,,Y,,Past,,,,136/80,46185,64,46093,138,46093,4.4,46093,8.9,46093,99,46093,27,46093,,,64,46093,8,46093,42,46093,44,46093,,,,,,,,0,,,,,,,,,,,,,,,,,,,,,,,,,,,,,,,,,,,,,,,,,,,,,,,,,,,,,,,,,,,,,,0,1,1,1,1,0,0,0,0,0,1
,,,15642,66,Female,White British - ethnic category 2001 census,,,Housebound,45352,,,,,,,,,,,,,,,,,,,Constipation,46133,,,,,Palpitations,38155,Dizziness symptom,42633,,,Urinary incontinence,44147,,,,,,,,,,,,,,,,,,,,,,,,,Seen in urology clinic,44476,,,Seen in gynaecology clinic,42444,,,,,Essential hypertension,45481,,,,,,,,,[X]Depression NOS,42913,,,,,Anxiousness - symptom,40676,,,,,,,,,,,,,,,,,ECG,45519,,,,,,,,,Darifenacin 7.5mg modified-release tablets,46240,[RFC] Urinary incontinence,,,,,,,,,,,,,,,,Furosemide 20mg tablets,46248,,,,,Tolterodine 2mg tablets,43650,,,,,,,,,,,,,,Diazepam 2mg tablets,46240,,,Clomipramine 25mg capsules,46240,Darifenacin 7.5mg modified-release tablets,46240,96.8,45772,152,45772,41.9,45772,129,90,46218,66,46189,49,46189,Serum ALT level,62,46148,Serum alkaline phosphatase,193,46148,,,,6,46148,76,46189,4.3,46189,142,46189,5.4,46189,45,46148,,,,,,Constipation (21/04/2026),,,Dizziness symptom (20/09/2016),Palpitations (17/06/2004),,2,"Diazepam 2mg tablets
Furosemide 20mg tablets",0,,4,"Clomipramine 25mg capsules
Olanzapine 10mg tablets
Olanzapine 2.5mg tablets
Darifenacin 7.5mg modified-release tablets",,,,,,,,1,1,Seen in urology clinic (07/10/2021),,Seen in gynaecology clinic (15/03/2016),,0,0,0,,,,,,,,,,,,,,,,Essential hypertension (08/07/2024),,,Furosemide 20mg tablets (14/08/2026),Anxiousness - symptom (13/05/2011),[X]Depression NOS (27/06/2017),,,,Urinary incontinence (12/11/2020),,,,"Darifenacin 7.5mg modified-release tablets (06/08/2026)
(Tolterodine 2mg tablets (04/07/2019))",,"Constipation (21/04/2026)
Dizziness symptom (20/09/2016)
Palpitations (17/06/2004)
Essential hypertension (08/07/2024)",,1,0,1,1,46269,,,Y,Overactive Bladder,Y,Darifenacin 7.5mg modified-release tablets (06/08/2026),Y,Tolterodine 2mg tablets (04/07/2019),,,,,Y,,Y,14,"Diazepam 2mg tablets
Furosemide 20mg tablets
Clomipramine 25mg capsules
Olanzapine 10mg tablets
Olanzapine 2.5mg tablets
Darifenacin 7.5mg modified-release tablets",Y,"Constipation (21/04/2026)
Dizziness symptom (20/09/2016)
Palpitations (17/06/2004)
Essential hypertension (08/07/2024)",,,,,1 - Patients with OAB currently receiving antimuscarinic therapy only,,Action: facilitate overactive bladder management review,Action - invite to pharmacist led clinic,Y,Letter,46274,,,,,,,,,,96.8,152,41.9,Obesity III (40 or more),,,,,,,,,1,1,Y,,Y,,Y,,,,,,,,,,,,,,,,Y,ECG,45519,,,Y,Y,,,Y,Y,,Y,Y,,,,,,Y,,,,,Current,,,,129/90,46218,66,46189,142,46189,4.3,46189,5.4,46189,76,46189,62,46148,,,193,46148,6,46148,45,46148,49,46189,,,,,,,,14,"Diazepam 2mg tablets
Furosemide 20mg tablets
Clomipramine 25mg capsules
Olanzapine 10mg tablets
Olanzapine 2.5mg tablets
Darifenacin 7.5mg modified-release tablets",,,,,,,,,,,,,,,,,,,,,,,,,,,,,,,,,,,,,,,,,,,,,,,,,,,,,,,,,,,,,0,1,1,1,1,0,0,0,0,0,0
,,,16513,23,Female,Other ethnic group: any other ethnic group - England and Wales ethnic category 2011 census,,,,,,,,,,,,,,,,,,,,,,,Constipation symptom,41858,,,,,,,,,,,Urinary incontinence,46028,,,,,,,,,,,,,,,,,,,,,,,,,Seen in urology clinic,43685,,,,,,,,,,,,,,,,,,,,,,,,,,,,,,,Urgent desire to urinate,45936,,,,,,,,,,,,,,,,,,,,,Solifenacin 10mg tablets,46211,Urinary incontinence,,,,,,,,,,,,,,,,,,,,,,Oxybutynin 2.5mg/5ml oral solution,40556,,,,,,,,,,,,,,,,,,,,Solifenacin 10mg tablets,46211,,,,,,,,,,,,,,,,,,,,,,,,,,,,,,,,,,,,,,,,Constipation symptom (07/08/2014),,,,,,0,,0,,1,Solifenacin 10mg tablets,,,,,,,,0,0,Seen in urology clinic (08/08/2019),,,,0,0,0,,,,,,,,,,,,,,,,,,,,,,,,Urgent desire to urinate (06/10/2025),Urinary incontinence (06/01/2026),,,,"Solifenacin 10mg tablets (08/07/2026)
(Oxybutynin 2.5mg/5ml oral solution (13/01/2011))",,Constipation symptom (07/08/2014),,1,0,1,1,46269,,,Y,Overactive Bladder,Y,Solifenacin 10mg tablets (08/07/2026),Y,Oxybutynin 2.5mg/5ml oral solution (13/01/2011),,,,,,,Y,3,Solifenacin 10mg tablets,Y,Constipation symptom (07/08/2014),,,,,1 - Patients with OAB currently receiving antimuscarinic therapy only,,Action: facilitate overactive bladder management review,Action - invite to pharmacist led clinic,Y,Letter,46274,,,,,,,,,,,,,,,,,,,,,,0,0,Y,,,,Y,,,,,,,,,,,,,,,,,,,,,,Y,,,,,,,,,,,,Y,Y,,,,,Current,,,,,,,,,,,,,,,,,,,,,,,,,,,,,,,,,,,3,Solifenacin 10mg tablets,,,,,,,,,,,,,,,,,,,,,,,,,,,,,,,,,,,,,,,,,,,,,,,,,,,,,,,,,,,,,0,1,1,1,1,0,0,0,0,0,0
,,,16865,73,Male,White British - ethnic category 2001 census,,,,,,,,,,,,,,,,,,,,,,,Constipation,46101,,,[X]Mild cognitive disorder,43768,,,,,,,,,,,,,,,,,,,,,,,,,,,,,BPH - Benign prostatic hypertrophy,42717,,,Seen in urology clinic,41193,,,,,,,,,Hypertensive disease,42263,,,,,,,,,,,,,,,,,,,,,Urge incontinence of urine,42263,Urinary frequency,41557,,,,,,,,,,,,,,,,,,,Oxybutynin 5mg tablets,46230,Urge incontinence of urine,,,,,,,,,,,,,,,,,,,,,,Oxybutynin 5mg tablets,41124,,,,,Tamsulosin 400microgram modified-release capsules,40932,,,,,,,,,,,,,,Oxybutynin 5mg tablets,46230,144,46055,185.42,46055,41.88,46055,136,72,46071,82,46071,41,46071,Serum ALT level,22,46071,Serum alkaline phosphatase,123,46071,,,,16,46071,80,46071,4.2,46071,145,46071,5.6,46071,42,46071,0.64,45680,Alcohol units consumed per week,30,46085,Constipation (20/03/2026),,,,,[X]Mild cognitive disorder (30/10/2019),0,,0,,1,Oxybutynin 5mg tablets,,,,,,,,0,0,Seen in urology clinic (11/10/2012),,,,0,0,0,,,,BPH - Benign prostatic hypertrophy (13/12/2016),,,,,,,,,,,,Hypertensive disease (16/09/2015),,,,,,,,Urge incontinence of urine (16/09/2015),,Urinary frequency (10/10/2013),,,"Oxybutynin 5mg tablets (27/07/2026)
(Oxybutynin 5mg tablets (03/08/2012))",,"Constipation (20/03/2026)
[X]Mild cognitive disorder (30/10/2019)
Hypertensive disease (16/09/2015)",Alcohol units consumed per week - 30 (04/03/2026),1,0,1,1,46269,,,Y,Overactive Bladder,Y,Oxybutynin 5mg tablets (27/07/2026),Y,Oxybutynin 5mg tablets (03/08/2012),,,,,,,Y,3,Oxybutynin 5mg tablets,Y,"Constipation (20/03/2026)
[X]Mild cognitive disorder (30/10/2019)
Hypertensive disease (16/09/2015)",,,,,1 - Patients with OAB currently receiving antimuscarinic therapy only,,Action: facilitate overactive bladder management review,Action - invite to pharmacist led clinic,Y,Letter,46274,,,,,,,,,,144,185.42,41.88,Obesity III (40 or more),,,,,,,,,0,0,Y,,,,Y,,,,Y,,,,,,,,,,,,Y,,,,,,Y,,,,,Y,,,,,0.64,45680,Y,,Y,,,,Current,,,,136/72,46071,82,46071,145,46071,4.2,46071,5.6,46071,80,46071,22,46071,,,123,46071,16,46071,42,46071,41,46071,,,,,,,,3,Oxybutynin 5mg tablets,,,,,,,,,,,,,,,,,,,,,,,,,,,,,,,,,,,,,,,,,,,,,,,,,,,,,,,,,,,,,0,1,1,1,1,0,0,0,0,0,0
,,,17015,65,Female,White: English or Welsh or Scottish or Northern Irish or British - England and Wales ethnic category 2011 census,,,,,,,,,,,,,,,,,,,,,,,,,,,,,,,Dizziness,45419,,,Incontinence of urine,42895,,,,,,,,,,,,,,,Recurrent urinary tract infections,38097,,,,,,,,,,,,,Seen in gynaecology clinic,44523,Type 2 diabetes mellitus,46098,Worsening angina,38168,Essential hypertension,46098,,,,,Worsening angina,38168,,,Anxiety with depression,38562,,,,,Anxiousness - symptom,42341,,,,,Urge incontinence of urine,42874,,,,,,,,,,,Exercise ECG,37991,,,,,,,,,,,,Vibegron 75mg tablets,46246,,,,,,,,,,,,,,,,,,,,Darifenacin 15mg modified-release tablets,42325,,,,,,,,,,,,,,Co-codamol 30mg/500mg capsules,46246,,,Amitriptyline 10mg tablets,46246,,,94,46255,157,46255,38.14,46255,120,75,46255,74,46233,69,46233,Serum ALT level,31,46233,Serum alkaline phosphatase,63,46233,,,,6,46233,69,46233,4.6,46233,137,46233,5.7,46233,44,46233,,,Alcohol units consumed per week,0,46255,,,,Dizziness (07/05/2024),,,4,"Co-codamol 30mg/500mg capsules
Coracten SR 10mg capsules (Teofarma S.r.l.)
Isosorbide mononitrate 10mg tablets
Loperamide 2mg capsules",0,,1,Amitriptyline 10mg tablets,,,,,,,Recurrent urinary tract infections (20/04/2004),0,0,,,Seen in gynaecology clinic (23/11/2021),,0,2,2,,,,,,,,Type 2 diabetes mellitus (17/03/2026),,,Worsening angina (30/06/2004),,,,Worsening angina (30/06/2004),Essential hypertension (17/03/2026),,,,Anxiousness - symptom (03/12/2015),Anxiety with depression (29/07/2005),,,Urge incontinence of urine (19/05/2017),Incontinence of urine (09/06/2017),,,,(Darifenacin 15mg modified-release tablets (17/11/2015)),"Vibegron 75mg tablets (12/08/2026)
()","Dizziness (07/05/2024)
Essential hypertension (17/03/2026)",Alcohol units consumed per week - 0 (21/08/2026),0,1,1,2,46269,,,Y,Overactive Bladder,,,Y,Darifenacin 15mg modified-release tablets (17/11/2015),Y,Vibegron 75mg tablets (12/08/2026),,,Y,,Y,7,"Co-codamol 30mg/500mg capsules
Coracten SR 10mg capsules (Teofarma S.r.l.)
Isosorbide mononitrate 10mg tablets
Loperamide 2mg capsules
Amitriptyline 10mg tablets",Y,"Dizziness (07/05/2024)
Essential hypertension (17/03/2026)",,,,,2 - Patients with OAB currently receiving beta-3 agonist therapy only,,Action: facilitate overactive bladder management review,Action - invite to pharmacist led clinic,Y,Letter,46274,,,,,,,,,,94,157,38.14,Obesity II (35-39.9),,,,,,,,Y,0,0,,,Y,,Y,,,,,,,,Y,,,Y,,,,Y,Y,Exercise ECG,37991,,,,,,,Y,,,Y,Y,,,,,Y,Y,,,,,Past,Current,,,120/75,46255,74,46233,137,46233,4.6,46233,5.7,46233,69,46233,31,46233,,,63,46233,6,46233,44,46233,69,46233,,,,,,,,7,"Co-codamol 30mg/500mg capsules
Coracten SR 10mg capsules (Teofarma S.r.l.)
Isosorbide mononitrate 10mg tablets
Loperamide 2mg capsules
Amitriptyline 10mg tablets",,,,,,,,,,,,,,,,,,,,,,,,,,,,,,,,,,,,,,,,,,,,,,,,,,,,,,,,,,,,,0,1,1,1,1,0,0,0,0,0,0
,,,17016,38,Male,White: English or Welsh or Scottish or Northern Irish or British - England and Wales ethnic category 2011 census,,,,,,,,,,,,,,,Neuropathic bladder,44145,,,Retention of urine,45699,,,Constipation,44921,,,,,,,Dizziness,41603,,,Incontinence of urine,38670,,,,,Incontinence of faeces,44920,,,,,,,,,Recurrent urinary tract infection,46246,,,,,,,,,Seen in urology clinic,46218,,,,,Type 2 diabetes mellitus,45953,Angina,45379,Essential hypertension,45953,,,,,Angina,45379,,,Depression,45313,,,,,,,,,,,,,,,Sweating symptom,39198,,,,,,,ECG - general,43749,,,,,,,,,Oxybutynin 5mg/5ml oral solution sugar free,46268,,,,,,,,,,,,,,,,,,,,LINC all silicone catheter with integral balloon and glycerine filled syringe male 16Ch 08501630 30ml balloon (LINC Medical Systems Ltd),45947,Medication requested,Darifenacin 7.5mg modified-release tablets,43332,,Mirabegron 50mg modified-release tablets,44237,,,,,,,,,,,Cimetidine 200mg/5ml oral solution,46268,,,Hyoscine butylbromide 10mg/5ml oral suspension,46268,Oxybutynin 5mg/5ml oral solution sugar free,46268,180,46244,163,46244,67.75,46244,122,82,45953,90,46141,36,46141,Serum ALT level,62,45929,Serum alkaline phosphatase,93,45929,,,,7,45929,78,46141,4.2,46141,142,46141,4.3,46141,47,45929,0.5,41022,Alcohol units consumed per week,0,45923,Constipation (26/12/2022),,,Dizziness (25/11/2013),,,1,Cimetidine 200mg/5ml oral solution,0,,2,"Hyoscine butylbromide 10mg/5ml oral suspension
Oxybutynin 5mg/5ml oral solution sugar free",Incontinence of faeces (25/12/2022),Retention of urine (11/02/2025),,,,,Recurrent urinary tract infection (12/08/2026),7,50,Seen in urology clinic (15/07/2026),,,,3,3,6,,,,,Sweating symptom (26/04/2007),,,Type 2 diabetes mellitus (23/10/2025),,,Angina (28/03/2024),,,,Angina (28/03/2024),Essential hypertension (23/10/2025),,,,,Depression (22/01/2024),,,,Incontinence of urine (14/11/2005),,,,"Oxybutynin 5mg/5ml oral solution sugar free (03/09/2026)
(Darifenacin 7.5mg modified-release tablets (20/08/2018))",(Mirabegron 50mg modified-release tablets (10/02/2021)),"Constipation (26/12/2022)
Dizziness (25/11/2013)
Essential hypertension (23/10/2025)",Alcohol units consumed per week - 0 (23/09/2025),1,0,1,1,46269,,,Y,Overactive Bladder,Y,Oxybutynin 5mg/5ml oral solution sugar free (03/09/2026),Y,Darifenacin 7.5mg modified-release tablets (20/08/2018),,,Y,Mirabegron 50mg modified-release tablets (10/02/2021),Y,,Y,7,"Cimetidine 200mg/5ml oral solution
Hyoscine butylbromide 10mg/5ml oral suspension
Oxybutynin 5mg/5ml oral solution sugar free",Y,"Constipation (26/12/2022)
Dizziness (25/11/2013)
Essential hypertension (23/10/2025)",,,,,1 - Patients with OAB currently receiving antimuscarinic therapy only,,Action: facilitate overactive bladder management review,Action - invite to pharmacist led clinic,Y,Letter,46274,,,,,,,,,,180,163,67.75,Obesity III (40 or more),,Y,Y,,,,,Y,7,50,Y,,,,Y,,,,,Y,,,Y,,,Y,,,,Y,Y,ECG - general,43749,,,,Y,,,Y,,,,Y,,,0.5,41022,,Y,,,,,Current,Past,,,122/82,45953,90,46141,142,46141,4.2,46141,4.3,46141,78,46141,62,45929,,,93,45929,7,45929,47,45929,36,46141,,,,,,,,7,"Cimetidine 200mg/5ml oral solution
Hyoscine butylbromide 10mg/5ml oral suspension
Oxybutynin 5mg/5ml oral solution sugar free",,,,,,,,,,,,,,,,,,,,,,,,,,,,,,,,,,,,,,,,,,,,,,,,,,,,,,,,,,,,,0,1,1,1,1,0,0,0,0,0,0
,,,17027,60,Female,White: English or Welsh or Scottish or Northern Irish or British - England and Wales ethnic category 2011 census,,,,,,,,,,,,,,,,,,,,,,,Constipation symptom,42300,,,,,,,Dizziness,45183,,,Incontinence of urine,41402,,,,,,,,,,,,,,,,,,,,,,,,,Seen in urology clinic,45755,,,Seen by gynaecologist,40940,,,,,Hypertension NOS,45259,,,,,,,,,,,,,,,,,,,,,,,,,,,,,,,,,ECG,45250,,,,,,,,,,,,Mirabegron 50mg modified-release tablets,46259,Urinary symptoms,,,,,,,,,,,,,,,,,,,Solifenacin 10mg tablets,41760,,Mirabegron 50mg modified-release tablets,41824,,,,,,,,Duloxetine 30mg gastro-resistant capsules,41631,,,,,,,,,,100.1,45750,158,45750,40.1,45750,125,70,46063,90,45660,36,45660,Serum ALT level,21,45660,Serum alkaline phosphatase,100,45660,,,,10,45660,57,45660,4.6,45660,141,45660,8,45660,45,45660,,,Occasional drinker,,46225,Constipation symptom (23/10/2015),,,Dizziness (14/09/2023),,,0,,0,,0,,,,,,,,,0,0,Seen in urology clinic (08/04/2025),,Seen by gynaecologist (01/02/2012),,0,0,0,,,,,,,,,,,,,,,,Hypertension NOS (29/11/2023),,,,,,,,,Incontinence of urine (08/05/2013),,,,(Solifenacin 10mg tablets (01/05/2014)),"Mirabegron 50mg modified-release tablets (25/08/2026)
(Mirabegron 50mg modified-release tablets (04/07/2014))","Constipation symptom (23/10/2015)
Dizziness (14/09/2023)
Hypertension NOS (29/11/2023)",Occasional drinker -  (22/07/2026),0,1,1,2,46269,,,Y,Overactive Bladder,,,Y,Solifenacin 10mg tablets (01/05/2014),Y,Mirabegron 50mg modified-release tablets (25/08/2026),Y,Mirabegron 50mg modified-release tablets (04/07/2014),,,,0,,Y,"Constipation symptom (23/10/2015)
Dizziness (14/09/2023)
Hypertension NOS (29/11/2023)",,,,,2 - Patients with OAB currently receiving beta-3 agonist therapy only,,Action: facilitate overactive bladder management review,Action - invite to pharmacist led clinic,Y,Letter,46274,,,,,,,,,,100.1,158,40.1,Obesity III (40 or more),,,,,,,,,0,0,Y,,Y,,Y,,,,,,,,,,,,,,,,Y,ECG,45250,,,,Y,,,Y,,,,,,,,,,Y,,,,,Past,Current,,,125/70,46063,90,45660,141,45660,4.6,45660,8,45660,57,45660,21,45660,,,100,45660,10,45660,45,45660,36,45660,,,,,,,,0,,,,,,,,,,,,,,,,,,,,,,,,,,,,,,,,,,,,,,,,,,,,,,,,,,,,,,,,,,,,,,0,1,1,1,1,0,0,0,0,0,0
,,,17492,83,Male,White British - ethnic category 2001 census,,,,,,,,,,,,,,,,,,,,,,,Constipation,45215,,,,,Palpitations,46085,Dizziness symptom,42519,,,Incontinence of urine,42172,,,,,,,,,,,,,,,Recurrent urinary tract infection,45757,,,,,Prostatism,40767,Malignant neoplasm of urinary bladder,45555,Seen in urology clinic,45910,,,,,Diabetes mellitus,45644,,,Essential hypertension,46192,,,,,,,,,Mixed anxiety and depressive disorder,46268,,,,,,,,,,,[D] Urge incontinence,42107,,,,,Adverse reaction to Tamsulosin Hydrochloride,44680,,,,,Ambulatory ECG,45952,,,,,,,,,Solifenacin 5mg tablets,46246,Incontinence of urine,,,,Finasteride 5mg tablets,46267,Suspected UTI (urinary tract infection),,,,,,,,,,,,,,,,Darifenacin 7.5mg modified-release tablets,44082,,,,,Tamsulosin 400microgram modified-release capsules,,,Finasteride 5mg tablets,45175,,Duloxetine 20mg gastro-resistant capsules,39463,,,,,,Hyoscine butylbromide 10mg tablets,46266,Solifenacin 5mg tablets,46246,75,46192,175,46192,24.5,46192,134,68,46192,77,46248,37,46248,Serum ALT level,23,46248,Serum alkaline phosphatase,62,46248,,,,8,46248,83,46248,4.2,46248,139,46248,4.7,46248,47,46248,3.1,44551,Alcohol units consumed per week,0,45959,Constipation (16/10/2023),,,Dizziness symptom (29/05/2016),Palpitations (04/03/2026),,0,,0,,2,"Hyoscine butylbromide 10mg tablets
Solifenacin 5mg tablets",,Malignant neoplasm of urinary bladder (20/09/2024),,,,,Recurrent urinary tract infection (10/04/2025),2,2,Seen in urology clinic (10/09/2025),,,,0,2,2,,,,Prostatism (12/08/2011),,,,Diabetes mellitus (18/12/2024),,Malignant neoplasm of urinary bladder (20/09/2024),,,,,,Essential hypertension (19/06/2026),,,,,Mixed anxiety and depressive disorder (03/09/2026),,,[D] Urge incontinence (13/04/2015),Incontinence of urine (17/06/2015),,,Finasteride 5mg tablets (02/09/2026),"Solifenacin 5mg tablets (12/08/2026)
(Darifenacin 7.5mg modified-release tablets (08/09/2020))",,"Constipation (16/10/2023)
Dizziness symptom (29/05/2016)
Palpitations (04/03/2026)
Essential hypertension (19/06/2026)",Alcohol units consumed per week - 0 (29/10/2025),1,0,1,1,46269,,,Y,Overactive Bladder,Y,Solifenacin 5mg tablets (12/08/2026),Y,Darifenacin 7.5mg modified-release tablets (08/09/2020),,,,,,,Y,6,"Hyoscine butylbromide 10mg tablets
Solifenacin 5mg tablets",Y,"Constipation (16/10/2023)
Dizziness symptom (29/05/2016)
Palpitations (04/03/2026)
Essential hypertension (19/06/2026)",Y,Adverse reaction to Tamsulosin Hydrochloride (29/04/2022),,,1 - Patients with OAB currently receiving antimuscarinic therapy only,,Action: facilitate overactive bladder management review,Action - invite to pharmacist led clinic,Y,Letter,46274,,,,,,,,,,75,175,24.5,Healthy weight (18.5-24.9),,,Y,,,,,Y,2,2,Y,,,,Y,,,,Y,,,,Y,,Y,,,,,,Y,Ambulatory ECG,45952,,,,Y,,,Y,Y,,,Y,,,3.1,44551,Y,Y,,,,Y,Current,,,,134/68,46192,77,46248,139,46248,4.2,46248,4.7,46248,83,46248,23,46248,,,62,46248,8,46248,47,46248,37,46248,,,,,,,,6,"Hyoscine butylbromide 10mg tablets
Solifenacin 5mg tablets",Adverse reaction to Tamsulosin Hydrochloride (29/04/2022),,,,,,,,,,,,,,,,,,,,,,,,,,,,,,,,,,,,,,,,,,,,,,,,,,,,,,,,,,,,0,1,1,1,1,0,0,0,0,0,1
,,,17538,75,Female,White British - ethnic category 2001 census,,,,,,,,,,,,,,,,,BOO - Bladder outflow obstruction,41332,Chronic retention of urine,46045,,,Constipation,45867,,,,,,,,,,,,,,,,,,,,,,,,,,,,,Multiple sclerosis,45601,,,,,,,Seen in urology clinic,46045,,,,,,,Intermittent claudication,46136,Essential hypertension,46028,,,,,,,,,,,,,,,Anxiousness,42359,Falls,38553,,,,,,,,,,,,,,,ECG done,46021,,,,,,,,,Solifenacin 10mg tablets,46259,,,,,,,,,,,,,,,,,,,,,,,Solifenacin 10mg tablets,45811,,Mirabegron 50mg modified-release tablets,46006,,,,,,,,,,,,,,,,,Solifenacin 10mg tablets,46259,59,46021,165,45764,21.67,46021,125,58,46234,,,34,46058,Serum ALT level,22,46136,Serum alkaline phosphatase,82,46136,,,,10,46136,43,45751,4.3,45595,140,45751,3.8,45751,43,46136,,,Alcohol units consumed per week,20,46021,Constipation (29/07/2025),,,,,,0,,0,,1,Solifenacin 10mg tablets,,Chronic retention of urine (23/01/2026),,,,,,0,0,Seen in urology clinic (23/01/2026),,,,0,0,0,Multiple sclerosis (05/11/2024),Multiple sclerosis (05/11/2024),,,,,,,,,Intermittent claudication (24/04/2026),,,,,Essential hypertension (06/01/2026),,,,Anxiousness (21/12/2015),,,Falls (20/07/2005),,,,,,"Solifenacin 10mg tablets (25/08/2026)
(Solifenacin 10mg tablets (03/06/2025))",(Mirabegron 50mg modified-release tablets (15/12/2025)),"Constipation (29/07/2025)
Essential hypertension (06/01/2026)",Alcohol units consumed per week - 20 (30/12/2025),1,0,1,1,46269,,,Y,Overactive Bladder,Y,Solifenacin 10mg tablets (25/08/2026),Y,Solifenacin 10mg tablets (03/06/2025),,,Y,Mirabegron 50mg modified-release tablets (15/12/2025),,,Y,3,Solifenacin 10mg tablets,Y,"Constipation (29/07/2025)
Essential hypertension (06/01/2026)",,,,,1 - Patients with OAB currently receiving antimuscarinic therapy only,,Action: facilitate overactive bladder management review,Action - invite to pharmacist led clinic,Y,Letter,46274,,,,,,,,,,59,165,21.67,Healthy weight (18.5-24.9),,,Y,,,,,,0,0,Y,,,,Y,Y,Y,,,,,,,,,Y,,,,,Y,ECG done,46021,,,,Y,,,,,,Y,,,Y,,,,,,,,,Current,Past,,,125/58,46234,,,140,45751,4.3,45595,3.8,45751,43,45751,22,46136,,,82,46136,10,46136,43,46136,34,46058,,,,,,,,3,Solifenacin 10mg tablets,,,,,,,,,,,,,,,,,,,,,,,,,,,,,,,,,,,,,,,,,,,,,,,,,,,,,,,,,,,,,0,1,1,1,1,0,0,0,0,0,0
,,,17562,53,Female,White British - ethnic category 2001 census,,,,,,,,,,,,,,,Neurogenic bladder,45972,,,,,,,Constipation symptom,42341,Xerostomia,45890,,,,,,,,,Urinary incontinence,45084,Overactive bladder,42818,Overactive bladder,42880,,,,,,,,,Pregnancy confirmed,39520,Recurrent urinary tract infections,40924,,,,,,,,,Seen in urology clinic,45972,,,Seen in gynaecology clinic,45861,,,,,,,,,,,,,,,,,,,,,,,,,,,,,,,,,,,,,,,,,,,,,,,,,Propiverine 15mg tablets,46261,Incontinence of urine,,,,,,,,,,,,,,,,,,,GentleCath Glide hydrophilic catheter female 10Ch 421571 (ConvaTec Ltd),46253,,Oxybutynin 10mg modified-release tablets,38544,,Mirabegron 50mg modified-release tablets,44985,,,,,,,,,,,,,,,,,Propiverine 15mg tablets,46261,,,,,28.2,45837,132,80,44937,,,36,45835,Serum ALT level,19,45940,Serum alkaline phosphatase,65,45940,,,,6,45940,37,45940,4.3,45940,146,45940,4.5,45940,46,45940,,,,,,Constipation symptom (03/12/2015),,Xerostomia (21/08/2025),,,,0,,0,,3,"Propiverine 15mg tablets
Solifenacin 10mg tablets
Solifenacin 10mg tablets",,,,,,,Recurrent urinary tract infections (16/01/2012),0,0,Seen in urology clinic (11/11/2025),,Seen in gynaecology clinic (23/07/2025),Pregnancy confirmed (13/03/2008),0,0,0,,,,,,,,,,,,,,,,,,,,,,,,,Urinary incontinence (07/06/2023),,,,"Propiverine 15mg tablets (27/08/2026)
(Oxybutynin 10mg modified-release tablets (11/07/2005))",(Mirabegron 50mg modified-release tablets (28/02/2023)),"Constipation symptom (03/12/2015)
Xerostomia (21/08/2025)",,1,0,1,1,46269,Overactive bladder (24/03/2017),Overactive bladder (25/05/2017),Y,Overactive Bladder,Y,Propiverine 15mg tablets (27/08/2026),Y,Oxybutynin 10mg modified-release tablets (11/07/2005),,,Y,Mirabegron 50mg modified-release tablets (28/02/2023),,,Y,9,"Propiverine 15mg tablets
Solifenacin 10mg tablets
Solifenacin 10mg tablets",Y,"Constipation symptom (03/12/2015)
Xerostomia (21/08/2025)",,,,,1 - Patients with OAB currently receiving antimuscarinic therapy only,,Action: facilitate overactive bladder management review,Action - invite to pharmacist led clinic,Y,Letter,46274,,,,,,,,,,,,28.2,Overweight (25-29.9),,,,,,,,Y,0,0,Y,,Y,Y,Y,,,,,,,,,,,,,,,,,,,,,,Y,,Y,,,,,,,,,,,Y,,,,,Current,Past,,,132/80,44937,,,146,45940,4.3,45940,4.5,45940,37,45940,19,45940,,,65,45940,6,45940,46,45940,36,45835,,,,,,,,9,"Propiverine 15mg tablets
Solifenacin 10mg tablets
Solifenacin 10mg tablets",,,,,,,,,,,,,,,,,,,,,,,,,,,,,,,,,,,,,,,,,,,,,,,,,,,,,,,,,,,,,0,1,1,1,1,0,0,0,0,0,0
,,,17896,55,Female,White British - ethnic category 2001 census,,,,,,,,,,,,,,,,,,,,,,,Constipation,44376,,,,,,,,,,,Incontinence of urine,42919,,,,,,,,,,,,,,,,,,,,,,,,,,,,,Seen in gynaecology clinic,46064,,,,,Essential hypertension,45796,,,,,,,,,Mixed anxiety and depressive disorder,44180,,,,,,,,,,,,,,,,,,,,,Acute cystitis,43116,Electrocardiographic procedure,44964,,,,,,,,,,,,Vibegron 75mg tablets,46262,,,,,,,,Duloxetine 30mg gastro-resistant capsules,46262,,,,,,,,,,,Fesoterodine 4mg modified-release tablets,42740,Incontinence of urine,Mirabegron 50mg modified-release tablets,42919,Incontinence of urine,,,,,,,,,,Co-codamol 30mg/500mg tablets,46203,,,,,,,97.978,46251,168,46251,34.71,46251,110,80,46251,60,46218,41,46218,Serum ALT level,23,46218,Serum alkaline phosphatase,71,46218,,,,8,46218,85,46218,4.4,46218,141,46218,4.8,46218,44,46218,,,Alcohol units consumed per week,10,46251,Constipation (29/06/2021),,,,,,1,Co-codamol 30mg/500mg tablets,0,,0,,,,,,,,,1,1,,,Seen in gynaecology clinic (11/02/2026),,0,0,0,,,,,,,Acute cystitis (16/01/2018),,,,,,,,,Essential hypertension (19/05/2025),,,,,Mixed anxiety and depressive disorder (15/12/2020),,,,Incontinence of urine (03/07/2017),,,,(Fesoterodine 4mg modified-release tablets (05/01/2017)),"Vibegron 75mg tablets (28/08/2026)
(Mirabegron 50mg modified-release tablets (03/07/2017))","Constipation (29/06/2021)
Essential hypertension (19/05/2025)",Alcohol units consumed per week - 10 (17/08/2026),0,1,1,2,46269,,,Y,Overactive Bladder,,,Y,Fesoterodine 4mg modified-release tablets (05/01/2017),Y,Vibegron 75mg tablets (28/08/2026),Y,Mirabegron 50mg modified-release tablets (03/07/2017),Y,,,1,Co-codamol 30mg/500mg tablets,Y,"Constipation (29/06/2021)
Essential hypertension (19/05/2025)",,,,,2 - Patients with OAB currently receiving beta-3 agonist therapy only,,Action: facilitate overactive bladder management review,Action - invite to pharmacist led clinic,Y,Letter,46274,,,,,,,,,,97.978,168,34.71,Obesity I (30-34.9),,,,,,,,,1,1,,,Y,,Y,,,,,,,Y,,,,,,,,,Y,Electrocardiographic procedure,44964,,,,Y,,,,,,,Y,,,,,,Y,,,,,Past,Current,,,110/80,46251,60,46218,141,46218,4.4,46218,4.8,46218,85,46218,23,46218,,,71,46218,8,46218,44,46218,41,46218,,,,,,,,1,Co-codamol 30mg/500mg tablets,,,,,,,,,,,,,,,,,,,,,,,,,,,,,,,,,,,,,,,,,,,,,,,,,,,,,,,,,,,,,0,1,1,1,1,0,0,0,0,0,1
,,,18196,77,Female,White British - ethnic category 2001 census,,,,,,,,,,,,,,,,,,,,,,,,,,,,,,,Dizziness symptom,42310,,,Incontinence of urine,41043,Overactive bladder,45419,Overactive bladder,45419,,,,,,,,,,,Recurrent urinary tract infection,45832,,,,,,,,,Seen in urology clinic,41117,,,Seen in gynaecology clinic,45419,Type 2 diabetes mellitus,46227,,,,,,,,,,,,,,,,,,,,,,,Rockwood Clinical Frailty Scale level 6 - moderately frail,46227,,,,,,,,,,,Cystitis,39608,12 lead ECG,46211,ECG: right bundle branch block,45693,,,,,,,,,,,,,,,,,,,,,,,,,,,,,,,,,,,,,,,,,,,Duloxetine 20mg gastro-resistant capsules,,,Co-codamol 30mg/500mg capsules,46245,,,,,,,87,46227,156,46227,35.75,46227,160,100,46258,51,46211,50,46211,Serum ALT level,32,46211,Serum alkaline phosphatase,50,46211,,,,8,46211,93,46211,4.1,46211,141,46211,9.3,46211,48,46211,,,Alcohol units consumed per week,0,46150,,,,Dizziness symptom (02/11/2015),,,2,"Co-codamol 30mg/500mg capsules
Co-codamol 8mg/500mg effervescent tablets",0,,0,,,,,,,,Recurrent urinary tract infection (24/06/2025),1,8,Seen in urology clinic (27/07/2012),,Seen in gynaecology clinic (07/05/2024),,0,0,0,,,,,,,Cystitis (09/06/2008),Type 2 diabetes mellitus (24/07/2026),,,,,,,,,ECG: right bundle branch block (05/02/2025),,,,,Rockwood Clinical Frailty Scale level 6 - moderately frail (24/07/2026),,,Incontinence of urine (14/05/2012),,,,,,"Dizziness symptom (02/11/2015)
ECG: right bundle branch block (05/02/2025)",Alcohol units consumed per week - 0 (08/05/2026),0,0,0,4,46269,Overactive bladder (07/05/2024),Overactive bladder (07/05/2024),Y,Overactive Bladder,,,,,,,,,Y,,,2,"Co-codamol 30mg/500mg capsules
Co-codamol 8mg/500mg effervescent tablets",Y,"Dizziness symptom (02/11/2015)
ECG: right bundle branch block (05/02/2025)",,,,,"4 - Patients with OAB symptoms who are not currently receiving active treatment, have evidence of previous treatment failure, and who may benefit from management optimisation and/or initiation of pharmacological therapy",,Action: facilitate overactive bladder management review,Action - invite to pharmacist led clinic,Y,Letter,46274,,,,,,,,,,87,156,35.75,Obesity II (35-39.9),,,,,,,,Y,1,8,Y,,Y,,Y,,,,,,,Y,Y,,,,,,,,,12 lead ECG,46211,Y,,,,,,Y,,,,,Y,,,,,Y,,,,,,,,,160/100,46258,51,46211,141,46211,4.1,46211,9.3,46211,93,46211,32,46211,,,50,46211,8,46211,48,46211,50,46211,,,,,,,,2,"Co-codamol 30mg/500mg capsules
Co-codamol 8mg/500mg effervescent tablets",,,,,,,,,,,,,,,,,,,,,,,,,,,,,,,,,,,,,,,,,,,,,,,,,,,,,,,,,,,,,0,1,1,1,1,0,0,0,0,0,0
,,,18932,60,Female,White British - ethnic category 2001 census,,,,,,,,,,,,,,,,,,,,,,,Constipation NOS,42488,,,,,,,[D]Dizziness,43269,,,Incontinence of urine,42352,,,,,,,,,,,,,,,,,,,,,,,,,,,,,Seen in gynaecology clinic,41598,,,,,,,,,,,,,,,Mixed anxiety and depressive disorder,45771,,,,,,,,,,,MSG:Urge incontinence of urine,41554,,,,,,,,,,,ECG done,44838,,,,,,,,,,,,Vibegron 75mg tablets,46259,Incontinence of urine,,,,,,,,,,,,,,,,,,,Solifenacin 10mg tablets,41738,Incontinence of urine,,,,,,,,,,Duloxetine 30mg gastro-resistant capsules,45552,Fibromyalgia,Co-codamol 15mg/500mg tablets,46259,,,,,,,94,46120,163,46120,35.38,46120,132,74,46101,68,46101,42,46101,Serum ALT level,17,46101,Serum alkaline phosphatase,69,46101,,,,8,46101,75,46101,4.1,46101,141,46101,4.4,46101,44,46101,,,Alcohol units consumed per week,0,46101,Constipation NOS (28/04/2016),,,[D]Dizziness (18/06/2018),,,1,Co-codamol 15mg/500mg tablets,0,,0,,,,,,,,,1,0,,,Seen in gynaecology clinic (20/11/2013),,0,2,2,,,,,,,,,,,,,,,,,,,,,Mixed anxiety and depressive disorder (24/04/2025),,,MSG:Urge incontinence of urine (07/10/2013),Incontinence of urine (14/12/2015),,,,(Solifenacin 10mg tablets (09/04/2014)),"Vibegron 75mg tablets (25/08/2026)
()","Constipation NOS (28/04/2016)
[D]Dizziness (18/06/2018)",Alcohol units consumed per week - 0 (20/03/2026),0,1,1,2,46269,,,Y,Overactive Bladder,,,Y,Solifenacin 10mg tablets (09/04/2014),Y,Vibegron 75mg tablets (25/08/2026),,,Y,,,1,Co-codamol 15mg/500mg tablets,Y,"Constipation NOS (28/04/2016)
[D]Dizziness (18/06/2018)",,,,,2 - Patients with OAB currently receiving beta-3 agonist therapy only,,Action: facilitate overactive bladder management review,Action - invite to pharmacist led clinic,Y,Letter,46274,,,,,,,,,,94,163,35.38,Obesity II (35-39.9),,,,,,,,,1,0,,,Y,,Y,,,,,,,,,,,,,,,,,ECG done,44838,,,,Y,,,Y,,,,Y,,,,,Y,Y,,,,,Past,Current,,,132/74,46101,68,46101,141,46101,4.1,46101,4.4,46101,75,46101,17,46101,,,69,46101,8,46101,44,46101,42,46101,,,,,,,,1,Co-codamol 15mg/500mg tablets,,,,,,,,,,,,,,,,,,,,,,,,,,,,,,,,,,,,,,,,,,,,,,,,,,,,,,,,,,,,,0,1,1,1,1,0,0,0,0,0,0
,,,18957,58,Male,Other ethnic group: any other ethnic group - England and Wales ethnic category 2011 census,,,,,,,,,,,,,,,,,,,,,,,,,,,,,,,,,,,Incontinence of urine,42368,,,,,,,,,,,,,,,,,,,,,,,,,,,,,,,Type 2 diabetes mellitus,45939,,,Essential hypertension,45939,,,,,,,,,,,,,,,,,,,,,,,,,,,,,,,,,ECG,40364,,,,,,,,,Solifenacin 10mg tablets,46262,Incontinence of urine,,,,,,,,,,,,,Dapagliflozin 10mg tablets,46262,Type 2 diabetes mellitus,,,,,,,Solifenacin 10mg tablets,41197,Incontinence of urine,,,,,,,,,,,,,,,,,,,Solifenacin 10mg tablets,46262,80,45939,180,45939,24.69,45939,124,80,46224,90,46230,67,46083,Serum ALT level,19,46258,Serum alkaline phosphatase,127,46258,,,,6,46258,63,46230,4.2,46230,138,46230,5.7,46230,40,46258,,,Alcohol units consumed per week,28,45939,,,,,,,0,,0,,1,Solifenacin 10mg tablets,,,,,,,,0,0,,,,,0,0,0,,,,,,,,Type 2 diabetes mellitus (09/10/2025),,,,,,,,Essential hypertension (09/10/2025),,Dapagliflozin 10mg tablets (28/08/2026),,,,,,,Incontinence of urine (30/12/2015),,,,"Solifenacin 10mg tablets (28/08/2026)
(Solifenacin 10mg tablets (15/10/2012))",,Essential hypertension (09/10/2025),Alcohol units consumed per week - 28 (09/10/2025),1,0,1,1,46269,,,Y,Overactive Bladder,Y,Solifenacin 10mg tablets (28/08/2026),Y,Solifenacin 10mg tablets (15/10/2012),,,,,,,Y,3,Solifenacin 10mg tablets,Y,Essential hypertension (09/10/2025),,,,,1 - Patients with OAB currently receiving antimuscarinic therapy only,,Action: facilitate overactive bladder management review,Action - invite to pharmacist led clinic,Y,Letter,46274,,,,,,,,,,80,180,24.69,Healthy weight (18.5-24.9),,,,,,,,,0,0,,,,,Y,,,,,,,,Y,,,,,,,,Y,ECG,40364,,Y,,,,,,,,,,,,,,,Y,,,,,Current,,,,124/80,46224,90,46230,138,46230,4.2,46230,5.7,46230,63,46230,19,46258,,,127,46258,6,46258,40,46258,67,46083,,,,,,,,3,Solifenacin 10mg tablets,,,,,,,,,,,,,,,,,,,,,,,,,,,,,,,,,,,,,,,,,,,,,,,,,,,,,,,,,,,,,0,1,1,1,1,0,0,0,0,0,0
,,,18992,71,Female,White: English or Welsh or Scottish or Northern Irish or British - England and Wales ethnic category 2011 census,,,,,,,,,,,,,,,,,,,,,,,,,,,,,MSG:Palpitations,40487,,,,,Incontinence of urine,41855,,,,,,,,,,,,,,,,,,,,,,,,,,,,,Seen in gynaecology clinic,42135,,,,,,,,,,,,,,,Depressive disorder,44428,,,,,,,Falls,45754,,,,,,,,,,,,,,,,,,,,,,,,,Solifenacin 10mg tablets,46259,,,,,,,,,,,,,,,,,,,,,,,Solifenacin 10mg tablets,42311,,Mirabegron 50mg modified-release tablets,45776,,,,,,,,Duloxetine 40mg gastro-resistant capsules,41855,,,,,,,,Solifenacin 10mg tablets,46259,105.4,46029,,,37.5,46029,119,87,45776,90,45776,39,45282,Serum ALT level,11,45776,Serum alkaline phosphatase,92,45776,,,,8,45776,53,45776,3.6,45776,141,45776,4.6,45776,44,45776,,,,,,,,,,MSG:Palpitations (05/11/2010),,0,,0,,1,Solifenacin 10mg tablets,,,,,,,,0,0,,,Seen in gynaecology clinic (11/05/2015),,0,1,1,,,,,,,,,,,,,,,,,,,,,Depressive disorder (20/08/2021),,Falls (07/04/2025),,Incontinence of urine (04/08/2014),,,,"Solifenacin 10mg tablets (25/08/2026)
(Solifenacin 10mg tablets (03/11/2015))",(Mirabegron 50mg modified-release tablets (29/04/2025)),MSG:Palpitations (05/11/2010),,1,0,1,1,46269,,,Y,Overactive Bladder,Y,Solifenacin 10mg tablets (25/08/2026),Y,Solifenacin 10mg tablets (03/11/2015),,,Y,Mirabegron 50mg modified-release tablets (29/04/2025),,,Y,3,Solifenacin 10mg tablets,Y,MSG:Palpitations (05/11/2010),,,,,1 - Patients with OAB currently receiving antimuscarinic therapy only,,Action: facilitate overactive bladder management review,Action - invite to pharmacist led clinic,Y,Letter,46274,,,,,,,,,,105.4,,37.5,Obesity II (35-39.9),,,,,,,,,0,0,,,Y,,Y,,,,,,,,,,,,,,,,,,,,,,,,,,Y,,,Y,,Y,,,,Y,,,,,Current,Past,,,119/87,45776,90,45776,141,45776,3.6,45776,4.6,45776,53,45776,11,45776,,,92,45776,8,45776,44,45776,39,45282,,,,,,,,3,Solifenacin 10mg tablets,,,,,,,,,,,,,,,,,,,,,,,,,,,,,,,,,,,,,,,,,,,,,,,,,,,,,,,,,,,,,0,1,1,1,1,0,0,0,0,0,0
,,,19057,77,Female,White British - ethnic category 2001 census,,,,,,,,,,,,,,,,,,,,,,,,,,,,,,,,,,,,,Overactive bladder,44994,Overactive bladder,45065,,,,,,,,,,,,,,,,,,,,,,,,,,,,,,,Hypertensive disease,42317,,,,,,,,,,,,,,,,,,,,,,,,,,,,,,,,,ECG,42338,,,,,,,,,Darifenacin 15mg modified-release tablets,46254,,,,,,,,,,,,,,,,,,,,,,,Darifenacin 7.5mg modified-release tablets,45044,,,,,,,,,,,,,,,,,,,,Darifenacin 15mg modified-release tablets,46254,69,46238,159,46238,27.29,46238,135,80,46238,46,46218,41,46197,Serum ALT level,26,46197,Serum alkaline phosphatase,30,46197,,,,12,46197,102,46218,4,46218,141,46218,5.7,46218,47,46197,,,Alcohol units consumed per week,0,46238,,,,,,,0,,0,,1,Darifenacin 15mg modified-release tablets,,,,,,,,0,0,,,,,0,0,0,,,,,,,,,,,,,,,,Hypertensive disease (09/11/2015),,,,,,,,,,,,,"Darifenacin 15mg modified-release tablets (20/08/2026)
(Darifenacin 7.5mg modified-release tablets (28/04/2023))",,Hypertensive disease (09/11/2015),Alcohol units consumed per week - 0 (04/08/2026),1,0,1,1,46269,Overactive bladder (09/03/2023),Overactive bladder (19/05/2023),Y,Overactive Bladder,Y,Darifenacin 15mg modified-release tablets (20/08/2026),Y,Darifenacin 7.5mg modified-release tablets (28/04/2023),,,,,,,Y,3,Darifenacin 15mg modified-release tablets,Y,Hypertensive disease (09/11/2015),,,,,1 - Patients with OAB currently receiving antimuscarinic therapy only,,Action: facilitate overactive bladder management review,Action - invite to pharmacist led clinic,Y,Letter,46274,,,,,,,,,,69,159,27.29,Overweight (25-29.9),,,,,,,,,0,0,,,,,Y,,,,,,,,,,,,,,,,Y,ECG,42338,,,,,,,,,,,,,,,,,,,,,,Current,,,,135/80,46238,46,46218,141,46218,4,46218,5.7,46218,102,46218,26,46197,,,30,46197,12,46197,47,46197,41,46197,,,,,,,,3,Darifenacin 15mg modified-release tablets,,,,,,,,,,,,,,,,,,,,,,,,,,,,,,,,,,,,,,,,,,,,,,,,,,,,,,,,,,,,,0,1,1,1,1,0,0,0,0,0,0
,,,19501,73,Male,White British - ethnic category 2001 census,,,,,,,,,,,,,,,,,,,,,,,Constipation,46238,,,,,,,,,,,,,,,,,,,,,,,,,,,,,,,,,,,,,Seen in urology clinic,41856,,,,,Type 2 diabetes mellitus,45672,Angina pectoris,46133,,,,,,,Angina pectoris,46133,,,,,,,,,,,,,,,Urgent desire to urinate,46164,,,,,,,,,,,12 lead ECG,46041,,,,,,,,,Solifenacin 5mg tablets,46269,Urgency of micturition,,,,,,,,,,,,,Dapagliflozin 10mg tablets,46269,,,,,,,,Solifenacin 5mg tablets,41297,,,,,,,,,,,,,,,,,,,,Solifenacin 5mg tablets,46269,118,46195,176,46195,38.09,46195,119,78,46239,81,46182,43,46182,Serum ALT level,21,46182,Serum alkaline phosphatase,93,46182,,,,5,46182,81,46182,4.6,46182,141,46182,7.9,46182,40,46182,0.43,45281,Alcohol units consumed per week,0,46195,Constipation (04/08/2026),,,,,,0,,0,,1,Solifenacin 5mg tablets,,,,,,,,0,0,Seen in urology clinic (05/08/2014),,,,0,0,0,,,,,,,,Type 2 diabetes mellitus (15/01/2025),,,Angina pectoris (21/04/2026),,,,Angina pectoris (21/04/2026),,,Dapagliflozin 10mg tablets (04/09/2026),,,,,,Urgent desire to urinate (22/05/2026),,,,,"Solifenacin 5mg tablets (04/09/2026)
(Solifenacin 5mg tablets (23/01/2013))",,Constipation (04/08/2026),Alcohol units consumed per week - 0 (22/06/2026),1,0,1,1,46269,,,Y,Overactive Bladder,Y,Solifenacin 5mg tablets (04/09/2026),Y,Solifenacin 5mg tablets (23/01/2013),,,,,,,Y,3,Solifenacin 5mg tablets,Y,Constipation (04/08/2026),,,,,1 - Patients with OAB currently receiving antimuscarinic therapy only,,Action: facilitate overactive bladder management review,Action - invite to pharmacist led clinic,Y,Letter,46274,,,,,,,,,,118,176,38.09,Obesity II (35-39.9),,,,,,,,,0,0,Y,,,,Y,,,,,,,,Y,,,Y,,,,Y,,12 lead ECG,46041,,Y,,Y,,,,,,,,,,0.43,45281,Y,,,,,,Current,,,,119/78,46239,81,46182,141,46182,4.6,46182,7.9,46182,81,46182,21,46182,,,93,46182,5,46182,40,46182,43,46182,,,,,,,,3,Solifenacin 5mg tablets,,,,,,,,,,,,,,,,,,,,,,,,,,,,,,,,,,,,,,,,,,,,,,,,,,,,,,,,,,,,,0,1,1,1,1,0,0,0,0,0,0
,,,19535,57,Male,White: English or Welsh or Scottish or Northern Irish or British - England and Wales ethnic category 2011 census,,,,,,,,,,,,,,,,,,,,,,,,,,,,,"[D]Tachycardia, unspecified",36462,,,,,,,,,,,,,,,,,,,,,,,,,,,Benign prostatic hyperplasia,46199,,,Seen in urology clinic,44427,,,,,,,,,Essential hypertension,44442,,,,,,,,,,,,,,,,,,,,,,,,,,,,,,,,,12 lead ECG,44428,,,,,,,,,,,,Mirabegron 25mg modified-release tablets,46241,Patient review,,,,,,,,,,,,,,,,,,,,,,,,,Tamsulosin 400microgram modified-release capsules,44442,Patient review,Finasteride 5mg tablets,45876,,,,,,,,,,,,,93.7,45723,165,45723,34.42,45723,170,101,46269,84,46177,,,Serum ALT level,32,46177,Serum alkaline phosphatase,53,46177,,,,13,46177,82,46177,3.7,46177,145,46177,5.9,46177,47,46177,1.7,46177,Alcohol units consumed per week,20,45723,,,,,"[D]Tachycardia, unspecified (29/10/1999)",,0,,0,,0,,,,,,,,,0,0,Seen in urology clinic (19/08/2021),,,,0,0,0,,,,Benign prostatic hyperplasia (26/06/2026),,,,,,,,,,,,Essential hypertension (03/09/2021),,,,,,,,,,,,,,"Mirabegron 25mg modified-release tablets (07/08/2026)
()","[D]Tachycardia, unspecified (29/10/1999)
Essential hypertension (03/09/2021)",Alcohol units consumed per week - 20 (07/03/2025),0,1,0,2,46269,,,Y,Overactive Bladder,,,,,Y,Mirabegron 25mg modified-release tablets (07/08/2026),,,,,,0,,Y,"[D]Tachycardia, unspecified (29/10/1999)
Essential hypertension (03/09/2021)",,,,,2 - Patients with OAB currently receiving beta-3 agonist therapy only,,Action: facilitate overactive bladder management review,Action - invite to pharmacist led clinic,Y,Letter,46274,,,,,,,,,,93.7,165,34.42,Obesity I (30-34.9),,,,,,,,,0,0,Y,,,,Y,,,,Y,,,,,,,,,,,,Y,12 lead ECG,44428,,,,,,,,Y,,,,,,1.7,46177,,,,,,,,Current,,,170/101,46269,84,46177,145,46177,3.7,46177,5.9,46177,82,46177,32,46177,,,53,46177,13,46177,47,46177,,,,,,,,,,0,,,,,,,,,,,,,,,,,,,,,,,,,,,,,,,,,,,,,,,,,,,,,,,,,,,,,,,,,,,,,,0,1,1,1,1,0,0,0,0,0,0
,,,19611,66,Female,White British - ethnic category 2001 census,,,,,,,,,,,,,,,,,,,,,,,,,,,,,,,,,,,,,Overactive bladder,45079,Overactive bladder,45079,,,,,,,,,,,,,,,,,,,,,,,,,,,,,,,,,,,,,,,,,Recurrent depression,42695,,,,,,,,,,,,,,,,,,,,,,,ECG,42264,,,,,,,,,,,,,,,,,,,,,,,,,,,,,,,,,,,,,,,,,,,,,,,,Loperamide 2mg capsules,46252,,,Amitriptyline 10mg tablets,46223,,,58,45609,158,45076,23.23,45609,110,70,45777,88,46036,35,46036,Serum ALT level,26,46036,Serum alkaline phosphatase,97,46036,,,,4,46036,59,46036,4,46036,142,46036,4.3,46036,44,46036,,,Alcohol consumption,0,45076,,,,,,,1,Loperamide 2mg capsules,0,,1,Amitriptyline 10mg tablets,,,,,,,,0,0,,,,,0,1,1,,,,,,,,,,,,,,,,,,,,,Recurrent depression (21/11/2016),,,,,,,,,,,Alcohol consumption - 0 (30/05/2023),0,0,0,0,46269,Overactive bladder (02/06/2023),Overactive bladder (02/06/2023),Y,Overactive Bladder,,,,,,,,,Y,,Y,4,"Loperamide 2mg capsules
Amitriptyline 10mg tablets",,,,,,,X - Not meeting cohort criteria,,No action: not meeting review criteria,No Action,N,,,,,,,,,,,,58,158,23.23,Healthy weight (18.5-24.9),,,,,,,,,0,0,,,,,Y,,,,,,,,,,,,,,,,,ECG,42264,,,,,,,,,,,Y,,,,,,,,,,,,,,,110/70,45777,88,46036,142,46036,4,46036,4.3,46036,59,46036,26,46036,,,97,46036,4,46036,44,46036,35,46036,,,,,,,,4,"Loperamide 2mg capsules
Amitriptyline 10mg tablets",,,,,,,,,,,,,,,,,,,,,,,,,,,,,,,,,,,,,,,,,,,,,,,,,,,,,,,,,,,,,0,0,0,0,0,0,0,0,0,0,0
,,,19741,66,Female,White British - ethnic category 2001 census,,,,,,,,,,,,,,,,,,,,,,,Constipation symptom,41962,,,,,,,Dizziness symptom,40560,,,,,,,,,,,,,,,,,,,,,,,,,,,,,Seen in urology clinic,40736,,,Seen in gynaecology clinic,40919,,,,,Hypertension,45695,,,,,,,,,[X]Depression NOS,40988,,,,,,,,,,,Urgency of micturition,41971,,,,,,,,,,,ECG,43444,,,,,,,,,Solifenacin 5mg tablets,45940,,,,,,,,,,,,,,,,,,,,,,,Solifenacin 5mg tablets,41971,,,,,,,,,,,,,,,,,,,,,,84,46213,162,46213,32.01,46213,138,80,46213,74,46217,42,46217,Serum ALT level,29,46217,Serum alkaline phosphatase,59,46217,,,,7,46217,69,46217,4.4,46217,139,46217,5.3,46217,45,46217,,,Alcohol units consumed per week,0,45751,Constipation symptom (19/11/2014),,,Dizziness symptom (17/01/2011),,,0,,0,,0,,,,,,,,,1,1,Seen in urology clinic (12/07/2011),,Seen in gynaecology clinic (11/01/2012),,0,0,0,,,,,,,,,,,,,,,,Hypertension (07/02/2025),,,,,[X]Depression NOS (20/03/2012),,,Urgency of micturition (28/11/2014),,,,,"Solifenacin 5mg tablets (10/10/2025)
(Solifenacin 5mg tablets (28/11/2014))",,"Constipation symptom (19/11/2014)
Dizziness symptom (17/01/2011)
Hypertension (07/02/2025)",Alcohol units consumed per week - 0 (04/04/2025),1,0,1,1,46269,,,Y,Overactive Bladder,Y,Solifenacin 5mg tablets (10/10/2025),Y,Solifenacin 5mg tablets (28/11/2014),,,,,,,,0,,Y,"Constipation symptom (19/11/2014)
Dizziness symptom (17/01/2011)
Hypertension (07/02/2025)",,,,,1 - Patients with OAB currently receiving antimuscarinic therapy only,,Action: facilitate overactive bladder management review,Action - invite to pharmacist led clinic,Y,Letter,46274,,,,,,,,,,84,162,32.01,Obesity I (30-34.9),,,,,,,,,1,1,Y,,Y,,Y,,,,,,,,,,,,,,,,Y,ECG,43444,,,,Y,,,Y,,,,Y,,,,,Y,,,,,,Current,,,,138/80,46213,74,46217,139,46217,4.4,46217,5.3,46217,69,46217,29,46217,,,59,46217,7,46217,45,46217,42,46217,,,,,,,,0,,,,,,,,,,,,,,,,,,,,,,,,,,,,,,,,,,,,,,,,,,,,,,,,,,,,,,,,,,,,,,0,1,1,1,1,0,0,0,0,0,0
,,,19919,62,Female,Other ethnic group: any other ethnic group - England and Wales ethnic category 2011 census,,,,,,,,,,,,,,,,,,,,,,,,,,,,,,,,,,,,,,,,,,,,,,,,,,,,,,,,,,,,,Seen in urology clinic,45982,,,Seen in gynaecology clinic,46003,,,,,Essential hypertension,45792,,,,,,,,,Mixed anxiety and depressive disorder,45084,,,,,,,,,,,,,,,,,,,,,,,ECG,41123,,,,,,,,,Oxybutynin 2.5mg tablets,46244,,,,,,,,,,,,,,,,,,,,,,,,,,,,,,,,,,,,,,Co-codamol 8mg/500mg tablets,46244,,,,,Oxybutynin 2.5mg tablets,46244,94,46218,,,38.63,46218,118,94,46182,62,46210,42,46058,Serum ALT level,37,46210,Serum alkaline phosphatase,86,46210,,,,7,46210,81,46210,4.8,46210,143,46210,9.6,46210,49,46210,,,,,,,,,,,,1,Co-codamol 8mg/500mg tablets,0,,1,Oxybutynin 2.5mg tablets,,,,,,,,0,0,Seen in urology clinic (21/11/2025),,Seen in gynaecology clinic (12/12/2025),,0,0,0,,,,,,,,,,,,,,,,Essential hypertension (15/05/2025),,,,,Mixed anxiety and depressive disorder (07/06/2023),,,,,,,,Oxybutynin 2.5mg tablets (10/08/2026),,Essential hypertension (15/05/2025),,1,0,0,1,46269,,,Y,Overactive Bladder,Y,Oxybutynin 2.5mg tablets (10/08/2026),,,,,,,Y,,Y,4,"Co-codamol 8mg/500mg tablets
Oxybutynin 2.5mg tablets",Y,Essential hypertension (15/05/2025),,,,,1 - Patients with OAB currently receiving antimuscarinic therapy only,,Action: facilitate overactive bladder management review,Action - invite to pharmacist led clinic,Y,Letter,46274,,,,,,,,,,94,,38.63,Obesity II (35-39.9),,,,,,,,,0,0,Y,,Y,,Y,,,,,,,,,,,,,,,,Y,ECG,41123,,,,,,,,,,,Y,,,,,,,,,,,Current,,,,118/94,46182,62,46210,143,46210,4.8,46210,9.6,46210,81,46210,37,46210,,,86,46210,7,46210,49,46210,42,46058,,,,,,,,4,"Co-codamol 8mg/500mg tablets
Oxybutynin 2.5mg tablets",,,,,,,,,,,,,,,,,,,,,,,,,,,,,,,,,,,,,,,,,,,,,,,,,,,,,,,,,,,,,0,1,1,1,1,0,0,0,0,0,0
,,,20603,60,Female,White British - ethnic category 2001 census,,,,,,,,,,,,,,,,,,,,,,,,,,,,,,,,,,,,,Bladder muscle dysfunction - overactive,44060,Bladder muscle dysfunction - overactive,44060,,,,,,,,,,,,,,,,,,,,,,,,,Seen in gynaecology clinic,44060,,,,,,,,,,,,,,,,,,,,,,,,,,,,,Urinary frequency,43538,,,,,,,,,,,,,,,,,,,,,,Mirabegron 50mg modified-release tablets,46254,,,,,,,,,,,,,,,,,,,,Tolterodine 2mg tablets,43510,Urinary frequency,,,,,,,,,,,,,,,,,,,,,112,45947,167,45947,40.16,45947,130,76,45733,88,45209,40,45195,Serum ALT level,42,45195,Serum alkaline phosphatase,84,45195,,,,7,45195,61,45209,4.1,45209,141,45209,5.5,45209,44,45195,,,Alcohol consumption,10,44770,,,,,,,0,,0,,0,,,,,,,,,0,0,,,Seen in gynaecology clinic (17/08/2020),,0,0,0,,,,,,,,,,,,,,,,,,,,,,,,,,Urinary frequency (14/03/2019),,,(Tolterodine 2mg tablets (14/02/2019)),"Mirabegron 50mg modified-release tablets (20/08/2026)
()",,Alcohol consumption - 10 (28/07/2022),0,1,1,2,46269,Bladder muscle dysfunction - overactive (17/08/2020),Bladder muscle dysfunction - overactive (17/08/2020),Y,Overactive Bladder,,,Y,Tolterodine 2mg tablets (14/02/2019),Y,Mirabegron 50mg modified-release tablets (20/08/2026),,,,,,0,,,,,,,,2 - Patients with OAB currently receiving beta-3 agonist therapy only,,Action: facilitate overactive bladder management review,Action - invite to pharmacist led clinic,Y,Letter,46274,,,,,,,,,,112,167,40.16,Obesity III (40 or more),,,,,,,,,0,0,,,Y,,Y,,,,,,,,,,,,,,,,,,,,,,,,,,,,,,,,,,,,Y,,,,Past,Current,,,130/76,45733,88,45209,141,45209,4.1,45209,5.5,45209,61,45209,42,45195,,,84,45195,7,45195,44,45195,40,45195,,,,,,,,0,,,,,,,,,,,,,,,,,,,,,,,,,,,,,,,,,,,,,,,,,,,,,,,,,,,,,,,,,,,,,,0,1,1,1,1,0,0,0,0,0,0
,,,21773,57,Female,White British - ethnic category 2001 census,,,,,,,,,H/O: haematuria,40492,,,,,,,,,,,,,,,,,,,,,Dizziness symptom,39555,,,Incontinence of urine,41807,,,,,,,,,,,,,,,,,,,,,,,,,Seen in urology clinic,42059,,,Seen in gynaecology clinic,45306,Type 2 diabetes mellitus,45426,,,,,,,,,,,,,[X]Depression NOS,37347,,,,,,,,,,,Urgent desire to urinate,45590,Urinary frequency,42061,,,,,,,,,,,,,,,,,,,Solifenacin 10mg tablets,46258,,,,,,,,,,,,,,,,,,,,,,,Detrusitol XL 4mg capsules (Viatris UK Healthcare Ltd),,Frequency of micturition,Mirabegron 25mg modified-release tablets,41947,,,,,,,,,,,,,,,,,Solifenacin 10mg tablets,46258,66,45961,166,45961,23.95,45961,110,70,45961,86,45854,38,45854,Serum ALT level,40,45854,Serum alkaline phosphatase,79,45854,,,,7,45854,62,45854,4.2,45854,141,45854,3.9,45854,44,45854,,,Alcohol units consumed per week,0,45961,,,,Dizziness symptom (17/04/2008),,,0,,0,,1,Solifenacin 10mg tablets,,,,,,H/O: haematuria (10/11/2010),,0,0,Seen in urology clinic (24/02/2015),,Seen in gynaecology clinic (15/01/2024),,0,0,0,,,,,,,,Type 2 diabetes mellitus (14/05/2024),,,,,,,,,,,,,[X]Depression NOS (01/04/2002),,,Urgent desire to urinate (25/10/2024),Incontinence of urine (17/06/2014),Urinary frequency (26/02/2015),,,Solifenacin 10mg tablets (24/08/2026),(Mirabegron 25mg modified-release tablets (04/11/2014)),Dizziness symptom (17/04/2008),Alcohol units consumed per week - 0 (31/10/2025),1,0,1,1,46269,,,Y,Overactive Bladder,Y,Solifenacin 10mg tablets (24/08/2026),,,,,Y,Mirabegron 25mg modified-release tablets (04/11/2014),,,Y,3,Solifenacin 10mg tablets,Y,Dizziness symptom (17/04/2008),,,,,1 - Patients with OAB currently receiving antimuscarinic therapy only,,Action: facilitate overactive bladder management review,Action - invite to pharmacist led clinic,Y,Letter,46274,,,,,,,,,,66,166,23.95,Healthy weight (18.5-24.9),,,,,,,Y,,0,0,Y,,Y,,Y,,,,,,,,Y,,,,,,,,,,,,,,,,,Y,,,,Y,,,,,Y,Y,Y,,,,Current,Past,,,110/70,45961,86,45854,141,45854,4.2,45854,3.9,45854,62,45854,40,45854,,,79,45854,7,45854,44,45854,38,45854,,,,,,,,3,Solifenacin 10mg tablets,,,,,,,,,,,,,,,,,,,,,,,,,,,,,,,,,,,,,,,,,,,,,,,,,,,,,,,,,,,,,0,1,1,1,1,0,0,0,0,0,0
,,,21794,60,Male,White British - ethnic category 2001 census,,,,,,,,,,,,,,,,,,,,,,,,,,,,,[D]Palpitations,42488,,,,,,,,,,,,,,,,,,,,,,,,,,,Benign prostatic hyperplasia,45709,,,Seen in urology clinic,46199,,,,,,,,,Essential hypertension,44518,,,,,,,,,,,,,,,,,,,,,,,,,,,Adverse reaction to Tamsulosin Hydrochloride,44950,,,,,12 lead ECG,44529,,,,,,,,,Solifenacin 5mg tablets,46258,Patient review,,,,Finasteride 5mg tablets,45937,BPH - Benign prostatic hypertrophy,,,,,,,,,,,,,,,,,,,,,,Tamsulosin 400microgram modified-release capsules,,,,,,,,,,,,,,,Solifenacin 5mg tablets,46258,79,46048,177.8,46048,24.99,46048,130,78,46063,83,46058,39,46058,Serum ALT level,37,46058,Serum alkaline phosphatase,70,46058,,,,10,46058,82,46058,4.5,46058,143,46058,6.6,46058,47,46058,0.96,45621,Alcohol units consumed per week,2,46048,,,,,[D]Palpitations (28/04/2016),,0,,0,,1,Solifenacin 5mg tablets,,,,,,,,0,0,Seen in urology clinic (26/06/2026),,,,0,0,0,,,,Benign prostatic hyperplasia (21/02/2025),,,,,,,,,,,,Essential hypertension (18/11/2021),,,,,,,,,,,,,Solifenacin 5mg tablets (24/08/2026),,"[D]Palpitations (28/04/2016)
Essential hypertension (18/11/2021)",Alcohol units consumed per week - 2 (26/01/2026),1,0,0,1,46269,,,Y,Overactive Bladder,Y,Solifenacin 5mg tablets (24/08/2026),,,,,,,,,Y,3,Solifenacin 5mg tablets,Y,"[D]Palpitations (28/04/2016)
Essential hypertension (18/11/2021)",Y,Adverse reaction to Tamsulosin Hydrochloride (24/01/2023),,,1 - Patients with OAB currently receiving antimuscarinic therapy only,,Action: facilitate overactive bladder management review,Action - invite to pharmacist led clinic,Y,Letter,46274,,,,,,,,,,79,177.8,24.99,Healthy weight (18.5-24.9),,,,,,,,,0,0,Y,,,,Y,,,,Y,,,,,,,,,,,,Y,12 lead ECG,44529,,,,,,,,Y,,,,,,0.96,45621,,,,,,,Current,,,,130/78,46063,83,46058,143,46058,4.5,46058,6.6,46058,82,46058,37,46058,,,70,46058,10,46058,47,46058,39,46058,,,,,,,,3,Solifenacin 5mg tablets,Adverse reaction to Tamsulosin Hydrochloride (24/01/2023),,,,,,,,,,,,,,,,,,,,,,,,,,,,,,,,,,,,,,,,,,,,,,,,,,,,,,,,,,,,0,1,1,1,1,0,0,0,0,0,1
,,,22024,67,Male,White British - ethnic category 2001 census,,,,,,,,,,,,,,,,,,,,,,,,,,,,,Palpitations,43082,,,,,,,,,,,,,,,,,,,,,,,,,,,Benign prostatic hyperplasia,45897,,,Seen in urology clinic,44601,,,,,,,,,Essential hypertension,42767,,,,,,,,,Mixed anxiety and depressive disorder,45713,,,,,H/O: anxiety state,32370,,,,,,,Increased frequency of urination,44568,,,Adverse reaction to Tolterodine Tartrate,44532,,,,,ECG,42969,,,,,,,,,Darifenacin 7.5mg modified-release tablets,46268,Increased frequency of urination,,,,,,,Tamsulosin 400microgram modified-release capsules,46268,Essential hypertension,,,,,,,,,,,,,Darifenacin 7.5mg modified-release tablets,44749,Increased frequency of urination,,,,Tamsulosin 400microgram modified-release capsules,42131,Medication review with patient,Finasteride 5mg tablets,42752,Benign prostatic hypertrophy,,,,,,,,Amitriptyline 10mg tablets,46267,Darifenacin 7.5mg modified-release tablets,46268,94,46049,176,46049,30.35,46049,138,77,46049,69,46021,40,45945,Serum ALT level,21,45945,Serum alkaline phosphatase,71,45945,,,,13,45945,94,46021,4.5,46021,141,46021,6.4,46021,44,45945,1.4,45945,Alcohol units consumed per week,2,46049,,,,,Palpitations (13/12/2017),,0,,0,,3,"Amitriptyline 10mg tablets
Buscopan 10mg tablets (Opella POM UK Ltd)
Darifenacin 7.5mg modified-release tablets",,,,,,,,0,0,Seen in urology clinic (09/02/2022),,,,0,0,0,,,,Benign prostatic hyperplasia (28/08/2025),,,,,,,,,,,,Essential hypertension (01/02/2017),,,,H/O: anxiety state (15/08/1988),Mixed anxiety and depressive disorder (25/02/2025),,,,,Increased frequency of urination (07/01/2022),Tamsulosin 400microgram modified-release capsules (03/09/2026),,"Darifenacin 7.5mg modified-release tablets (03/09/2026)
(Darifenacin 7.5mg modified-release tablets (07/07/2022))",,"Palpitations (13/12/2017)
Essential hypertension (01/02/2017)",Alcohol units consumed per week - 2 (27/01/2026),1,0,1,1,46269,,,Y,Overactive Bladder,Y,Darifenacin 7.5mg modified-release tablets (03/09/2026),Y,Darifenacin 7.5mg modified-release tablets (07/07/2022),,,,,,,Y,9,"Amitriptyline 10mg tablets
Buscopan 10mg tablets (Opella POM UK Ltd)
Darifenacin 7.5mg modified-release tablets",Y,"Palpitations (13/12/2017)
Essential hypertension (01/02/2017)",Y,Adverse reaction to Tolterodine Tartrate (02/12/2021),,,1 - Patients with OAB currently receiving antimuscarinic therapy only,,Action: facilitate overactive bladder management review,Action - invite to pharmacist led clinic,Y,Letter,46274,,,,,,,,,,94,176,30.35,Obesity I (30-34.9),,,,,,,,,0,0,Y,,,,Y,,,,Y,,,,,,,,,,,,Y,ECG,42969,,,,,,,,Y,,Y,Y,,,1.4,45945,,,Y,,Y,,Current,,,,138/77,46049,69,46021,141,46021,4.5,46021,6.4,46021,94,46021,21,45945,,,71,45945,13,45945,44,45945,40,45945,,,,,,,,9,"Amitriptyline 10mg tablets
Buscopan 10mg tablets (Opella POM UK Ltd)
Darifenacin 7.5mg modified-release tablets",Adverse reaction to Tolterodine Tartrate (02/12/2021),,,,,,,,,,,,,,,,,,,,,,,,,,,,,,,,,,,,,,,,,,,,,,,,,,,,,,,,,,,,0,1,1,1,1,0,0,0,0,0,1
,,,22061,70,Male,White: English or Welsh or Scottish or Northern Irish or British - England and Wales ethnic category 2011 census,,,,,,,,,,,,,,,,,,,,,,,,,,,,,Palpitations,38278,,,,,,,,,,,,,,,,,,,,,,,,,,,Prostatism,43664,,,,,,,,,,,,,Essential hypertension,45631,,,,,,,,,,,,,,,,,,,,,,,,,,,,,,,,,,,,,,,,,,,Solifenacin 5mg tablets,46245,,,,,,,,,,,,,,,,,,,,,,,,,,,,,Tamsulosin 400microgram modified-release capsules,42696,Prostatism,,,,,,,Codeine 15mg tablets,46245,,,Amitriptyline 10mg tablets,46245,Solifenacin 5mg tablets,46245,86,45645,168,44868,30.47,45645,125,83,46225,73,46226,44,46034,Serum ALT level,36,46181,Serum alkaline phosphatase,81,46181,,,,5,46181,90,46226,4.3,46226,138,46226,7.8,46226,41,46181,0.3,43992,,,,,,,,Palpitations (18/10/2004),,1,Codeine 15mg tablets,0,,2,"Amitriptyline 10mg tablets
Solifenacin 5mg tablets",,,,,,,,0,0,,,,,0,2,2,,,,Prostatism (18/07/2019),,,,,,,,,,,,Essential hypertension (05/12/2024),,,,,,,,,,,,,Solifenacin 5mg tablets (11/08/2026),,"Palpitations (18/10/2004)
Essential hypertension (05/12/2024)",,1,0,0,1,46269,,,Y,Overactive Bladder,Y,Solifenacin 5mg tablets (11/08/2026),,,,,,,Y,,Y,7,"Codeine 15mg tablets
Amitriptyline 10mg tablets
Solifenacin 5mg tablets",Y,"Palpitations (18/10/2004)
Essential hypertension (05/12/2024)",,,,,1 - Patients with OAB currently receiving antimuscarinic therapy only,,Action: facilitate overactive bladder management review,Action - invite to pharmacist led clinic,Y,Letter,46274,,,,,,,,,,86,168,30.47,Obesity I (30-34.9),,,,,,,,,0,0,,,,,Y,,,,Y,,,,,,,,,,,,Y,,,,,,,,,,Y,,,,,,0.3,43992,,,,,,,Current,,,,125/83,46225,73,46226,138,46226,4.3,46226,7.8,46226,90,46226,36,46181,,,81,46181,5,46181,41,46181,44,46034,,,,,,,,7,"Codeine 15mg tablets
Amitriptyline 10mg tablets
Solifenacin 5mg tablets",,,,,,,,,,,,,,,,,,,,,,,,,,,,,,,,,,,,,,,,,,,,,,,,,,,,,,,,,,,,,0,1,1,1,1,0,0,0,0,0,0
,,,22062,52,Male,White: English or Welsh or Scottish or Northern Irish or British - England and Wales ethnic category 2011 census,,,,,,,,,,,,,MSG:Cervical spondylosis with myelopathy,42326,,,,,,,,,,,,,,,,,,,,,,,,,,,,,,,,,,,,,,,,,,,,,,,Seen in urology clinic,45649,,,,,Type 2 diabetes mellitus,46073,,,Essential hypertension,46073,,,,,,,,,,,,,,,,,,,,,Urgent desire to urinate,45138,,,,,,,,,,,,,,,,,,,,,Solifenacin 10mg tablets,46264,,,,,,,,,,,,,,Dapagliflozin 10mg tablets,46264,Type 2 diabetes mellitus,,,,,,,Solifenacin 5mg tablets,45635,Essential hypertension,,,,,,,,,,,,,,,,,,,Solifenacin 10mg tablets,46264,99,46073,173,46073,33.08,46073,118,80,46073,75,46007,40,46007,Serum ALT level,26,46007,Serum alkaline phosphatase,71,46007,,,,8,46007,92,46007,4.2,46007,139,46007,7.6,46007,47,46007,1.7,45628,Alcohol units consumed per week,1,46073,,,,,,,0,,0,,1,Solifenacin 10mg tablets,,,,,,,,0,0,Seen in urology clinic (23/12/2024),,,,0,0,0,,,,,,,,Type 2 diabetes mellitus (20/02/2026),,,,,,,,Essential hypertension (20/02/2026),,Dapagliflozin 10mg tablets (30/08/2026),,,,,,Urgent desire to urinate (31/07/2023),,,,,"Solifenacin 10mg tablets (30/08/2026)
(Solifenacin 5mg tablets (09/12/2024))",,Essential hypertension (20/02/2026),Alcohol units consumed per week - 1 (20/02/2026),1,0,1,1,46269,,,Y,Overactive Bladder,Y,Solifenacin 10mg tablets (30/08/2026),Y,Solifenacin 5mg tablets (09/12/2024),,,,,,,Y,3,Solifenacin 10mg tablets,Y,Essential hypertension (20/02/2026),,,,,1 - Patients with OAB currently receiving antimuscarinic therapy only,,Action: facilitate overactive bladder management review,Action - invite to pharmacist led clinic,Y,Letter,46274,,,,,,,,,,99,173,33.08,Obesity I (30-34.9),,,,,,,,,0,0,Y,,,,Y,,,,,,,,Y,,,,,,,,Y,,,,Y,,,,,,,,,,,,1.7,45628,Y,,,,,,Current,,,,118/80,46073,75,46007,139,46007,4.2,46007,7.6,46007,92,46007,26,46007,,,71,46007,8,46007,47,46007,40,46007,,,,,,,,3,Solifenacin 10mg tablets,,,,,,,,,,,,,,,,,,,,,,,,,,,,,,,,,,,,,,,,,,,,,,,,,,,,,,,,,,,,,0,1,1,1,1,0,0,0,0,0,0
,,,22146,66,Male,White: English or Welsh or Scottish or Northern Irish or British - England and Wales ethnic category 2011 census,,,,,,,,,Haematuria,43178,,,,,,,,,,,,,,,,,,,,,,,,,,,Overactive bladder,45442,Overactive bladder,45442,,,,,,,,,,,,,,,,,,,,,Seen in urology clinic,45413,,,,,Type 2 diabetes mellitus,46065,,,Essential hypertension,45579,,,,,,,,,EXHAUSTED,35256,,,,,,,,,,,,,,,,,,,,,,,,,,,,,,,,,Solifenacin 5mg tablets,46266,Irritable bladder,,,,,,,Tamsulosin 400microgram modified-release capsules,46210,Irritable bladder,,,,,,,,,,,,,Solifenacin 5mg tablets,,Irritable bladder,,,,,,,,,,,,,,,,,,,Solifenacin 5mg tablets,46266,89.359,46119,171.45,46003,30.4,46119,112,74,46003,79,46003,65,46003,Serum ALT level,90,46259,Serum alkaline phosphatase,388,46259,,,,5,46259,84,46003,4.3,46003,137,46003,6.2,46003,43,46259,2.5,45610,Alcohol units consumed per week,6,46119,,,,,,,0,,0,,1,Solifenacin 5mg tablets,,,,,,Haematuria (19/03/2018),,0,0,Seen in urology clinic (01/05/2024),,,,0,0,0,,,,,,,,Type 2 diabetes mellitus (12/02/2026),,,,,,,,Essential hypertension (14/10/2024),,,,,EXHAUSTED (10/07/1996),,,,,,Tamsulosin 400microgram modified-release capsules (07/07/2026),,Solifenacin 5mg tablets (01/09/2026),,Essential hypertension (14/10/2024),Alcohol units consumed per week - 6 (07/04/2026),1,0,0,1,46269,Overactive bladder (30/05/2024),Overactive bladder (30/05/2024),Y,Overactive Bladder,Y,Solifenacin 5mg tablets (01/09/2026),,,,,,,,,Y,3,Solifenacin 5mg tablets,Y,Essential hypertension (14/10/2024),,,,,1 - Patients with OAB currently receiving antimuscarinic therapy only,,Action: facilitate overactive bladder management review,Action - invite to pharmacist led clinic,Y,Letter,46274,,,,,,,,,,89.359,171.45,30.4,Obesity I (30-34.9),,,,,,,Y,,0,0,Y,,,,Y,,,,,,,,Y,,,,,,,,Y,,,,,,,,,,,,,Y,,,2.5,45610,,,,,Y,,Current,,,,112/74,46003,79,46003,137,46003,4.3,46003,6.2,46003,84,46003,90,46259,,,388,46259,5,46259,43,46259,65,46003,,,,,,,,3,Solifenacin 5mg tablets,,,,,,,,,,,,,,,,,,,,,,,,,,,,,,,,,,,,,,,,,,,,,,,,,,,,,,,,,,,,,0,1,1,1,1,0,0,0,0,0,1
,,,500027,50,Female,Black British,,,,,,,,,,,,,,,,,,,,,,,,,,,,,,,,,,,,,Detrusor overactivity,45798,Detrusor overactivity,45798,,,,,,,,,,,,,,,,,,,,,,,,,Seen in gynaecology clinic,43944,,,,,,,,,,,,,,,,,,,,,,,,,,,Urgent desire to urinate,43901,,,,,,,,,,,,,,,,,,,,,,,,Mirabegron 50mg modified-release tablets,46258,Detrusor overactivity,,,,,,,,,,,,,,,,,,,Solifenacin 10mg tablets,43901,Urgent desire to urinate,,,,,,,,,,,,,,,,,,,,,,,,,46.2,46109,133,88,45778,90,46108,41,46108,Serum ALT level,20,46108,Serum alkaline phosphatase,117,46108,,,,4,46108,59,46108,4.5,46108,142,46108,2.9,46108,43,46108,,,,,,,,,,,,0,,0,,0,,,,,,,,,0,0,,,Seen in gynaecology clinic (23/04/2020),,0,0,0,,,,,,,,,,,,,,,,,,,,,,,,Urgent desire to urinate (11/03/2020),,,,,(Solifenacin 10mg tablets (11/03/2020)),"Mirabegron 50mg modified-release tablets (24/08/2026)
()",,,0,1,1,2,46269,Detrusor overactivity (21/05/2025),Detrusor overactivity (21/05/2025),Y,Overactive Bladder,,,Y,Solifenacin 10mg tablets (11/03/2020),Y,Mirabegron 50mg modified-release tablets (24/08/2026),,,,,,0,,,,,,,,2 - Patients with OAB currently receiving beta-3 agonist therapy only,,Action: facilitate overactive bladder management review,Action - invite to pharmacist led clinic,Y,Letter,46274,,,,,,,,,,,,46.2,Obesity III (40 or more),,,,,,,,,0,0,,,Y,,Y,,,,,,,,,,,,,,,,,,,,,,,,,,,,,,,,,,Y,,,,,,Past,Current,,,133/88,45778,90,46108,142,46108,4.5,46108,2.9,46108,59,46108,20,46108,,,117,46108,4,46108,43,46108,41,46108,,,,,,,,0,,,,,,,,,,,,,,,,,,,,,,,,,,,,,,,,,,,,,,,,,,,,,,,,,,,,,,,,,,,,,,0,1,1,1,1,0,0,0,0,0,0
,,,500710,62,Female,White: English or Welsh or Scottish or Northern Irish or British - England and Wales ethnic category 2011 census,,,,,,,,,,,Renal cell carcinoma,46224,,,Neuropathic bladder,46030,,,,,,,Constipation,44705,,,,,Palpitations,41130,,,Drowsiness - symptom,42474,Urinary incontinence,46161,Overactive bladder,46161,Overactive bladder,46161,,,,,,,,,,,Recurrent urinary tract infection,46092,,,,,,,Renal cell carcinoma,46224,Seen in urology clinic,46161,Radical nephrectomy,44992,Seen in gynaecology clinic,40605,Type 2 diabetes mellitus,45988,,,,,,,,,,,,,,,,,,,,,,,,,,,,,,,,,,,,,,,,,,,,,,,,,,Vibegron 75mg tablets,46252,,,,,,,,,,,Dapagliflozin 5mg tablets,46252,,,,,,,,Oxybutynin 2.5mg tablets,44649,,,,,,,,,,,,,,Cetirizine 10mg tablets,46227,,,,,,,111,46076,160,45988,42.58,45988,134,66,46260,46,46258,55,46258,Serum ALT level,14,46258,Serum alkaline phosphatase,92,46258,,,,7,46258,105,46258,5,46258,139,46258,10.2,46258,39,46258,,,Alcohol units consumed per week,0,45484,Constipation (24/05/2022),,,,Palpitations (09/08/2012),,1,Cetirizine 10mg tablets,0,,0,,,Renal cell carcinoma (21/07/2026),,,,,Recurrent urinary tract infection (11/03/2026),5,3,Seen in urology clinic (19/05/2026),Radical nephrectomy (07/03/2023),Seen in gynaecology clinic (03/03/2011),,0,0,0,,,,,,,,Type 2 diabetes mellitus (27/11/2025),Renal cell carcinoma (21/07/2026),Renal cell carcinoma (21/07/2026),,,,,,,,Dapagliflozin 5mg tablets (18/08/2026),,,,,,,Urinary incontinence (19/05/2026),,,,(Oxybutynin 2.5mg tablets (29/03/2022)),"Vibegron 75mg tablets (18/08/2026)
()","Constipation (24/05/2022)
Palpitations (09/08/2012)",Alcohol units consumed per week - 0 (11/07/2024),0,1,1,2,46269,Overactive bladder (19/05/2026),Overactive bladder (19/05/2026),Y,Overactive Bladder,,,Y,Oxybutynin 2.5mg tablets (29/03/2022),Y,Vibegron 75mg tablets (18/08/2026),,,Y,,,1,Cetirizine 10mg tablets,Y,"Constipation (24/05/2022)
Palpitations (09/08/2012)",,,,,2 - Patients with OAB currently receiving beta-3 agonist therapy only,,Action: facilitate overactive bladder management review,Action - invite to pharmacist led clinic,Y,Letter,46274,,,,,,,,,,111,160,42.58,Obesity III (40 or more),,,Y,,,,,Y,5,3,Y,Y,Y,,Y,,,,,,,,Y,Y,Y,,,,,,,,,,Y,,Y,,,,Y,,,,,,,,,Y,,,,,Past,Current,,,134/66,46260,46,46258,139,46258,5,46258,10.2,46258,105,46258,14,46258,,,92,46258,7,46258,39,46258,55,46258,,,,,,,,1,Cetirizine 10mg tablets,,,,,,,,,,,,,,,,,,,,,,,,,,,,,,,,,,,,,,,,,,,,,,,,,,,,,,,,,,,,,0,1,1,1,1,0,0,0,0,0,0
,,,500720,72,Male,White British - ethnic category 2001 census,,,,,,,,,Blood in urine,45168,,,,,,,Bladder outflow obstruction,42107,,,,,,,,,,,,,[D]Dizziness,43391,,,,,,,,,,,,,,,,,,,,,,,,,,,,,Seen in urology clinic,45378,,,,,Type 2 diabetes mellitus,45756,,,Essential hypertension,39216,,,,,,,,,Anxiety with depression,42119,,,,,,,,,Rockwood Clinical Frailty Scale level 5 - mildly frail,45481,Urge incontinence of urine,45915,,,,,,,,,,,ECG,43342,,,,,,,,,,,,,,,,,,Alfuzosin 10mg modified-release tablets,46240,Medication requested,,,,,,,,,,,,,Solifenacin 5mg tablets,45915,,,,,Alfuzosin 10mg modified-release tablets,46028,,,,,,,,,,,,,,,,120,46224,185,46224,35.06,46224,140,62,46224,68,46156,49,46156,Serum ALT level,14,46156,Serum alkaline phosphatase,74,46156,,,,7,46156,95,46156,4.4,46156,140,46156,8.5,46156,42,46156,0.72,45926,Alcohol units consumed per week,0,46224,,,,[D]Dizziness (18/10/2018),,,0,,0,,0,,,,,,,Blood in urine (30/08/2023),,1,1,Seen in urology clinic (27/03/2024),,,,0,0,0,,,,,,,,Type 2 diabetes mellitus (09/04/2025),,,,,,,,Essential hypertension (14/05/2007),,,,,Anxiety with depression (25/04/2015),Rockwood Clinical Frailty Scale level 5 - mildly frail (08/07/2024),,Urge incontinence of urine (15/09/2025),,,Alfuzosin 10mg modified-release tablets (06/08/2026),,(Solifenacin 5mg tablets (15/09/2025)),,"[D]Dizziness (18/10/2018)
Essential hypertension (14/05/2007)",Alcohol units consumed per week - 0 (21/07/2026),0,0,1,4,46269,,,Y,Overactive Bladder,,,Y,Solifenacin 5mg tablets (15/09/2025),,,,,,,,0,,Y,"[D]Dizziness (18/10/2018)
Essential hypertension (14/05/2007)",,,,,"4 - Patients with OAB symptoms who are not currently receiving active treatment, have evidence of previous treatment failure, and who may benefit from management optimisation and/or initiation of pharmacological therapy",,Action: facilitate overactive bladder management review,Action - invite to pharmacist led clinic,Y,Letter,46274,,,,,,,,,,120,185,35.06,Obesity II (35-39.9),,,,,,,Y,,1,1,Y,,,,Y,,,,,,,,Y,,,,,,,,Y,ECG,43342,,,,,,,Y,,,,Y,Y,,0.72,45926,Y,,,,Y,,Past,,,,140/62,46224,68,46156,140,46156,4.4,46156,8.5,46156,95,46156,14,46156,,,74,46156,7,46156,42,46156,49,46156,,,,,,,,0,,,,,,,,,,,,,,,,,,,,,,,,,,,,,,,,,,,,,,,,,,,,,,,,,,,,,,,,,,,,,,0,1,1,1,1,0,0,0,0,0,1
,,,501105,68,Male,White British - ethnic category 2001 census,,,,,,,,,,,,,,,,,,,,,,,Constipation,44858,,,,,,,,,,,,,Overactive bladder,45980,Overactive bladder,45980,,,,,,,,,,,,,,,,,Benign prostatic hyperplasia,45084,,,Seen in urology clinic,46087,,,,,,,Transient cerebral ischaemia,45463,Essential hypertension,46035,,,,,,,,,,,,,,,,,,,,,,,,,,,,,,,,,,,,,,,,,,,,,,,,,,,,,,,,,,,,,Bendroflumethiazide 2.5mg tablets,46260,Amlodipine adverse reaction,,,,,,,,,,Tamsulosin 400microgram modified-release capsules,46133,,,,,,,,,,,,,,,,144,46202,186,46202,41.62,46202,143,90,46226,76,46248,43,46202,Serum ALT level,57,46202,Serum alkaline phosphatase,70,46202,,,,7,46202,87,46248,3.8,46202,138,46202,8.7,46202,47,46202,1.5,45979,Alcohol units consumed per week,0,46202,Constipation (24/10/2022),,,,,,0,,0,,0,,,,,,,,,2,5,Seen in urology clinic (06/03/2026),,,,0,0,0,,,,Benign prostatic hyperplasia (07/06/2023),,,,,,,Transient cerebral ischaemia (20/06/2024),,,,,Essential hypertension (13/01/2026),,,Bendroflumethiazide 2.5mg tablets (26/08/2026),,,,,,,,,,,,"Constipation (24/10/2022)
Essential hypertension (13/01/2026)",Alcohol units consumed per week - 0 (29/06/2026),0,0,0,0,46269,Overactive bladder (19/11/2025),Overactive bladder (19/11/2025),Y,Overactive Bladder,,,,,,,,,,,,0,,Y,"Constipation (24/10/2022)
Essential hypertension (13/01/2026)",,,,,X - Not meeting cohort criteria,,No action: not meeting review criteria,No Action,N,,,,,,,,,,,,144,186,41.62,Obesity III (40 or more),,,,,,,,,2,5,Y,,,,Y,,,,Y,,,,,,,Y,,,,,Y,,,,,Y,Y,,,,,,,,,,1.5,45979,,,,,,,,,,,143/90,46226,76,46248,138,46202,3.8,46202,8.7,46202,87,46248,57,46202,,,70,46202,7,46202,47,46202,43,46202,,,,,,,,0,,,,,,,,,,,,,,,,,,,,,,,,,,,,,,,,,,,,,,,,,,,,,,,,,,,,,,,,,,,,,,0,0,0,0,0,0,0,0,0,0,0
,,,501158,75,Male,White: English or Welsh or Scottish or Northern Irish or British - England and Wales ethnic category 2011 census,,,,,,,,,Haematuria,41621,,,,,,,,,[D]Acute retention of urine,42108,,,,,,,,,"[D]Tachycardia, unspecified",42013,,,,,,,,,,,,,,,,,,,,,,,,,,,,,,,Seen in urology clinic,45945,Transurethral prostatectomy,41353,,,Diabetic retinopathy,46238,Heart failure,45869,Essential hypertension,45869,,,Atrial fibrillation,46196,,,Heart failure,45869,[X]Depression NOS,42312,,,,,,,,,,,,,,,,,,,,,,,,,Echocardiogram shows left ventricular systolic dysfunction,42954,,,,,,,Tolterodine 2mg tablets,46232,Insertion of suprapubic catheter,,,,,,,,,,,,,Dapagliflozin 10mg tablets,46259,Had a chat to patient,Furosemide 40mg tablets,46259,Medication review,OptiFlo R citric acid 6% catheter maintenance solution (Bard Ltd),46196,,Tolterodine 2mg tablets,42796,Insertion of suprapubic catheter,,,,,,,,,,,,,Digoxin 250microgram tablets,46259,,,,,Tolterodine 2mg tablets,46232,107,46196,162,46196,40.77,46196,130,60,46196,75,45842,72,46078,Serum ALT level,22,45842,Serum alkaline phosphatase,85,45842,,,,8,45842,86,45842,4.1,45842,142,45842,9.6,45842,41,45842,0.4,45079,Alcohol units consumed per week,0,46196,,,,,"[D]Tachycardia, unspecified (09/01/2015)",,4,"Digoxin 250microgram tablets
Furosemide 40mg tablets
Warfarin 1mg tablets
Warfarin 3mg tablets",0,,1,Tolterodine 2mg tablets,,[D]Acute retention of urine (14/04/2015),,,,Haematuria (13/12/2013),,0,0,Seen in urology clinic (15/10/2025),Transurethral prostatectomy (20/03/2013),,,0,0,0,,,,,,,,Diabetic retinopathy (04/08/2026),,,Heart failure (31/07/2025),,Atrial fibrillation (23/06/2026),Heart failure (31/07/2025),,Essential hypertension (31/07/2025),Echocardiogram shows left ventricular systolic dysfunction (07/08/2017),Dapagliflozin 10mg tablets (25/08/2026),Furosemide 40mg tablets (25/08/2026),,[X]Depression NOS (04/11/2015),,,,,,,,"Tolterodine 2mg tablets (29/07/2026)
(Tolterodine 2mg tablets (02/03/2017))",,"[D]Tachycardia, unspecified (09/01/2015)
Essential hypertension (31/07/2025)
Echocardiogram shows left ventricular systolic dysfunction (07/08/2017)",Alcohol units consumed per week - 0 (23/06/2026),1,0,1,1,46269,,,Y,Overactive Bladder,Y,Tolterodine 2mg tablets (29/07/2026),Y,Tolterodine 2mg tablets (02/03/2017),,,,,Y,,Y,7,"Digoxin 250microgram tablets
Furosemide 40mg tablets
Warfarin 1mg tablets
Warfarin 3mg tablets
Tolterodine 2mg tablets",Y,"[D]Tachycardia, unspecified (09/01/2015)
Essential hypertension (31/07/2025)
Echocardiogram shows left ventricular systolic dysfunction (07/08/2017)",,,,,1 - Patients with OAB currently receiving antimuscarinic therapy only,,Action: facilitate overactive bladder management review,Action - invite to pharmacist led clinic,Y,Letter,46274,,,,,,,,,,107,162,40.77,Obesity III (40 or more),,,Y,,,,Y,,0,0,Y,Y,,,Y,,,,,,,,Y,,,Y,,Y,Y,,Y,,,Y,Y,Y,,,,,Y,,,Y,,,0.4,45079,,,,,,,Current,,,,130/60,46196,75,45842,142,45842,4.1,45842,9.6,45842,86,45842,22,45842,,,85,45842,8,45842,41,45842,72,46078,,,,,,,,7,"Digoxin 250microgram tablets
Furosemide 40mg tablets
Warfarin 1mg tablets
Warfarin 3mg tablets
Tolterodine 2mg tablets",,,,,,,,,,,,,,,,,,,,,,,,,,,,,,,,,,,,,,,,,,,,,,,,,,,,,,,,,,,,,0,1,1,1,1,0,0,0,0,0,0
,,,501243,29,Female,White: English or Welsh or Scottish or Northern Irish or British - England and Wales ethnic category 2011 census,,,,,,,,,,,,,,,,,,,,,,,,,,,,,,,,,,,,,,,,,,,,,,,,,Patient currently pregnant,42940,MSG:Recurrent urinary tract infections,41408,,,,,,,,,Seen in urology clinic,41463,,,Seen in gynaecology clinic,46087,,,,,,,,,,,,,,,Depression,44040,,,,,,,,,,,,,,,,,,,,,,,,,,,,,,,,,,,,,,,,,,,,,Duloxetine 40mg gastro-resistant capsules,46238,,,,,,,,,,,,,,,,,,,,,,,Duloxetine 20mg gastro-resistant capsules,45713,,Co-codamol 30mg/500mg tablets,46266,,,,,,,,,,,,,108,70,45320,86,46251,31,46251,Serum ALT level,10,46251,Serum alkaline phosphatase,107,46251,,,,8,46251,70,46251,4,46251,138,46251,3.2,46251,52,46251,,,,,,,,,,,,1,Co-codamol 30mg/500mg tablets,0,,0,,,,,,,,MSG:Recurrent urinary tract infections (14/05/2013),1,1,Seen in urology clinic (08/07/2013),,Seen in gynaecology clinic (06/03/2026),Patient currently pregnant (24/07/2017),0,0,0,,,,,,,,,,,,,,,,,,,,,Depression (28/07/2020),,,,,,,,,,,,0,0,0,0,46269,,,N,,,,,,,,,,Y,,,1,Co-codamol 30mg/500mg tablets,,,,,,,X - Not meeting cohort criteria,,No action: not meeting review criteria,No Action,N,,,,,,,,,,,,,,,,,,,,,,,Y,1,1,Y,,Y,Y,Y,,,,,,,,,,,,,,,,,,,,,,,,,,,,,Y,,,,,,,,,,,,,,,108/70,45320,86,46251,138,46251,4,46251,3.2,46251,70,46251,10,46251,,,107,46251,8,46251,52,46251,31,46251,,,,,,,,1,Co-codamol 30mg/500mg tablets,,,,,,,,,,,,,,,,,,,,,,,,,,,,,,,,,,,,,,,,,,,,,,,,,,,,,,,,,,,,,0,0,0,0,0,0,0,0,0,0,1
,,,501602,54,Male,White British - ethnic category 2001 census,,,,,,,,,Blood in urine - haematuria,39081,,,,,,,,,[D]Retention of urine,43880,,,Constipation,43317,,,,,,,,,,,,,,,,,,,,,,,,,,,,,,,,,,,,,Seen in urology clinic,44882,,,,,,,Cerebrovascular accident,43432,Essential hypertension,45406,Cerebrovascular accident,43432,,,,,,,Depression NOS,40493,,,,,,,Falls,45879,,,Urgent desire to urinate,44159,,,,,,,,,,,,,,,,,,,,,Solifenacin 10mg tablets,46224,Medication review with patient,,,,,,,,,,,,,,,,,,,,,,Flavoxate 200mg tablets,43144,,Mirabegron 50mg modified-release tablets,43258,,,,,,,,Duloxetine 30mg gastro-resistant capsules,44397,,Codeine 30mg tablets,46244,,,,,Solifenacin 10mg tablets,46224,83.009,45999,167.64,45999,29.54,45999,124,80,46022,85,46022,39,45771,Serum ALT level,16,46022,Serum alkaline phosphatase,70,46022,,,,8,46022,82,46022,3.8,46022,138,46022,3.2,46022,50,46022,,,,,,Constipation (05/08/2018),,,,,,2,"Codeine 30mg tablets
Morphine sulfate 10mg/5ml oral solution",0,,1,Solifenacin 10mg tablets,,[D]Retention of urine (19/02/2020),,,,Blood in urine - haematuria (30/12/2006),,0,0,Seen in urology clinic (17/11/2022),,,,0,0,0,,,,,,,,,,,Cerebrovascular accident (28/11/2018),Cerebrovascular accident (28/11/2018),,,,Essential hypertension (24/04/2024),,,,,Depression NOS (11/11/2010),,Falls (10/08/2025),Urgent desire to urinate (24/11/2020),,,,,"Solifenacin 10mg tablets (21/07/2026)
(Flavoxate 200mg tablets (13/02/2018))",(Mirabegron 50mg modified-release tablets (07/06/2018)),"Constipation (05/08/2018)
Essential hypertension (24/04/2024)",,1,0,1,1,46269,,,Y,Overactive Bladder,Y,Solifenacin 10mg tablets (21/07/2026),Y,Flavoxate 200mg tablets (13/02/2018),,,Y,Mirabegron 50mg modified-release tablets (07/06/2018),Y,,Y,5,"Codeine 30mg tablets
Morphine sulfate 10mg/5ml oral solution
Solifenacin 10mg tablets",Y,"Constipation (05/08/2018)
Essential hypertension (24/04/2024)",,,,,1 - Patients with OAB currently receiving antimuscarinic therapy only,,Action: facilitate overactive bladder management review,Action - invite to pharmacist led clinic,Y,Letter,46274,,,,,,,,,,83.009,167.64,29.54,Overweight (25-29.9),,,Y,,,,Y,,0,0,Y,,,,Y,,,,,,,,,,,Y,Y,,,,Y,,,,,,Y,,,,,,,Y,,Y,,,Y,,,,,,Current,Past,,,124/80,46022,85,46022,138,46022,3.8,46022,3.2,46022,82,46022,16,46022,,,70,46022,8,46022,50,46022,39,45771,,,,,,,,5,"Codeine 30mg tablets
Morphine sulfate 10mg/5ml oral solution
Solifenacin 10mg tablets",,,,,,,,,,,,,,,,,,,,,,,,,,,,,,,,,,,,,,,,,,,,,,,,,,,,,,,,,,,,,0,1,1,1,1,0,0,0,0,0,0
,,,501632,83,Female,White British - ethnic category 2001 census,,,,,,,,,,,,,,,,,,,,,,,,,,,,,Palpitations,44322,[D]Light-headedness,34278,,,Urinary incontinence,43717,,,,,,,,,,,,,,,,,,,,,,,,,Seen in urology clinic,43699,,,Seen in gynaecology clinic,44015,,,,,Hypertensive disease,38099,,,,,,,,,Neurasthenia,35553,,,,,Feeling anxious,38755,,,,,Urgent desire to urinate,38671,,,,,,,,,Cystitis,41985,ECG done,44929,,,,,,,,,Darifenacin 7.5mg modified-release tablets,46255,,,,,,,,,,,,,,,,,,,,,,,Darifenacin 15mg modified-release tablets,,,,,,,,,,,,,,,Co-codamol 15mg/500mg tablets,46255,,,,,Darifenacin 7.5mg modified-release tablets,46255,71.5,45670,154,45670,30.1,45670,118,76,45748,83,46059,41,46059,Serum ALT level,20,46059,Serum alkaline phosphatase,65,46059,,,,7,46059,60,46059,3.7,46059,142,46059,3.2,46059,42,46059,,,Alcohol units consumed per week,0,45670,,,,[D]Light-headedness (05/11/1993),Palpitations (06/05/2021),,1,Co-codamol 15mg/500mg tablets,0,,1,Darifenacin 7.5mg modified-release tablets,,,,,,,,2,1,Seen in urology clinic (22/08/2019),,Seen in gynaecology clinic (03/07/2020),,1,2,3,,,,,,,Cystitis (12/12/2014),,,,,,,,,Hypertensive disease (22/04/2004),,,,Feeling anxious (07/02/2006),Neurasthenia (03/05/1997),,,Urgent desire to urinate (15/11/2005),Urinary incontinence (09/09/2019),,,,Darifenacin 7.5mg modified-release tablets (21/08/2026),,"[D]Light-headedness (05/11/1993)
Palpitations (06/05/2021)
Hypertensive disease (22/04/2004)",Alcohol units consumed per week - 0 (13/01/2025),1,0,0,1,46269,,,Y,Overactive Bladder,Y,Darifenacin 7.5mg modified-release tablets (21/08/2026),,,,,,,Y,,Y,4,"Co-codamol 15mg/500mg tablets
Darifenacin 7.5mg modified-release tablets",Y,"[D]Light-headedness (05/11/1993)
Palpitations (06/05/2021)
Hypertensive disease (22/04/2004)",,,,,1 - Patients with OAB currently receiving antimuscarinic therapy only,,Action: facilitate overactive bladder management review,Action - invite to pharmacist led clinic,Y,Letter,46274,,,,,,,,,,71.5,154,30.1,Obesity I (30-34.9),,,,,,,,,2,1,Y,,Y,,Y,,,,,,,Y,,,,,,,,,Y,ECG done,44929,,,,,,,Y,Y,,Y,Y,,,,,Y,Y,,,,,Current,,,,118/76,45748,83,46059,142,46059,3.7,46059,3.2,46059,60,46059,20,46059,,,65,46059,7,46059,42,46059,41,46059,,,,,,,,4,"Co-codamol 15mg/500mg tablets
Darifenacin 7.5mg modified-release tablets",,,,,,,,,,,,,,,,,,,,,,,,,,,,,,,,,,,,,,,,,,,,,,,,,,,,,,,,,,,,,0,1,1,1,1,0,0,0,0,0,0
,,,501648,69,Female,White British - ethnic category 2001 census,,,,,,,,,,,,,,,,,,,,,,,,,,,,,Palpitations,40766,,,,,,,,,,,,,,,,,,,,,,,,,,,,,,,,,,,,,,,Angina,39532,,,,,Atrial fibrillation,45278,Angina,39532,,,Endogenous depression - recurrent,39416,,,,,,,,,,,,,,,,,,,,,,,Standard ECG,43747,,,,,,,,,Solifenacin 5mg tablets,46261,,,,,,,,,,,,,,,,,,,,,,,Oxybutynin 2.5mg tablets,42746,,,,,,,,,,,,,,Atenolol 25mg tablets,46261,,,,,Solifenacin 5mg tablets,46261,112,46237,177,46237,35.75,46237,126,80,46237,76,46230,36,46230,Serum ALT level,20,46230,Serum alkaline phosphatase,97,46230,,,,7,46230,67,46232,3.8,46230,142,46230,4.7,46230,42,46230,,,Alcohol units consumed per week,0,46237,,,,,Palpitations (11/08/2011),,2,"Atenolol 25mg tablets
Tramadol 50mg capsules",0,,1,Solifenacin 5mg tablets,,,,,,,,0,0,,,,,0,0,0,,,,,,,,,,,Angina (25/03/2008),,Atrial fibrillation (18/12/2023),,Angina (25/03/2008),,,,,,Endogenous depression - recurrent (30/11/2007),,,,,,,,"Solifenacin 5mg tablets (27/08/2026)
(Oxybutynin 2.5mg tablets (11/01/2017))",,Palpitations (11/08/2011),Alcohol units consumed per week - 0 (03/08/2026),1,0,1,1,46269,,,Y,Overactive Bladder,Y,Solifenacin 5mg tablets (27/08/2026),Y,Oxybutynin 2.5mg tablets (11/01/2017),,,,,Y,,Y,5,"Atenolol 25mg tablets
Tramadol 50mg capsules
Solifenacin 5mg tablets",Y,Palpitations (11/08/2011),,,,,1 - Patients with OAB currently receiving antimuscarinic therapy only,,Action: facilitate overactive bladder management review,Action - invite to pharmacist led clinic,Y,Letter,46274,,,,,,,,,,112,177,35.75,Obesity II (35-39.9),,,,,,,,,0,0,,,,,Y,,,,,,,,,,,Y,,Y,,Y,,Standard ECG,43747,,,,,,,,Y,,,Y,,,,,,,,,,,Current,,,,126/80,46237,76,46230,142,46230,3.8,46230,4.7,46230,67,46232,20,46230,,,97,46230,7,46230,42,46230,36,46230,,,,,,,,5,"Atenolol 25mg tablets
Tramadol 50mg capsules
Solifenacin 5mg tablets",,,,,,,,,,,,,,,,,,,,,,,,,,,,,,,,,,,,,,,,,,,,,,,,,,,,,,,,,,,,,0,1,1,1,1,0,0,0,0,0,0
,,,501664,60,Female,White British - ethnic category 2001 census,,,,,,,,,,,,,,,,,,,,,,,,,,,,,,,,,,,Urinary incontinence,40360,,,,,,,,,,,,,,,,,,,,,,,,,,,,,Referral to community gynaecology service,46206,,,,,Essential hypertension,42758,,,,,,,,,Depressive disorder,33543,,,,,,,,,,,,,,,,,,,,,,,,,,,,,,,,,Darifenacin 15mg modified-release tablets,46261,Female stress incontinence,,,,,,,,,,,,,,,,,,,,,,,,,,,,,,,,,,,,,,,,,Amitriptyline 10mg tablets,46234,Darifenacin 15mg modified-release tablets,46261,80.29,45869,163,45869,29.87,46037,138,72,45943,62,46184,39,46184,Serum ALT level,19,46184,Serum alkaline phosphatase,112,46184,,,,6,46184,82,46184,3.9,46184,140,46184,5.5,46184,47,46184,,,Social drinker,,45693,,,,,,,0,,0,,3,"Amitriptyline 10mg tablets
Amitriptyline 25mg tablets
Darifenacin 15mg modified-release tablets",,,,,,,,1,2,,,Referral to community gynaecology service (03/07/2026),,0,0,0,,,,,,,,,,,,,,,,Essential hypertension (23/01/2017),,,,,Depressive disorder (01/11/1991),,,,Urinary incontinence (01/07/2010),,,,Darifenacin 15mg modified-release tablets (27/08/2026),,Essential hypertension (23/01/2017),Social drinker -  (05/02/2025),1,0,0,1,46269,,,Y,Overactive Bladder,Y,Darifenacin 15mg modified-release tablets (27/08/2026),,,,,,,,,Y,9,"Amitriptyline 10mg tablets
Amitriptyline 25mg tablets
Darifenacin 15mg modified-release tablets",Y,Essential hypertension (23/01/2017),,,,,1 - Patients with OAB currently receiving antimuscarinic therapy only,,Action: facilitate overactive bladder management review,Action - invite to pharmacist led clinic,Y,Letter,46274,,,,,,,,,,80.29,163,29.87,Overweight (25-29.9),,,,,,,,,1,2,,,Y,,Y,,,,,,,,,,,,,,,,Y,,,,,,,,,,,,,Y,,,,,,Y,,,,,Current,,,,138/72,45943,62,46184,140,46184,3.9,46184,5.5,46184,82,46184,19,46184,,,112,46184,6,46184,47,46184,39,46184,,,,,,,,9,"Amitriptyline 10mg tablets
Amitriptyline 25mg tablets
Darifenacin 15mg modified-release tablets",,,,,,,,,,,,,,,,,,,,,,,,,,,,,,,,,,,,,,,,,,,,,,,,,,,,,,,,,,,,,0,1,1,1,1,0,0,0,0,0,0
,,,502174,78,Female,White British - ethnic category 2001 census,,,,,,,,,,,,,,,,,,,,,,,,,,,,,,,,,,,Urinary incontinence,45551,Overactive bladder,45436,Overactive bladder,45436,,,,,,,,,,,,,,,,,,,,,,,,,,,,,,,Essential hypertension,46195,,,,,,,,,[X]Depression NOS,39729,,,,,,,,,,,,,,,,,,,,,,,24 Hour ECG,46112,,,,,,,,,,,,,,,,,,,,,,,,,,,,,,,,,Solifenacin 5mg tablets,,,Mirabegron 50mg modified-release tablets,45811,Medication review with patient,,,,,,,,,,,,,,,,,,81,46268,170.18,46268,27.97,46268,121,66,46268,55,46260,40,46260,Serum ALT level,24,46260,Serum alkaline phosphatase,65,46260,,,,7,46260,86,46260,4.2,46260,134,46260,8.7,46260,44,46260,,,Alcohol units consumed per week,0,46268,,,,,,,0,,0,,0,,,,,,,,,2,0,,,,,0,0,0,,,,,,,,,,,,,,,,Essential hypertension (22/06/2026),,,,,[X]Depression NOS (08/10/2008),,,,Urinary incontinence (16/09/2024),,,,,(Mirabegron 50mg modified-release tablets (03/06/2025)),Essential hypertension (22/06/2026),Alcohol units consumed per week - 0 (03/09/2026),0,0,1,4,46269,Overactive bladder (24/05/2024),Overactive bladder (24/05/2024),Y,Overactive Bladder,,,,,,,Y,Mirabegron 50mg modified-release tablets (03/06/2025),,,,0,,Y,Essential hypertension (22/06/2026),,,,,"4 - Patients with OAB symptoms who are not currently receiving active treatment, have evidence of previous treatment failure, and who may benefit from management optimisation and/or initiation of pharmacological therapy",,Action: facilitate overactive bladder management review,Action - invite to pharmacist led clinic,Y,Letter,46274,,,,,,,,,,81,170.18,27.97,Overweight (25-29.9),,,,,,,,,2,0,,,,,Y,,,,,,,,,,,,,,,,Y,24 Hour ECG,46112,,,,,,,,,,,Y,,,,,,Y,,,,,,Past,,,121/66,46268,55,46260,134,46260,4.2,46260,8.7,46260,86,46260,24,46260,,,65,46260,7,46260,44,46260,40,46260,,,,,,,,0,,,,,,,,,,,,,,,,,,,,,,,,,,,,,,,,,,,,,,,,,,,,,,,,,,,,,,,,,,,,,,0,1,1,1,1,0,0,0,0,0,0
,,,502183,18,Female,White British - ethnic category 2001 census,,,,,,,,,,,,,,,,,,,,,,,,,,,,,,,,,,,,,Overactive bladder,46121,Overactive bladder,46121,,,,,,,,,,,,,,,,,,,,,,,,,,,,,,,,,,,,,,,,,,,,,,,,,,,,,,,,,,,,,,,,,,,,,,,,,,,,,,,,,,,,,,,,,,,,,,,,,,,Solifenacin 5mg tablets,46121,,,,,,,,,,,,,,Cetirizine 10mg tablets,46268,,,,,,,68,46202,158,45884,27.2,45884,122,79,46121,,,,,Serum ALT level,42,46140,Serum alkaline phosphatase,80,46140,,,,12,46140,58,46140,3.6,46140,142,46140,4.7,46140,45,46140,,,,,,,,,,,,1,Cetirizine 10mg tablets,0,,0,,,,,,,,,0,0,,,,,0,2,2,,,,,,,,,,,,,,,,,,,,,,,,,,,,,(Solifenacin 5mg tablets (09/04/2026)),,,,0,0,1,0,46269,Overactive bladder (09/04/2026),Overactive bladder (09/04/2026),Y,Overactive Bladder,,,Y,Solifenacin 5mg tablets (09/04/2026),,,,,Y,,,1,Cetirizine 10mg tablets,,,,,,,X - Not meeting cohort criteria,,No action: not meeting review criteria,No Action,N,,,,,,,,,,,,68,158,27.2,Overweight (25-29.9),,,,,,,,,0,0,,,,,Y,,,,,,,,,,,,,,,,,,,,,,,,,,,,,,,,,,,,,,,,Past,,,,122/79,46121,,,142,46140,3.6,46140,4.7,46140,58,46140,42,46140,,,80,46140,12,46140,45,46140,,,,,,,,,,1,Cetirizine 10mg tablets,,,,,,,,,,,,,,,,,,,,,,,,,,,,,,,,,,,,,,,,,,,,,,,,,,,,,,,,,,,,,0,0,0,0,0,0,0,0,0,0,0
,,,502203,76,Male,White: English or Welsh or Scottish or Northern Irish or British - England and Wales ethnic category 2011 census,,,,,,,,,,,,,,,,,Bladder outflow obstruction,38426,,,,,,,,,,,,,,,,,,,,,,,,,,,,,,,,,,,,,,,Benign prostatic hyperplasia,44252,,,Seen in urology clinic,44391,,,,,,,,,,,,,,,,,,,,,,,,,,,,,,,,,Increased frequency of urination,44215,,,,,,,,,,,,,,,,,,,,,,Mirabegron 50mg modified-release tablets,46252,,Finasteride 5mg tablets,46252,,Tamsulosin 400microgram modified-release capsules,46252,,,,,,,,,,,,,,Solifenacin 10mg tablets,44285,,,,,Alfuzosin 10mg modified-release tablets,44255,,Finasteride 5mg tablets,44284,Benign prostatic hypertrophy,,,,,,,,,,,,81,45547,171,45547,27.7,45547,131,76,46140,90,46058,39,46058,Serum ALT level,43,46058,Serum alkaline phosphatase,60,46058,,,,13,46058,70,46058,4.8,46058,141,46058,8.8,46058,43,46058,0.65,46058,Alcohol units consumed per week,0,45547,,,,,,,0,,0,,0,,,,,,,,,0,0,Seen in urology clinic (14/07/2021),,,,0,0,0,,,,Benign prostatic hyperplasia (25/02/2021),,,,,,,,,,,,,,,,,,,,,,Increased frequency of urination (19/01/2021),Tamsulosin 400microgram modified-release capsules (18/08/2026),Finasteride 5mg tablets (18/08/2026),(Solifenacin 10mg tablets (30/03/2021)),"Mirabegron 50mg modified-release tablets (18/08/2026)
()",,Alcohol units consumed per week - 0 (12/09/2024),0,1,1,2,46269,,,Y,Overactive Bladder,,,Y,Solifenacin 10mg tablets (30/03/2021),Y,Mirabegron 50mg modified-release tablets (18/08/2026),,,,,,0,,,,,,,,2 - Patients with OAB currently receiving beta-3 agonist therapy only,,Action: facilitate overactive bladder management review,Action - invite to pharmacist led clinic,Y,Letter,46274,,,,,,,,,,81,171,27.7,Overweight (25-29.9),,,,,,,,,0,0,Y,,,,Y,,,,Y,,,,,,,,,,,,,,,,,,,,,,,,,,,,0.65,46058,,,Y,,Y,Y,Past,Current,,,131/76,46140,90,46058,141,46058,4.8,46058,8.8,46058,70,46058,43,46058,,,60,46058,13,46058,43,46058,39,46058,,,,,,,,0,,,,,,,,,,,,,,,,,,,,,,,,,,,,,,,,,,,,,,,,,,,,,,,,,,,,,,,,,,,,,,0,1,1,1,1,0,0,0,0,0,1
,,,502226,79,Female,White British - ethnic category 2001 census,,,,,,,,,,,,,,,,,,,,,Glaucoma,46190,Constipation,45981,,,,,Palpitations,45784,,,,,,,,,,,,,,,,,,,,,,,,,,,,,,,Seen in urology clinic,43454,,,Gynaecological referral,34618,Type 2 diabetes mellitus,46164,,,Hypertensive disease,43200,,,Atrial flutter,45930,,,,,,,,,,,,,Recurrent falls,45734,Rockwood Clinical Frailty Scale level 6 - moderately frail,45734,Urgency,42990,,,,,,,,,Cystitis,40463,Ambulatory ECG,45930,,,,,,,,,,,,Vibegron 75mg tablets,46259,Type 2 diabetes mellitus,,,,,,,,,,,,,,,,,,,Oxybutynin 10mg modified-release tablets,44239,Type 2 diabetes mellitus,,,,,,,,,,,,,Digoxin 125microgram tablets,46259,,,,,,,72.4,46164,155.7,46164,29.9,46226,122,53,46164,84,46188,40,46188,Serum ALT level,31,46188,Serum alkaline phosphatase,160,46188,,,,12,46188,60,46188,3.7,46188,135,46188,6.1,46188,43,46188,,,Alcohol units consumed per week,0,45516,Constipation (20/11/2025),Glaucoma (17/06/2026),,,Palpitations (07/05/2025),,2,"Digoxin 125microgram tablets
Warfarin 3mg tablets",0,,0,,,,,,,,,3,11,Seen in urology clinic (20/12/2018),,Gynaecological referral (11/10/1994),,0,0,0,,,,,,,Cystitis (12/10/2010),Type 2 diabetes mellitus (22/05/2026),,,,,Atrial flutter (30/09/2025),,,Hypertensive disease (10/04/2018),,,,,,Rockwood Clinical Frailty Scale level 6 - moderately frail (18/03/2025),Recurrent falls (18/03/2025),Urgency (12/09/2017),,,,,(Oxybutynin 10mg modified-release tablets (12/02/2021)),"Vibegron 75mg tablets (25/08/2026)
()","Constipation (20/11/2025)
Glaucoma (17/06/2026)
Palpitations (07/05/2025)
Hypertensive disease (10/04/2018)",Alcohol units consumed per week - 0 (12/08/2024),0,1,1,2,46269,,,Y,Overactive Bladder,,,Y,Oxybutynin 10mg modified-release tablets (12/02/2021),Y,Vibegron 75mg tablets (25/08/2026),,,Y,,,2,"Digoxin 125microgram tablets
Warfarin 3mg tablets",Y,"Constipation (20/11/2025)
Glaucoma (17/06/2026)
Palpitations (07/05/2025)
Hypertensive disease (10/04/2018)",,,,,2 - Patients with OAB currently receiving beta-3 agonist therapy only,,Action: facilitate overactive bladder management review,Action - invite to pharmacist led clinic,Y,Letter,46274,,,,,,,,,,72.4,155.7,29.9,Overweight (25-29.9),,,,,,,,,3,11,Y,,Y,,Y,,,,,,,Y,Y,,,,,Y,,,Y,Ambulatory ECG,45930,,,,Y,Y,,,Y,,,,Y,Y,,,Y,,,,,,Past,Current,,,122/53,46164,84,46188,135,46188,3.7,46188,6.1,46188,60,46188,31,46188,,,160,46188,12,46188,43,46188,40,46188,,,,,,,,2,"Digoxin 125microgram tablets
Warfarin 3mg tablets",,,,,,,,,,,,,,,,,,,,,,,,,,,,,,,,,,,,,,,,,,,,,,,,,,,,,,,,,,,,,0,1,1,1,1,0,0,0,0,0,0
,,,502228,67,Female,White British - ethnic category 2001 census,,,Housebound,46231,,,,,,,,,,,,,,,,,,,,,,,,,,,,,,,Urinary incontinence,44481,,,,,,,,,,,,,,,,,,,,,,,,,Seen in urology clinic,44587,,,Seen in gynaecology clinic,44606,Type 2 diabetes mellitus,46262,,,Essential hypertension,45744,,,,,,,,,Depression,45972,,,,,,,Falls,44574,,,,,,,,,,,,,,,Electrocardiographic procedure,44566,,,,,,,,,,,,Mirabegron 50mg modified-release tablets,46255,Had a chat to patient,,,,,,,,,,,,,Bumetanide 1mg tablets,46255,Lymphoedema,,,,,,,Betmiga 25mg modified-release tablets (Astellas Pharma Ltd),44498,,,,,,,,,,,Co-codamol 30mg/500mg effervescent tablets,46255,,,,,,,114,46262,149,46262,51.35,46262,132,75,46262,62,46218,59,46218,Serum ALT level,24,46218,Serum alkaline phosphatase,78,46218,,,,9,46218,80,46218,4,46218,138,46218,10,46218,49,46218,,,Alcohol units consumed per week,0,46126,,,,,,,3,"Co-codamol 30mg/500mg effervescent tablets
Digoxin 125microgram tablets
Morphine sulfate 10mg/5ml oral solution",0,,0,,,,,,,,,0,0,Seen in urology clinic (26/01/2022),,Seen in gynaecology clinic (14/02/2022),,0,0,0,,,,,,,,Type 2 diabetes mellitus (28/08/2026),,,,,,,,Essential hypertension (28/03/2025),,,Bumetanide 1mg tablets (21/08/2026),,Depression (11/11/2025),,Falls (13/01/2022),,Urinary incontinence (12/10/2021),,,,,"Mirabegron 50mg modified-release tablets (21/08/2026)
(Betmiga 25mg modified-release tablets (Astellas Pharma Ltd) (29/10/2021))",Essential hypertension (28/03/2025),Alcohol units consumed per week - 0 (14/04/2026),0,1,1,0,46269,,,N,,,,,,Y,Mirabegron 50mg modified-release tablets (21/08/2026),Y,Betmiga 25mg modified-release tablets (Astellas Pharma Ltd) (29/10/2021),Y,,,3,"Co-codamol 30mg/500mg effervescent tablets
Digoxin 125microgram tablets
Morphine sulfate 10mg/5ml oral solution",Y,Essential hypertension (28/03/2025),,,,,X - Not meeting cohort criteria,,No action: not meeting review criteria,No Action,N,,,,,,,,,,,,114,149,51.35,Obesity III (40 or more),,,,,,,,,0,0,Y,,Y,,Y,,,,,,,,Y,,,,,,,,Y,Electrocardiographic procedure,44566,,,Y,,,,,,,,Y,,Y,,,,Y,,,,,,Current,,,132/75,46262,62,46218,138,46218,4,46218,10,46218,80,46218,24,46218,,,78,46218,9,46218,49,46218,59,46218,,,,,,,,3,"Co-codamol 30mg/500mg effervescent tablets
Digoxin 125microgram tablets
Morphine sulfate 10mg/5ml oral solution",,,,,,,,,,,,,,,,,,,,,,,,,,,,,,,,,,,,,,,,,,,,,,,,,,,,,,,,,,,,,0,0,0,0,0,0,0,0,0,0,0
,,,502484,49,Male,White British - ethnic category 2001 census,,,,,,,,,,,,,,,,,,,,,,,,,,,,,,,,,,,,,Overactive bladder,44866,Overactive bladder,44911,,,,,,,,,,,,,Multiple sclerosis,45491,,,,,,,Seen in urology clinic,45147,,,,,,,,,,,,,,,,,,,Mixed anxiety and depressive disorder,45958,,,,,,,,,,,Urge incontinence of urine,45751,,,,,,,,,,,,,,,,,,,,,,,,Mirabegron 50mg modified-release tablets,46264,,,,,,,,,,,,,,,,,,,,,,,,,,,,,,,,Duloxetine 30mg gastro-resistant capsules,,,,,,,,,,,77,45350,186,45070,22.26,45350,127,73,46085,90,46168,37,46055,Serum ALT level,20,46156,Serum alkaline phosphatase,68,46156,AST serum level,30,41739,7,46156,66,46168,3.7,46168,141,46168,4.2,46168,44,46156,1.9,44824,Alcohol consumption,0,45070,,,,,,,0,,0,,0,,,,,,,,,0,0,Seen in urology clinic (09/08/2023),,,,1,0,1,Multiple sclerosis (18/07/2024),Multiple sclerosis (18/07/2024),,,,,,,,,,,,,,,,,,,Mixed anxiety and depressive disorder (28/10/2025),,,Urge incontinence of urine (04/04/2025),,,,,,"Mirabegron 50mg modified-release tablets (30/08/2026)
()",,Alcohol consumption - 0 (24/05/2023),0,1,0,2,46269,Overactive bladder (01/11/2022),Overactive bladder (16/12/2022),Y,Overactive Bladder,,,,,Y,Mirabegron 50mg modified-release tablets (30/08/2026),,,,,,0,,,,,,,,2 - Patients with OAB currently receiving beta-3 agonist therapy only,,Action: facilitate overactive bladder management review,Action - invite to pharmacist led clinic,Y,Letter,46274,,,,,,,,,,77,186,22.26,Healthy weight (18.5-24.9),,,,,,,,,0,0,Y,,,,Y,Y,Y,,,,,,,,,,,,,,,,,,,,,,,,,,,Y,,,1.9,44824,Y,,,,,,,Current,,,127/73,46085,90,46168,141,46168,3.7,46168,4.2,46168,66,46168,20,46156,30,41739,68,46156,7,46156,44,46156,37,46055,,,,,,,,0,,,,,,,,,,,,,,,,,,,,,,,,,,,,,,,,,,,,,,,,,,,,,,,,,,,,,,,,,,,,,,0,1,1,1,1,0,0,0,0,0,0
,,,502562,77,Female,White British - ethnic category 2001 census,,,,,,,,,,,,,,,,,,,,,,,,,,,,,,,,,,,,,Overactive bladder,41537,Overactive bladder,41537,,,,,,,,,,,Recurrent urinary tract infection,45243,,,,,,,,,Seen in urology clinic,46086,,,Seen in gynaecology clinic,41808,Type 2 diabetes mellitus,45555,,,Essential hypertension,44974,,,Atrial fibrillation,46038,,,,,Anxiety with depression,43813,,,,,Anxiousness - symptom,43620,,,,,Urge incontinence of urine,40822,,,,,Adverse reaction to Solifenacin,41544,,,,,ECG,40914,,,,,,,"Uterovaginal prolapse, unspecified",41697,Darifenacin 15mg modified-release tablets,46248,,,,,,,,,,,,,,,,,Furosemide 20mg tablets,46252,,,,,Darifenacin 15mg modified-release tablets,42464,,Mirabegron 50mg modified-release tablets,41866,,,,,,,,Duloxetine 20mg gastro-resistant capsules,40731,,Co-tenidone 100mg/25mg tablets,46248,,,,,Darifenacin 15mg modified-release tablets,46248,89.6,46049,150,45716,39.8,46049,130,74,46135,37,46251,38,46247,Serum ALT level,9,46247,Serum alkaline phosphatase,54,46247,,,,6,46247,123,46251,3.9,46251,139,46251,10.6,46251,41,46247,,,Alcohol units consumed per week,0,46035,,,,,,,2,"Co-tenidone 100mg/25mg tablets
Furosemide 20mg tablets",0,,1,Darifenacin 15mg modified-release tablets,,"Uterovaginal prolapse, unspecified (27/02/2014)",,,,,Recurrent urinary tract infection (13/11/2023),0,0,Seen in urology clinic (05/03/2026),,Seen in gynaecology clinic (18/06/2014),,0,0,0,,,,,,,,Type 2 diabetes mellitus (20/09/2024),,,,,Atrial fibrillation (16/01/2026),,,Essential hypertension (17/02/2023),,,Furosemide 20mg tablets (18/08/2026),Anxiousness - symptom (04/06/2019),Anxiety with depression (14/12/2019),,,Urge incontinence of urine (06/10/2011),,,,,"Darifenacin 15mg modified-release tablets (14/08/2026)
(Darifenacin 15mg modified-release tablets (04/04/2016))",(Mirabegron 50mg modified-release tablets (15/08/2014)),Essential hypertension (17/02/2023),Alcohol units consumed per week - 0 (13/01/2026),1,0,1,1,46269,Overactive bladder (20/09/2013),Overactive bladder (20/09/2013),Y,Overactive Bladder,Y,Darifenacin 15mg modified-release tablets (14/08/2026),Y,Darifenacin 15mg modified-release tablets (04/04/2016),,,Y,Mirabegron 50mg modified-release tablets (15/08/2014),Y,,Y,5,"Co-tenidone 100mg/25mg tablets
Furosemide 20mg tablets
Darifenacin 15mg modified-release tablets",Y,Essential hypertension (17/02/2023),Y,Adverse reaction to Solifenacin (27/09/2013),,,1 - Patients with OAB currently receiving antimuscarinic therapy only,,Action: facilitate overactive bladder management review,Action - invite to pharmacist led clinic,Y,Letter,46274,,,,,,,,,,89.6,150,39.8,Obesity II (35-39.9),,,Y,,,,,Y,0,0,Y,,Y,,Y,,,,,,,,Y,,,,,Y,,,Y,ECG,40914,,,Y,,,,,,,Y,Y,,,,,Y,,,,,,Current,Past,,,130/74,46135,37,46251,139,46251,3.9,46251,10.6,46251,123,46251,9,46247,,,54,46247,6,46247,41,46247,38,46247,,,,,,,,5,"Co-tenidone 100mg/25mg tablets
Furosemide 20mg tablets
Darifenacin 15mg modified-release tablets",Adverse reaction to Solifenacin (27/09/2013),,,,,,,,,,,,,,,,,,,,,,,,,,,,,,,,,,,,,,,,,,,,,,,,,,,,,,,,,,,,0,1,1,1,1,0,0,0,0,0,0
,,,502632,76,Male,White: English or Welsh or Scottish or Northern Irish or British - England and Wales ethnic category 2011 census,,,,,,,,,,,,,,,,,,,,,,,,,,,,,,,,,,,,,,,,,,,,,,,,,,,Recurrent urinary tract infection,45370,,,,,Prostatism,44613,,,Seen in urology clinic,46119,,,,,Diabetes mellitus,46121,Ischaemic heart disease,45905,,,,,,,Ischaemic heart disease,45905,,,,,,,,,,,,,,,,,,,,,,,,,,,,,,,,,,,,,Darifenacin 15mg modified-release tablets,46254,Urinary symptoms,Mirabegron 50mg modified-release tablets,46254,Urinary symptoms,,,,Tamsulosin 400microgram modified-release capsules,46266,Urinary symptoms,,,,Dapagliflozin 10mg tablets,46266,,,,,GC Air catheter male 14Ch 510690 (ConvaTec Ltd),46205,,Darifenacin 15mg modified-release tablets,44662,,Mirabegron 50mg modified-release tablets,,,Tamsulosin 400microgram modified-release capsules,,,,,,,,,Cetirizine 10mg tablets,46266,,,,,Darifenacin 15mg modified-release tablets,46254,88,45940,155,45940,36.6,46049,95,65,46209,81,45993,50,45800,Serum ALT level,47,45800,Serum alkaline phosphatase,90,45800,,,,9,45800,81,45993,4.4,45387,142,45800,4.6,45800,45,45800,1.4,45099,Occasional drinker,,46206,,,,,,,2,"Cetirizine 10mg tablets
Dihydrocodeine 30mg tablets",0,,1,Darifenacin 15mg modified-release tablets,,,,,,,Recurrent urinary tract infection (19/03/2024),2,0,Seen in urology clinic (07/04/2026),,,,0,1,1,,,,Prostatism (21/02/2022),,,,Diabetes mellitus (09/04/2026),,,Ischaemic heart disease (05/09/2025),,,,Ischaemic heart disease (05/09/2025),,,Dapagliflozin 10mg tablets (01/09/2026),,,,,,,,,Tamsulosin 400microgram modified-release capsules (01/09/2026),,"Darifenacin 15mg modified-release tablets (20/08/2026)
(Darifenacin 15mg modified-release tablets (11/04/2022))","Mirabegron 50mg modified-release tablets (20/08/2026)
()",,Occasional drinker -  (03/07/2026),1,1,1,3,46269,,,Y,Overactive Bladder,Y,Darifenacin 15mg modified-release tablets (20/08/2026),Y,Darifenacin 15mg modified-release tablets (11/04/2022),Y,Mirabegron 50mg modified-release tablets (20/08/2026),,,Y,,Y,5,"Cetirizine 10mg tablets
Dihydrocodeine 30mg tablets
Darifenacin 15mg modified-release tablets",,,,,,,3 - Patients with OAB currently receiving antimuscarinic therapy and beta-3 agonist therapy,,Action: facilitate overactive bladder management review,Action - invite to pharmacist led clinic,Y,Letter,46274,,,,,,,,,,88,155,36.6,Obesity II (35-39.9),,,,,,,,Y,2,0,Y,,,,Y,,,,Y,,,,Y,,,Y,,,,Y,,,,,Y,,,,,,,,,,,,1.4,45099,,,,,Y,,Current,Current,,,95/65,46209,81,45993,142,45800,4.4,45387,4.6,45800,81,45993,47,45800,,,90,45800,9,45800,45,45800,50,45800,,,,,,,,5,"Cetirizine 10mg tablets
Dihydrocodeine 30mg tablets
Darifenacin 15mg modified-release tablets",,,,,,,,,,,,,,,,,,,,,,,,,,,,,,,,,,,,,,,,,,,,,,,,,,,,,,,,,,,,,0,1,1,1,1,0,0,0,0,0,1
,,,502743,54,Female,White: English or Welsh or Scottish or Northern Irish or British - England and Wales ethnic category 2011 census,,,,,,,,,,,,,,,,,,,,,,,,,,,,,,,,,,,,,,,,,,,,,,,,,Patient currently pregnant,42013,,,,,,,,,,,,,,,Referral to gynaecologist,41702,,,,,,,,,,,,,,,,,,,,,H/O: anxiety state,40500,,,,,,,,,,,,,,,,,,,,,,,,,,,Solifenacin 10mg tablets,46062,,,,,,,,,,,,,,,,,,,,,,,Solifenacin 10mg tablets,45736,,,,,,,,,,,,,,,,,,,,,,70,45470,154,45470,29.52,45470,127,85,45614,73,45708,40,45708,Serum ALT level,21,45708,Serum alkaline phosphatase,90,45708,,,,5,45708,73,45708,4.9,45708,139,45708,7.3,45708,43,45708,,,,,,,,,,,,0,,0,,0,,,,,,,,,1,0,,,Referral to gynaecologist (04/03/2014),Patient currently pregnant (09/01/2015),0,2,2,,,,,,,,,,,,,,,,,,,,H/O: anxiety state (18/11/2010),,,,,,,,,"Solifenacin 10mg tablets (09/02/2026)
(Solifenacin 10mg tablets (20/03/2025))",,,,1,0,1,1,46269,,,Y,Overactive Bladder,Y,Solifenacin 10mg tablets (09/02/2026),Y,Solifenacin 10mg tablets (20/03/2025),,,,,,,,0,,,,,,,,1 - Patients with OAB currently receiving antimuscarinic therapy only,,Action: facilitate overactive bladder management review,Action - invite to pharmacist led clinic,Y,Letter,46274,,,,,,,,,,70,154,29.52,Overweight (25-29.9),,,,,,,,,1,0,,,Y,Y,Y,,,,,,,,,,,,,,,,,,,,,,,,,,,,Y,,,,,,,,,,,,Current,,,,127/85,45614,73,45708,139,45708,4.9,45708,7.3,45708,73,45708,21,45708,,,90,45708,5,45708,43,45708,40,45708,,,,,,,,0,,,,,,,,,,,,,,,,,,,,,,,,,,,,,,,,,,,,,,,,,,,,,,,,,,,,,,,,,,,,,,0,1,1,1,1,0,0,0,0,0,0
,,,502816,79,Male,White: English or Welsh or Scottish or Northern Irish or British - England and Wales ethnic category 2011 census,,,,,,,,,,,,,,,,,,,,,,,,,,,,,,,,,,,,,Overactive bladder,46189,Overactive bladder,46189,,,,,,,,,,,,,,,Parkinson's disease,45580,,,,,Seen in urology clinic,46189,,,,,,,,,Essential hypertension,45314,,,,,,,,,,,,,,,,,,,,,,,,,,,,,,,,,,,,,,,,,,,Darifenacin 15mg modified-release tablets,46261,Had a chat to patient,Vibegron 75mg tablets,46261,,Finasteride 5mg tablets,46261,,Tamsulosin 400microgram modified-release capsules,46261,,,,,,,,,,,,,,Darifenacin 7.5mg modified-release tablets,,,Mirabegron 25mg modified-release tablets,45313,Patient review,Tamsulosin 400microgram modified-release capsules,44792,,,,,,,,Co-codamol 30mg/500mg tablets,46241,,,,,Darifenacin 15mg modified-release tablets,46261,67,45306,168,45306,23.74,45306,125,79,46092,73,46224,34,46224,Serum ALT level,14,46224,Serum alkaline phosphatase,76,46224,,,,9,46224,88,46224,4.1,46224,144,46224,7.5,46224,44,46224,0.91,45793,Alcohol units consumed per week,3,45930,,,,,,,2,"Co-codamol 30mg/500mg tablets
Loperamide 2mg capsules",0,,1,Darifenacin 15mg modified-release tablets,,,,,,,,0,0,Seen in urology clinic (16/06/2026),,,,0,0,0,,,Parkinson's disease (15/10/2024),,,,,,,,,,,,,Essential hypertension (23/01/2024),,,,,,,,,,,Tamsulosin 400microgram modified-release capsules (27/08/2026),Finasteride 5mg tablets (27/08/2026),Darifenacin 15mg modified-release tablets (27/08/2026),"Vibegron 75mg tablets (27/08/2026)
(Mirabegron 25mg modified-release tablets (22/01/2024))",Essential hypertension (23/01/2024),Alcohol units consumed per week - 3 (30/09/2025),1,1,1,3,46269,Overactive bladder (16/06/2026),Overactive bladder (16/06/2026),Y,Overactive Bladder,Y,Darifenacin 15mg modified-release tablets (27/08/2026),,,Y,Vibegron 75mg tablets (27/08/2026),Y,Mirabegron 25mg modified-release tablets (22/01/2024),Y,,Y,5,"Co-codamol 30mg/500mg tablets
Loperamide 2mg capsules
Darifenacin 15mg modified-release tablets",Y,Essential hypertension (23/01/2024),,,,,3 - Patients with OAB currently receiving antimuscarinic therapy and beta-3 agonist therapy,,Action: facilitate overactive bladder management review,Action - invite to pharmacist led clinic,Y,Letter,46274,,,,,,,,,,67,168,23.74,Healthy weight (18.5-24.9),,,,,,,,,0,0,Y,,,,Y,,,Y,,,,,,,,,,,,,Y,,,,,,,,,,,,,,,,0.91,45793,,,,,Y,Y,Current,Current,,,125/79,46092,73,46224,144,46224,4.1,46224,7.5,46224,88,46224,14,46224,,,76,46224,9,46224,44,46224,34,46224,,,,,,,,5,"Co-codamol 30mg/500mg tablets
Loperamide 2mg capsules
Darifenacin 15mg modified-release tablets",,,,,,,,,,,,,,,,,,,,,,,,,,,,,,,,,,,,,,,,,,,,,,,,,,,,,,,,,,,,,0,1,1,1,1,0,0,0,0,0,1
,,,502836,37,Male,White British,,,,,,,,,,,,,,,,,,,,,,,,,,,,,,,,,,,,,,,,,,,,,,,,,,,,,,,,,,,,,,,,,,,Type 2 diabetes mellitus,43175,,,,,,,,,,,,,Depression,40409,,,,,,,,,,,,,,,,,,,,,,,Electrocardiographic procedure,45509,,,,,,,,,,,,,,,,,,,,,Duloxetine 20mg gastro-resistant capsules,46262,,,,,,,,,,,,,,,,,,,,,,,Duloxetine 20mg gastro-resistant capsules,45422,,Diazepam 5mg tablets,46262,,,Amitriptyline 25mg tablets,46262,,,67,46223,179,45509,20.91,46223,125,80,46036,90,46006,34,45509,Serum ALT level,93,45131,Serum alkaline phosphatase,97,45131,AST serum level,20,43732,11,45131,59,46006,4.6,45131,141,46006,3.5,46006,47,45131,,,Alcohol intake above recommended sensible limits,,46036,,,,,,,1,Diazepam 5mg tablets,0,,2,"Amitriptyline 25mg tablets
Olanzapine 15mg tablets",,,,,,,,0,0,,,,,0,1,1,,,,,,,,Type 2 diabetes mellitus (16/03/2018),,,,,,,,,,,,,Depression (19/08/2010),,,,,,,,,,,Alcohol intake above recommended sensible limits -  (14/01/2026),0,0,0,0,46269,,,N,,,,,,,,,,Y,,Y,7,"Diazepam 5mg tablets
Amitriptyline 25mg tablets
Olanzapine 15mg tablets",,,,,,,X - Not meeting cohort criteria,,No action: not meeting review criteria,No Action,N,,,,,,,,,,,,67,179,20.91,Healthy weight (18.5-24.9),,,,,,,,,0,0,,,,,Y,,,,,,,,Y,,,,,,,,,Electrocardiographic procedure,45509,,,,,,,,,,,Y,,,,,,,,,,,,,,,125/80,46036,90,46006,141,46006,4.6,45131,3.5,46006,59,46006,93,45131,20,43732,97,45131,11,45131,47,45131,34,45509,,,,,,,,7,"Diazepam 5mg tablets
Amitriptyline 25mg tablets
Olanzapine 15mg tablets",,,,,,,,,,,,,,,,,,,,,,,,,,,,,,,,,,,,,,,,,,,,,,,,,,,,,,,,,,,,,0,0,0,0,0,0,0,0,0,0,1
,,,503298,90,Female,White: English or Welsh or Scottish or Northern Irish or British - England and Wales ethnic category 2011 census,[X]Vascular dementia,43025,Housebound,45352,Lives in a nursing home,45210,On gold standards palliative care framework,45986,,,,,,,,,,,,,,,,,,,,,Palpitations,36424,,,,,Incontinence of urine,42488,,,,,,,,,,,,,,,,,,,,,,,,,MSG:Referred to urologist,41989,,,,,,,Stroke,44554,Hypertensive disease,43773,Stroke,44554,,,,,,,[X]Moderate depressive episode,39286,,,,,ANXIETY,35027,,,Rockwood Clinical Frailty Scale level 6 - moderately frail,45210,Urgency,38253,,,,,,,,,Cystitis,41603,ECG,42986,Echocardiogram abnormal,43026,,,,,PROLAPSE UTEROVAGINAL,33154,,,,Mirabegron 50mg modified-release tablets,46258,Frequency of micturition,,,,,,,,,,,,,,,,,,,Oxybutynin 2.5mg tablets,40973,,Mirabegron 25mg modified-release tablets,42159,,,,,,,,,,,,,,,,,,,47,45999,157.48,45999,19,45999,183,110,45901,90,44335,36,46002,Serum ALT level,15,46002,Serum alkaline phosphatase,110,46002,,,,4,46002,31,46002,3.9,46002,135,46002,3.9,46002,40,46002,,,Alcohol units consumed per week,0,45324,,,,,Palpitations (21/09/1999),[X]Vascular dementia (17/10/2017),0,,0,,0,,,PROLAPSE UTEROVAGINAL (08/10/1990),,,,,,0,0,MSG:Referred to urologist (16/12/2014),,,,0,0,0,,,,,,,Cystitis (25/11/2013),,,,Stroke (24/12/2021),Stroke (24/12/2021),,,,Hypertensive disease (04/11/2019),Echocardiogram abnormal (18/10/2017),,,ANXIETY (24/11/1995),[X]Moderate depressive episode (23/07/2007),Rockwood Clinical Frailty Scale level 6 - moderately frail (11/10/2023),,Urgency (23/09/2004),Incontinence of urine (28/04/2016),,,,(Oxybutynin 2.5mg tablets (05/03/2012)),"Mirabegron 50mg modified-release tablets (24/08/2026)
(Mirabegron 25mg modified-release tablets (04/06/2015))","Palpitations (21/09/1999)
[X]Vascular dementia (17/10/2017)
Hypertensive disease (04/11/2019)
Echocardiogram abnormal (18/10/2017)",Alcohol units consumed per week - 0 (02/02/2024),0,1,1,2,46269,,,Y,Overactive Bladder,,,Y,Oxybutynin 2.5mg tablets (05/03/2012),Y,Mirabegron 50mg modified-release tablets (24/08/2026),Y,Mirabegron 25mg modified-release tablets (04/06/2015),,,,0,,Y,"Palpitations (21/09/1999)
[X]Vascular dementia (17/10/2017)
Hypertensive disease (04/11/2019)
Echocardiogram abnormal (18/10/2017)",,,,,2 - Patients with OAB currently receiving beta-3 agonist therapy only,,Action: facilitate overactive bladder management review,Action - invite to pharmacist led clinic,Y,Letter,46274,,,,,,,,,,47,157.48,19,Healthy weight (18.5-24.9),,,Y,,,,,,0,0,Y,,,,Y,,,,,,,Y,,,,Y,Y,,,,Y,ECG,42986,Y,,,,,,,Y,Y,Y,Y,Y,,,,Y,Y,,,,,Past,Current,,,183/110,45901,90,44335,135,46002,3.9,46002,3.9,46002,31,46002,15,46002,,,110,46002,4,46002,40,46002,36,46002,,,,,,,,0,,,,,,,,,,,,,,,,,,,,,,,,,,,,,,,,,,,,,,,,,,,,,,,,,,,,,,,,,,,,,,0,1,1,1,1,0,0,0,0,0,0
,,,503357,28,Female,White British - ethnic category 2001 census,,,,,,,,,,,,,,,,,,,,,,,,,,,,,,,Dizzy spells,45232,,,,,,,,,,,,,,,,,Pregnancy,45365,,,,,,,,,,,,,,,Seen in gynaecology clinic,45484,,,,,,,,,,,,,,,Mixed anxiety and depressive disorder,45792,,,,,,,,,,,,,,,,,,,,,,,,,,,,,,,,,Solifenacin 5mg tablets,46233,,,,,,,,,,,Duloxetine 30mg gastro-resistant capsules,46230,Review of medication,,,,,,,,,,,,,,,,,,,,,,Duloxetine 60mg gastro-resistant capsules,,,,,,,,,Solifenacin 5mg tablets,46233,84,45629,174.5,45365,27.59,45629,124,80,46114,90,45253,35,44591,Serum ALT level,46,45253,Serum alkaline phosphatase,73,45253,,,,5,45253,68,45253,4.9,45253,137,45253,4.3,45253,50,45253,,,Alcohol intake within recommended sensible limits,,45629,,,,Dizzy spells (02/11/2023),,,0,,0,,1,Solifenacin 5mg tablets,,,,,,,,0,0,,,Seen in gynaecology clinic (11/07/2024),Pregnancy (14/03/2024),0,1,1,,,,,,,,,,,,,,,,,,,,,Mixed anxiety and depressive disorder (15/05/2025),,,,,,,,Solifenacin 5mg tablets (30/07/2026),,Dizzy spells (02/11/2023),Alcohol intake within recommended sensible limits -  (03/12/2024),1,0,0,1,46269,,,Y,Overactive Bladder,Y,Solifenacin 5mg tablets (30/07/2026),,,,,,,,,Y,3,Solifenacin 5mg tablets,Y,Dizzy spells (02/11/2023),,,,,1 - Patients with OAB currently receiving antimuscarinic therapy only,,Action: facilitate overactive bladder management review,Action - invite to pharmacist led clinic,Y,Letter,46274,,,,,,,,,,84,174.5,27.59,Overweight (25-29.9),,,,,,,,,0,0,,,Y,Y,Y,,,,,,,,,,,,,,,,,,,,,,,,,Y,,,,Y,,,,,,,,,,,Current,,,,124/80,46114,90,45253,137,45253,4.9,45253,4.3,45253,68,45253,46,45253,,,73,45253,5,45253,50,45253,35,44591,,,,,,,,3,Solifenacin 5mg tablets,,,,,,,,,,,,,,,,,,,,,,,,,,,,,,,,,,,,,,,,,,,,,,,,,,,,,,,,,,,,,0,1,1,1,1,0,0,0,0,0,1
,,,503415,66,Male,White British - ethnic category 2001 census,,,,,,,On gold standards palliative care framework,45902,,,Malignant neoplasm of stomach,46240,,,,,,,,,,,Constipation,46259,,,,,,,,,,,,,,,,,,,,,,,,,,,,,,,,,,,,,,,,,,,Type 2 diabetes mellitus,45089,,,,,,,,,,,,,,,,,,,,,,,,,,,,,,,,,,,,,,,,,,,,,,,,,,,,,,,,,,,Duloxetine 40mg gastro-resistant capsules,46268,,,,,,,,,,,,,,,,,,,,,,,,,,,,,,,,,,105,45940,186.5,45883,30.2,46230,118,76,46251,90,46258,35,45992,Serum ALT level,25,45992,Serum alkaline phosphatase,63,45992,AST serum level,22,45213,7,45992,57,46258,4.1,46258,139,46258,3.3,46258,44,45992,0.51,45349,Alcohol units consumed per week,2,45512,Constipation (25/08/2026),,,,,,0,,0,,0,,,,,,,,,1,1,,,,,0,0,0,,,,,,,,Type 2 diabetes mellitus (12/06/2023),Malignant neoplasm of stomach (06/08/2026),,,,,,,,,,,,,,,,,,,,,,Constipation (25/08/2026),Alcohol units consumed per week - 2 (08/08/2024),0,0,0,0,46269,,,N,,,,,,,,,,,,,0,,Y,Constipation (25/08/2026),,,,,X - Not meeting cohort criteria,,No action: not meeting review criteria,No Action,N,,,,,,,,,,,,105,186.5,30.2,Obesity I (30-34.9),,,,,,,,,1,1,,,,,Y,,,,,,,,Y,Y,,,,,,,,,,,,,Y,,,,,,,,,,0.51,45349,,,,,,,,,,,118/76,46251,90,46258,139,46258,4.1,46258,3.3,46258,57,46258,25,45992,22,45213,63,45992,7,45992,44,45992,35,45992,,,,,,,,0,,,,,,,,,,,,,,,,,,,,,,,,,,,,,,,,,,,,,,,,,,,,,,,,,,,,,,,,,,,,,,0,0,0,0,0,0,0,0,0,0,1
,,,504071,93,Male,White: English or Welsh or Scottish or Northern Irish or British - England and Wales ethnic category 2011 census,,,Housebound,46067,Lives in a residential home,45860,Gold standards framework prognostic indicator stage B (green) - months prognosis,46063,Blood in urine - haematuria,45523,,,,,,,,,,,,,Constipation,42178,,,,,,,,,,,Incontinence of urine,45663,,,,,,,,,,,,,,,Recurrent urinary tract infection,44085,,,,,,,,,Seen in urology clinic,44526,,,,,Type 2 diabetes mellitus,45274,,,Essential hypertension,45261,,,Atrial fibrillation and flutter,45261,,,,,,,,,,,,,Falls,45595,Rockwood Clinical Frailty Scale level 6 - moderately frail,45663,Urgency,41964,Urinary frequency,44067,[D]Night sweats,41333,,,,,,,Exercise ECG,36559,ECG: heart block,41730,Calculus of kidney,43251,,,,,,,,Mirabegron 25mg modified-release tablets,46269,,Finasteride 5mg tablets,46258,Recurrent urinary tract infection,,,,,,,,,,,,,,,,Darifenacin 7.5mg modified-release tablets,43588,Recurrent urinary tract infection,Mirabegron 25mg modified-release tablets,42971,,Tamsulosin 400microgram modified-release tablets,,Urgency,Finasteride 5mg tablets,41892,Urgency,,,,,,,,,,,,67.8,46112,167.64,46037,20.5,46037,125,85,46224,45,46097,42,45874,Serum ALT level,12,46097,Serum alkaline phosphatase,274,46097,,,,8,46097,129,46097,4.5,46097,143,46097,12.4,46097,32,46097,0.42,45427,Alcohol units consumed per week,0,44950,Constipation (23/06/2015),,,,,,0,,0,,0,,,Calculus of kidney (31/05/2018),,,,Blood in urine - haematuria (19/08/2024),Recurrent urinary tract infection (11/09/2020),0,0,Seen in urology clinic (26/11/2021),,,,0,0,0,,,,,[D]Night sweats (28/02/2013),,,Type 2 diabetes mellitus (14/12/2023),,,,,Atrial fibrillation and flutter (01/12/2023),,,Essential hypertension (01/12/2023),ECG: heart block (01/04/2014),,,,,Rockwood Clinical Frailty Scale level 6 - moderately frail (06/01/2025),Falls (30/10/2024),Urgency (21/11/2014),Incontinence of urine (06/01/2025),Urinary frequency (24/08/2020),,Finasteride 5mg tablets (24/08/2026),(Darifenacin 7.5mg modified-release tablets (03/05/2019)),"Mirabegron 25mg modified-release tablets (04/09/2026)
(Mirabegron 25mg modified-release tablets (24/08/2017))","Constipation (23/06/2015)
Essential hypertension (01/12/2023)
ECG: heart block (01/04/2014)",Alcohol units consumed per week - 0 (24/01/2023),0,1,1,0,46269,,,N,,,,Y,Darifenacin 7.5mg modified-release tablets (03/05/2019),Y,Mirabegron 25mg modified-release tablets (04/09/2026),Y,Mirabegron 25mg modified-release tablets (24/08/2017),,,,0,,Y,"Constipation (23/06/2015)
Essential hypertension (01/12/2023)
ECG: heart block (01/04/2014)",,,,,X - Not meeting cohort criteria,,No action: not meeting review criteria,No Action,N,,,,,,,,,,,,67.8,167.64,20.5,Healthy weight (18.5-24.9),,,Y,,,,Y,Y,0,0,Y,,,,Y,,,,,Y,,,Y,,,,,Y,,,Y,Exercise ECG,36559,Y,,,Y,,,,,,,,Y,Y,0.42,45427,Y,Y,Y,,,Y,Past,Current,,,125/85,46224,45,46097,143,46097,4.5,46097,12.4,46097,129,46097,12,46097,,,274,46097,8,46097,32,46097,42,45874,,,,,,,,0,,,,,,,,,,,,,,,,,,,,,,,,,,,,,,,,,,,,,,,,,,,,,,,,,,,,,,,,,,,,,,0,0,0,0,0,0,0,0,0,0,1
,,,504164,28,Male,White: English or Welsh or Scottish or Northern Irish or British - England and Wales ethnic category 2011 census,,,,,,,,,,,,,,,,,,,,,,,,,,,,,,,,,,,[D]Enuresis NOS,41884,Overactive bladder,45369,Overactive bladder,45428,,,,,,,,,,,,,,,,,,,,,Seen in urology clinic,45747,,,,,,,,,,,,,,,,,,,Mixed anxiety and depressive disorder,43276,,,,,Feeling anxious,43781,,,,,,,,,,,,,,,,,ECG - general,43507,,,,,,,,,Solifenacin 10mg tablets,46265,,Mirabegron 50mg modified-release tablets,46047,,,,,,,,,,,,,,,,,,,,Solifenacin 10mg tablets,45751,,Mirabegron 50mg modified-release tablets,45751,,,,,,,,,,,Venlafaxine 75mg modified-release capsules,46265,,,,,Solifenacin 10mg tablets,46265,,,,,,,130,86,45749,76,46031,37,46031,Serum ALT level,46,46031,Serum alkaline phosphatase,66,46031,,,,7,46031,101,46031,4.5,46031,143,46031,5.3,46031,45,46031,,,,,,,,,,,,1,Venlafaxine 75mg modified-release capsules,0,,1,Solifenacin 10mg tablets,,,,,,,,0,0,Seen in urology clinic (31/03/2025),,,,0,0,0,,,,,,,,,,,,,,,,,,,,Feeling anxious (12/11/2019),Mixed anxiety and depressive disorder (25/06/2018),,,,[D]Enuresis NOS (02/09/2014),,,,"Solifenacin 10mg tablets (31/08/2026)
(Solifenacin 10mg tablets (04/04/2025))","Mirabegron 50mg modified-release tablets (25/01/2026)
(Mirabegron 50mg modified-release tablets (04/04/2025))",,,1,1,1,3,46269,Overactive bladder (18/03/2024),Overactive bladder (16/05/2024),Y,Overactive Bladder,Y,Solifenacin 10mg tablets (31/08/2026),Y,Solifenacin 10mg tablets (04/04/2025),Y,Mirabegron 50mg modified-release tablets (25/01/2026),Y,Mirabegron 50mg modified-release tablets (04/04/2025),Y,,Y,4,"Venlafaxine 75mg modified-release capsules
Solifenacin 10mg tablets",,,,,,,3 - Patients with OAB currently receiving antimuscarinic therapy and beta-3 agonist therapy,,Action: facilitate overactive bladder management review,Action - invite to pharmacist led clinic,Y,Letter,46274,,,,,,,,,,,,,,,,,,,,,,0,0,Y,,,,Y,,,,,,,,,,,,,,,,,ECG - general,43507,,,,,,,,,,Y,Y,,,,,,Y,,,,,Current,Current,,,130/86,45749,76,46031,143,46031,4.5,46031,5.3,46031,101,46031,46,46031,,,66,46031,7,46031,45,46031,37,46031,,,,,,,,4,"Venlafaxine 75mg modified-release capsules
Solifenacin 10mg tablets",,,,,,,,,,,,,,,,,,,,,,,,,,,,,,,,,,,,,,,,,,,,,,,,,,,,,,,,,,,,,0,1,1,1,1,0,0,0,0,0,0
,,,504443,85,Female,White British - ethnic category 2001 census,Dementia,45204,,,,,,,,,,,,,,,,,,,,,,,,,,,,,Dizziness symptom,39009,,,Urinary incontinence,41883,,,,,,,,,,,,,,,,,,,,,,,,,Referred to urologist,41708,,,,,,,Ischaemic heart disease,42466,,,,,,,Ischaemic heart disease,42466,,,,,,,,,,,,,,,[D] Urge incontinence,42585,,,,,,,,,,,,,Acute ST segment elevation myocardial infarction,41131,,,,,,,Darifenacin 7.5mg modified-release tablets,46244,,,,,,,,,,,,,,,,,,,,,,,Darifenacin 7.5mg modified-release tablets,42835,,,,,,,,,,,,,,Isosorbide mononitrate 40mg modified-release tablets,46244,,,,,Darifenacin 7.5mg modified-release tablets,46244,69,46164,153,46140,29.5,46140,124,76,46223,35,46177,47,46177,Serum ALT level,16,46177,Serum alkaline phosphatase,129,46177,AST,21,37404,7,46177,127,46177,4.7,46177,141,46177,6.4,46177,44,46177,,,Alcohol units consumed per week,0,46140,,,,Dizziness symptom (19/10/2006),,Dementia (05/10/2023),1,Isosorbide mononitrate 40mg modified-release tablets,0,,1,Darifenacin 7.5mg modified-release tablets,,,,,,,,0,0,Referred to urologist (10/03/2014),,,,0,0,0,,,,,,,,,,,Ischaemic heart disease (06/04/2016),,,,Ischaemic heart disease (06/04/2016),,Acute ST segment elevation myocardial infarction (10/08/2012),,,,,,,[D] Urge incontinence (03/08/2016),Urinary incontinence (01/09/2014),,,,"Darifenacin 7.5mg modified-release tablets (10/08/2026)
(Darifenacin 7.5mg modified-release tablets (10/04/2017))",,"Dizziness symptom (19/10/2006)
Dementia (05/10/2023)
Acute ST segment elevation myocardial infarction (10/08/2012)",Alcohol units consumed per week - 0 (28/04/2026),1,0,1,1,46269,,,Y,Overactive Bladder,Y,Darifenacin 7.5mg modified-release tablets (10/08/2026),Y,Darifenacin 7.5mg modified-release tablets (10/04/2017),,,,,Y,,Y,4,"Isosorbide mononitrate 40mg modified-release tablets
Darifenacin 7.5mg modified-release tablets",Y,"Dizziness symptom (19/10/2006)
Dementia (05/10/2023)
Acute ST segment elevation myocardial infarction (10/08/2012)",,,,,1 - Patients with OAB currently receiving antimuscarinic therapy only,,Action: facilitate overactive bladder management review,Action - invite to pharmacist led clinic,Y,Letter,46274,,,,,,,,,,69,153,29.5,Overweight (25-29.9),,,,,,,,,0,0,Y,,,,Y,,,,,,,,,,,Y,,,,Y,,,,Y,,,,,,Y,,Y,,,,,,,Y,Y,,,,,Current,,,,124/76,46223,35,46177,141,46177,4.7,46177,6.4,46177,127,46177,16,46177,21,37404,129,46177,7,46177,44,46177,47,46177,,,,,,,,4,"Isosorbide mononitrate 40mg modified-release tablets
Darifenacin 7.5mg modified-release tablets",,,,,,,,,,,,,,,,,,,,,,,,,,,,,,,,,,,,,,,,,,,,,,,,,,,,,,,,,,,,,0,1,1,1,1,0,0,0,0,0,0
,,,504668,72,Female,White: English or Welsh or Scottish or Northern Irish or British - England and Wales ethnic category 2011 census,,,,,,,,,,,,,,,,,,,,,,,Constipation,41073,Dry mouth,43412,,,Sinus tachycardia,35759,,,,,,,,,,,,,,,,,,,,,,,,,,,,,,,,,,,,,,,,,,,,,,,,,,,Mixed anxiety and depressive disorder,43412,,,,,,,Falls,44032,,,Urge incontinence of urine,2011,,,,,,,,,,,12 lead ECG,45552,Echocardiogram abnormal,45393,,,,,,,Propiverine 30mg modified-release capsules,46241,,,,,,,,,,,,,,,,,,,,,,,Propiverine 30mg modified-release capsules,43613,,,,,,,,,,,,,,Zomorph 30mg modified-release capsules (Ethypharm UK Ltd),46241,,,,,Propiverine 30mg modified-release capsules,46241,50.1,45730,,,50.8,45730,152,80,46217,63,45360,38,45361,Serum ALT level,16,45360,Serum alkaline phosphatase,190,46217,,,,3,45360,82,45360,4.8,45360,138,45360,9.1,45360,45,46217,,,Alcohol consumption,0,45022,Constipation (13/06/2012),,Dry mouth (08/11/2018),,Sinus tachycardia (25/11/1997),,1,Zomorph 30mg modified-release capsules (Ethypharm UK Ltd),0,,1,Propiverine 30mg modified-release capsules,,,,,,,,0,0,,,,,0,0,0,,,,,,,,,,,,,,,,,Echocardiogram abnormal (11/04/2024),,,,Mixed anxiety and depressive disorder (08/11/2018),,Falls (20/07/2020),Urge incontinence of urine (03/07/1905),,,,,"Propiverine 30mg modified-release capsules (07/08/2026)
(Propiverine 30mg modified-release capsules (28/05/2019))",,"Constipation (13/06/2012)
Dry mouth (08/11/2018)
Sinus tachycardia (25/11/1997)
Echocardiogram abnormal (11/04/2024)",Alcohol consumption - 0 (06/04/2023),1,0,1,1,46269,,,Y,Overactive Bladder,Y,Propiverine 30mg modified-release capsules (07/08/2026),Y,Propiverine 30mg modified-release capsules (28/05/2019),,,,,Y,,Y,4,"Zomorph 30mg modified-release capsules (Ethypharm UK Ltd)
Propiverine 30mg modified-release capsules",Y,"Constipation (13/06/2012)
Dry mouth (08/11/2018)
Sinus tachycardia (25/11/1997)
Echocardiogram abnormal (11/04/2024)",,,,,1 - Patients with OAB currently receiving antimuscarinic therapy only,,Action: facilitate overactive bladder management review,Action - invite to pharmacist led clinic,Y,Letter,46274,,,,,,,,,,50.1,,50.8,Obesity III (40 or more),,,,,,,,,0,0,,,,,Y,,,,,,,,,,,,,,,,,12 lead ECG,45552,Y,,,Y,,Y,,Y,,,Y,,Y,,,Y,,,,,,Current,,,,152/80,46217,63,45360,138,45360,4.8,45360,9.1,45360,82,45360,16,45360,,,190,46217,3,45360,45,46217,38,45361,,,,,,,,4,"Zomorph 30mg modified-release capsules (Ethypharm UK Ltd)
Propiverine 30mg modified-release capsules",,,,,,,,,,,,,,,,,,,,,,,,,,,,,,,,,,,,,,,,,,,,,,,,,,,,,,,,,,,,,0,1,1,1,1,0,0,0,0,0,0
,,,504714,65,Female,White: English or Welsh or Scottish or Northern Irish or British - England and Wales ethnic category 2011 census,Vascular dementia,46084,Housebound,45981,Lives in care home,46190,,,,,,,,,,,,,,,,,,,,,,,,,Dizziness symptom,38379,,,Incontinence of urine,40927,,,,,,,,,,,,,ANTENATAL CARE,35867,,,,,,,,,,,,,,,SEEN IN GYNAECOLOGY CLINIC,33486,,,Transient cerebral ischaemia,41834,,,,,,,,,,,Depressive disorder NEC,42209,,,,,Anxiousness,41758,,,Rockwood Clinical Frailty Scale level 6 - moderately frail,46002,Urgency,40018,,,,,,,,,Cystitis,38749,24 Hour ECG,42846,,,,,,,,,,,,Mirabegron 50mg modified-release tablets,46262,,,,,,,,,,,,,,,,,,,,Oxybutynin 10mg modified-release tablets,,,Mirabegron 50mg modified-release tablets,43430,,,,,,,,,,,,,,,,,,,48.4,46190,152.4,46148,20.84,46190,87,59,46000,81,46149,32,46149,Serum ALT level,33,46149,Serum alkaline phosphatase,119,46149,,,,5,46149,64,46149,4.6,46149,144,46149,5,46149,42,46149,,,Alcohol units consumed per week,3,44865,,,,Dizziness symptom (27/01/2005),,Vascular dementia (03/03/2026),0,,0,,0,,,,,,,,,0,0,,,SEEN IN GYNAECOLOGY CLINIC (05/09/1991),ANTENATAL CARE (13/03/1998),0,0,0,,,,,,,Cystitis (01/02/2006),,,,Transient cerebral ischaemia (14/07/2014),,,,,,,,,Anxiousness (29/04/2014),Depressive disorder NEC (24/07/2015),Rockwood Clinical Frailty Scale level 6 - moderately frail (11/12/2025),,Urgency (24/07/2009),Incontinence of urine (19/01/2012),,,,,"Mirabegron 50mg modified-release tablets (28/08/2026)
(Mirabegron 50mg modified-release tablets (26/11/2018))","Dizziness symptom (27/01/2005)
Vascular dementia (03/03/2026)",Alcohol units consumed per week - 3 (31/10/2022),0,1,1,0,46269,,,N,,,,,,Y,Mirabegron 50mg modified-release tablets (28/08/2026),Y,Mirabegron 50mg modified-release tablets (26/11/2018),,,,0,,Y,"Dizziness symptom (27/01/2005)
Vascular dementia (03/03/2026)",,,,,X - Not meeting cohort criteria,,No action: not meeting review criteria,No Action,N,,,,,,,,,,,,48.4,152.4,20.84,Healthy weight (18.5-24.9),,,,,,,,,0,0,,,Y,Y,Y,,,,,,,Y,,,,Y,,,,,,24 Hour ECG,42846,,,,,,,Y,,Y,Y,Y,Y,,,,Y,Y,,,,,,Current,,,87/59,46000,81,46149,144,46149,4.6,46149,5,46149,64,46149,33,46149,,,119,46149,5,46149,42,46149,32,46149,,,,,,,,0,,,,,,,,,,,,,,,,,,,,,,,,,,,,,,,,,,,,,,,,,,,,,,,,,,,,,,,,,,,,,,0,0,0,0,0,0,0,0,0,0,0
,,,504827,76,Female,White: English or Welsh or Scottish or Northern Irish or British - England and Wales ethnic category 2011 census,,,,,,,,,,,Invasive carcinoma of breast,45954,,,,,,,,,Glaucoma,46147,Constipation NOS,39198,Xerostomia,45120,,,,,,,,,,,,,,,,,,,,,,,,,,,,,,,,,,,,,,,Seen in gynaecology clinic,40051,,,,,,,,,,,,,,,,,,,,,,,,,,,Urgent desire to urinate,45504,,,,,,,,,Cystitis,39849,,,,,,,,,,,Solifenacin 5mg tablets,46259,Urge incontinence of urine,,,,,,,,,,,,,,,,,,,,,,Solifenacin 5mg tablets,41001,Urge incontinence of urine,,,,,,,,,,,,,,,,,,,Solifenacin 5mg tablets,46259,71.66,46210,154.94,46210,29.85,46210,133,85,46125,81,46185,39,45908,Serum ALT level,18,46141,Serum alkaline phosphatase,63,46185,,,,6,46141,62,46185,4.2,46185,139,46185,6.9,46185,48,46185,,,Drinks rarely,,44488,Constipation NOS (26/04/2007),Glaucoma (05/05/2026),Xerostomia (13/07/2023),,,,0,,0,,1,Solifenacin 5mg tablets,,,,,,,,0,0,,,Seen in gynaecology clinic (26/08/2009),,0,0,0,,,,,,,Cystitis (05/02/2009),,Invasive carcinoma of breast (24/10/2025),,,,,,,,,,,,,,,Urgent desire to urinate (31/07/2024),,,,,"Solifenacin 5mg tablets (25/08/2026)
(Solifenacin 5mg tablets (02/04/2012))",,"Constipation NOS (26/04/2007)
Glaucoma (05/05/2026)
Xerostomia (13/07/2023)",Drinks rarely -  (19/10/2021),1,0,1,1,46269,,,Y,Overactive Bladder,Y,Solifenacin 5mg tablets (25/08/2026),Y,Solifenacin 5mg tablets (02/04/2012),,,,,,,Y,3,Solifenacin 5mg tablets,Y,"Constipation NOS (26/04/2007)
Glaucoma (05/05/2026)
Xerostomia (13/07/2023)",,,,,1 - Patients with OAB currently receiving antimuscarinic therapy only,,Action: facilitate overactive bladder management review,Action - invite to pharmacist led clinic,Y,Letter,46274,,,,,,,,,,71.66,154.94,29.85,Overweight (25-29.9),,,,,,,,,0,0,,,Y,,Y,,,,,,,Y,,Y,,,,,,,,,,,,,Y,Y,Y,,,,,,,,,,Y,,,,,,Current,,,,133/85,46125,81,46185,139,46185,4.2,46185,6.9,46185,62,46185,18,46141,,,63,46185,6,46141,48,46185,39,45908,,,,,,,,3,Solifenacin 5mg tablets,,,,,,,,,,,,,,,,,,,,,,,,,,,,,,,,,,,,,,,,,,,,,,,,,,,,,,,,,,,,,0,1,1,1,1,0,0,0,0,0,0
